nom du fichier;temps_debut;temps_fin;frequence_mediane;tadarida_taxon;tadarida_probabilite;tadarida_taxon_autre;observateur_taxon;observateur_probabilite;validateur_taxon;validateur_probabilite
Car640380-2026-Pass2-Z1-PaRecPR1925492_20260422_202623_000;0.4;2.5;153.0;noise;0.86;"""";"""";"""";"""";""""
Car640380-2026-Pass2-Z1-PaRecPR1925492_20260422_202629_000;0.2;2.4;153.0;noise;0.81;"""";"""";"""";"""";""""
Car640380-2026-Pass2-Z1-PaRecPR1925492_20260422_202629_000;0.2;0.3;9.0;piaf;0.54;"""";"""";"""";"""";""""
Car640380-2026-Pass2-Z1-PaRecPR1925492_20260422_202640_000;2.1;2.2;188.0;noise;0.59;"""";"""";"""";"""";""""
Car640380-2026-Pass2-Z1-PaRecPR1925492_20260422_202640_000;0.5;4.4;8.0;piaf;0.97;"""";"""";"""";"""";""""
Car640380-2026-Pass2-Z1-PaRecPR1925492_20260422_202640_000;0.0;4.4;154.0;Rhihip;0.1;"""";"""";"""";"""";""""
Car640380-2026-Pass2-Z1-PaRecPR1925492_20260422_202650_000;0.4;4.9;153.0;noise;0.77;"""";"""";"""";"""";""""
Car640380-2026-Pass2-Z1-PaRecPR1925492_20260422_202650_000;0.2;4.6;10.0;piaf;0.91;"""";"""";"""";"""";""""
Car640380-2026-Pass2-Z1-PaRecPR1925492_20260422_202702_000;0.0;2.4;153.0;noise;0.87;"""";"""";"""";"""";""""
Car640380-2026-Pass2-Z1-PaRecPR1925492_20260422_202702_000;0.6;2.4;9.0;piaf;0.94;"""";"""";"""";"""";""""
Car640380-2026-Pass2-Z1-PaRecPR1925492_20260422_202712_000;0.1;2.0;154.0;noise;0.94;"""";"""";"""";"""";""""
Car640380-2026-Pass2-Z1-PaRecPR1925492_20260422_202717_000;0.4;2.6;154.0;noise;0.95;"""";"""";"""";"""";""""
Car640380-2026-Pass2-Z1-PaRecPR1925492_20260422_202723_000;0.4;2.1;153.0;noise;0.93;"""";"""";"""";"""";""""
Car640380-2026-Pass2-Z1-PaRecPR1925492_20260422_202723_000;0.7;0.8;8.0;piaf;0.99;"""";"""";"""";"""";""""
Car640380-2026-Pass2-Z1-PaRecPR1925492_20260422_202729_000;0.4;2.6;153.0;noise;0.92;"""";"""";"""";"""";""""
Car640380-2026-Pass2-Z1-PaRecPR1925492_20260422_202729_000;0.4;1.6;9.0;piaf;0.99;"""";"""";"""";"""";""""
Car640380-2026-Pass2-Z1-PaRecPR1925492_20260422_202734_000;0.0;2.4;153.0;noise;0.95;"""";"""";"""";"""";""""
Car640380-2026-Pass2-Z1-PaRecPR1925492_20260422_202740_000;0.4;5.0;153.0;noise;0.83;"""";"""";"""";"""";""""
Car640380-2026-Pass2-Z1-PaRecPR1925492_20260422_202740_000;0.0;3.9;8.0;piaf;0.97;"""";"""";"""";"""";""""
Car640380-2026-Pass2-Z1-PaRecPR1925492_20260422_202745_000;0.0;1.7;153.0;noise;0.95;"""";"""";"""";"""";""""
Car640380-2026-Pass2-Z1-PaRecPR1925492_20260422_202745_000;0.0;1.4;84.0;piaf;0.91;"""";"""";"""";"""";""""
Car640380-2026-Pass2-Z1-PaRecPR1925492_20260422_202748_000;0.4;1.9;153.0;noise;0.96;"""";"""";"""";"""";""""
Car640380-2026-Pass2-Z1-PaRecPR1925492_20260422_202748_000;0.3;1.7;9.0;piaf;0.99;"""";"""";"""";"""";""""
Car640380-2026-Pass2-Z1-PaRecPR1925492_20260422_202756_000;0.1;2.4;153.0;noise;0.96;"""";"""";"""";"""";""""
Car640380-2026-Pass2-Z1-PaRecPR1925492_20260422_202758_000;0.0;2.6;153.0;noise;0.92;"""";"""";"""";"""";""""
Car640380-2026-Pass2-Z1-PaRecPR1925492_20260422_202758_000;0.3;0.7;7.0;piaf;0.99;"""";"""";"""";"""";""""
Car640380-2026-Pass2-Z1-PaRecPR1925492_20260422_202809_000;0.4;3.6;154.0;noise;0.95;"""";"""";"""";"""";""""
Car640380-2026-Pass2-Z1-PaRecPR1925492_20260422_202819_000;0.4;2.4;153.0;noise;0.96;"""";"""";"""";"""";""""
Car640380-2026-Pass2-Z1-PaRecPR1925492_20260422_202819_000;0.2;2.4;9.0;piaf;0.99;"""";"""";"""";"""";""""
Car640380-2026-Pass2-Z1-PaRecPR1925492_20260422_202824_000;0.4;3.4;154.0;noise;0.94;"""";"""";"""";"""";""""
Car640380-2026-Pass2-Z1-PaRecPR1925492_20260422_202824_000;0.7;1.5;9.0;piaf;0.99;"""";"""";"""";"""";""""
Car640380-2026-Pass2-Z1-PaRecPR1925492_20260422_202828_000;0.0;2.0;153.0;noise;0.98;"""";"""";"""";"""";""""
Car640380-2026-Pass2-Z1-PaRecPR1925492_20260422_202831_000;0.4;5.0;153.0;noise;0.85;"""";"""";"""";"""";""""
Car640380-2026-Pass2-Z1-PaRecPR1925492_20260422_202831_000;0.3;1.1;8.0;piaf;0.95;"""";"""";"""";"""";""""
Car640380-2026-Pass2-Z1-PaRecPR1925492_20260422_202838_000;0.1;4.4;153.0;noise;0.91;"""";"""";"""";"""";""""
Car640380-2026-Pass2-Z1-PaRecPR1925492_20260422_202846_000;0.4;2.7;154.0;noise;0.93;"""";"""";"""";"""";""""
Car640380-2026-Pass2-Z1-PaRecPR1925492_20260422_202846_000;0.3;2.3;9.0;piaf;0.99;"""";"""";"""";"""";""""
Car640380-2026-Pass2-Z1-PaRecPR1925492_20260422_202850_000;0.4;5.0;154.0;noise;0.93;"""";"""";"""";"""";""""
Car640380-2026-Pass2-Z1-PaRecPR1925492_20260422_202850_000;0.2;2.1;8.0;piaf;0.99;"""";"""";"""";"""";""""
Car640380-2026-Pass2-Z1-PaRecPR1925492_20260422_202855_000;0.0;0.2;154.0;noise;0.97;"""";"""";"""";"""";""""
Car640380-2026-Pass2-Z1-PaRecPR1925492_20260422_202858_000;0.2;2.5;153.0;noise;0.93;"""";"""";"""";"""";""""
Car640380-2026-Pass2-Z1-PaRecPR1925492_20260422_202904_000;0.1;2.7;153.0;noise;0.93;"""";"""";"""";"""";""""
Car640380-2026-Pass2-Z1-PaRecPR1925492_20260422_202904_000;0.3;1.0;8.0;piaf;0.99;"""";"""";"""";"""";""""
Car640380-2026-Pass2-Z1-PaRecPR1925492_20260422_202910_000;0.2;2.7;153.0;noise;0.96;"""";"""";"""";"""";""""
Car640380-2026-Pass2-Z1-PaRecPR1925492_20260422_202910_000;0.7;0.8;14.0;piaf;0.96;"""";"""";"""";"""";""""
Car640380-2026-Pass2-Z1-PaRecPR1925492_20260422_202918_000;0.3;2.0;154.0;noise;0.97;"""";"""";"""";"""";""""
Car640380-2026-Pass2-Z1-PaRecPR1925492_20260422_202923_000;0.0;2.8;153.0;noise;0.89;"""";"""";"""";"""";""""
Car640380-2026-Pass2-Z1-PaRecPR1925492_20260422_202923_000;0.2;1.4;10.0;piaf;0.99;"""";"""";"""";"""";""""
Car640380-2026-Pass2-Z1-PaRecPR1925492_20260422_202936_000;0.4;2.5;153.0;noise;0.97;"""";"""";"""";"""";""""
Car640380-2026-Pass2-Z1-PaRecPR1925492_20260422_202957_000;0.4;2.0;153.0;noise;0.96;"""";"""";"""";"""";""""
Car640380-2026-Pass2-Z1-PaRecPR1925492_20260422_202957_000;0.5;1.0;77.0;piaf;0.81;"""";"""";"""";"""";""""
Car640380-2026-Pass2-Z1-PaRecPR1925492_20260422_203032_000;0.4;2.1;153.0;noise;0.96;"""";"""";"""";"""";""""
Car640380-2026-Pass2-Z1-PaRecPR1925492_20260422_203410_000;0.3;2.0;153.0;noise;0.97;"""";"""";"""";"""";""""
Car640380-2026-Pass2-Z1-PaRecPR1925492_20260422_203526_000;0.4;3.7;154.0;noise;0.89;"""";"""";"""";"""";""""
Car640380-2026-Pass2-Z1-PaRecPR1925492_20260422_203635_000;0.4;2.0;154.0;noise;0.88;"""";"""";"""";"""";""""
Car640380-2026-Pass2-Z1-PaRecPR1925492_20260422_203642_000;0.4;2.1;153.0;noise;0.95;"""";"""";"""";"""";""""
Car640380-2026-Pass2-Z1-PaRecPR1925492_20260422_203642_000;0.4;1.8;15.0;piaf;0.99;"""";"""";"""";"""";""""
Car640380-2026-Pass2-Z1-PaRecPR1925492_20260422_203656_000;0.2;2.0;154.0;noise;0.89;"""";"""";"""";"""";""""
Car640380-2026-Pass2-Z1-PaRecPR1925492_20260422_203731_000;0.4;2.4;154.0;noise;0.89;"""";"""";"""";"""";""""
Car640380-2026-Pass2-Z1-PaRecPR1925492_20260422_203731_000;0.1;0.5;15.0;piaf;0.99;"""";"""";"""";"""";""""
Car640380-2026-Pass2-Z1-PaRecPR1925492_20260422_203750_000;0.0;2.1;153.0;noise;0.96;"""";"""";"""";"""";""""
Car640380-2026-Pass2-Z1-PaRecPR1925492_20260422_203806_000;0.0;2.5;153.0;noise;0.89;"""";"""";"""";"""";""""
Car640380-2026-Pass2-Z1-PaRecPR1925492_20260422_203810_000;0.4;2.0;153.0;noise;0.94;"""";"""";"""";"""";""""
Car640380-2026-Pass2-Z1-PaRecPR1925492_20260422_203822_000;0.1;3.8;153.0;noise;0.96;"""";"""";"""";"""";""""
Car640380-2026-Pass2-Z1-PaRecPR1925492_20260422_203832_000;0.2;2.1;154.0;noise;0.91;"""";"""";"""";"""";""""
Car640380-2026-Pass2-Z1-PaRecPR1925492_20260422_203842_000;0.4;2.5;154.0;noise;0.96;"""";"""";"""";"""";""""
Car640380-2026-Pass2-Z1-PaRecPR1925492_20260422_203847_000;0.4;2.5;153.0;noise;0.91;"""";"""";"""";"""";""""
Car640380-2026-Pass2-Z1-PaRecPR1925492_20260422_203847_000;0.3;2.2;8.0;piaf;0.99;"""";"""";"""";"""";""""
Car640380-2026-Pass2-Z1-PaRecPR1925492_20260422_203858_000;0.4;2.0;154.0;noise;0.98;"""";"""";"""";"""";""""
Car640380-2026-Pass2-Z1-PaRecPR1925492_20260422_203905_000;0.0;2.4;154.0;noise;0.93;"""";"""";"""";"""";""""
Car640380-2026-Pass2-Z1-PaRecPR1925492_20260422_203905_000;0.2;0.3;24.0;piaf;0.94;"""";"""";"""";"""";""""
Car640380-2026-Pass2-Z1-PaRecPR1925492_20260422_203912_000;0.4;2.5;153.0;noise;0.94;"""";"""";"""";"""";""""
Car640380-2026-Pass2-Z1-PaRecPR1925492_20260422_203912_000;1.3;1.6;77.0;piaf;0.78;"""";"""";"""";"""";""""
Car640380-2026-Pass2-Z1-PaRecPR1925492_20260422_203917_000;0.0;3.5;153.0;noise;0.8;"""";"""";"""";"""";""""
Car640380-2026-Pass2-Z1-PaRecPR1925492_20260422_203917_000;0.1;2.3;27.0;piaf;0.71;"""";"""";"""";"""";""""
Car640380-2026-Pass2-Z1-PaRecPR1925492_20260422_203922_000;0.3;3.9;153.0;noise;0.93;"""";"""";"""";"""";""""
Car640380-2026-Pass2-Z1-PaRecPR1925492_20260422_203922_000;0.4;3.6;16.0;piaf;0.95;"""";"""";"""";"""";""""
Car640380-2026-Pass2-Z1-PaRecPR1925492_20260422_203922_000;0.4;3.7;153.0;Rhifer;0.68;"""";"""";"""";"""";""""
Car640380-2026-Pass2-Z1-PaRecPR1925492_20260422_203930_000;0.3;4.1;153.0;noise;0.85;"""";"""";"""";"""";""""
Car640380-2026-Pass2-Z1-PaRecPR1925492_20260422_203930_000;0.0;0.1;15.0;piaf;0.11;"""";"""";"""";"""";""""
Car640380-2026-Pass2-Z1-PaRecPR1925492_20260422_203942_000;0.1;2.4;154.0;noise;0.9;"""";"""";"""";"""";""""
Car640380-2026-Pass2-Z1-PaRecPR1925492_20260422_203942_000;0.9;1.0;23.0;piaf;0.43;"""";"""";"""";"""";""""
Car640380-2026-Pass2-Z1-PaRecPR1925492_20260422_203949_000;0.4;2.6;153.0;noise;0.94;"""";"""";"""";"""";""""
Car640380-2026-Pass2-Z1-PaRecPR1925492_20260422_203955_000;0.4;3.4;154.0;noise;0.84;"""";"""";"""";"""";""""
Car640380-2026-Pass2-Z1-PaRecPR1925492_20260422_203955_000;0.0;1.4;24.0;piaf;0.98;"""";"""";"""";"""";""""
Car640380-2026-Pass2-Z1-PaRecPR1925492_20260422_204002_000;0.4;2.6;154.0;noise;0.78;"""";"""";"""";"""";""""
Car640380-2026-Pass2-Z1-PaRecPR1925492_20260422_204002_000;0.5;1.5;22.0;piaf;0.94;"""";"""";"""";"""";""""
Car640380-2026-Pass2-Z1-PaRecPR1925492_20260422_204007_000;0.4;3.8;154.0;noise;0.92;"""";"""";"""";"""";""""
Car640380-2026-Pass2-Z1-PaRecPR1925492_20260422_204012_000;0.4;2.6;153.0;noise;0.96;"""";"""";"""";"""";""""
Car640380-2026-Pass2-Z1-PaRecPR1925492_20260422_204019_000;0.4;3.2;153.0;noise;0.83;"""";"""";"""";"""";""""
Car640380-2026-Pass2-Z1-PaRecPR1925492_20260422_204019_000;1.0;2.9;52.0;piaf;0.65;"""";"""";"""";"""";""""
Car640380-2026-Pass2-Z1-PaRecPR1925492_20260422_204026_000;0.4;3.6;154.0;noise;0.94;"""";"""";"""";"""";""""
Car640380-2026-Pass2-Z1-PaRecPR1925492_20260422_204034_000;0.3;3.4;153.0;noise;0.96;"""";"""";"""";"""";""""
Car640380-2026-Pass2-Z1-PaRecPR1925492_20260422_204041_000;0.1;2.5;153.0;noise;0.84;"""";"""";"""";"""";""""
Car640380-2026-Pass2-Z1-PaRecPR1925492_20260422_204044_000;0.0;2.2;153.0;noise;0.89;"""";"""";"""";"""";""""
Car640380-2026-Pass2-Z1-PaRecPR1925492_20260422_204053_000;0.4;2.7;153.0;noise;0.89;"""";"""";"""";"""";""""
Car640380-2026-Pass2-Z1-PaRecPR1925492_20260422_204053_000;0.8;1.2;9.0;piaf;0.91;"""";"""";"""";"""";""""
Car640380-2026-Pass2-Z1-PaRecPR1925492_20260422_204058_000;0.2;2.4;154.0;noise;0.88;"""";"""";"""";"""";""""
Car640380-2026-Pass2-Z1-PaRecPR1925492_20260422_204110_000;0.3;2.5;153.0;noise;0.79;"""";"""";"""";"""";""""
Car640380-2026-Pass2-Z1-PaRecPR1925492_20260422_204116_000;0.4;2.4;153.0;noise;0.93;"""";"""";"""";"""";""""
Car640380-2026-Pass2-Z1-PaRecPR1925492_20260422_204125_000;0.4;2.6;153.0;noise;0.93;"""";"""";"""";"""";""""
Car640380-2026-Pass2-Z1-PaRecPR1925492_20260422_204130_000;0.1;2.6;154.0;noise;0.94;"""";"""";"""";"""";""""
Car640380-2026-Pass2-Z1-PaRecPR1925492_20260422_204130_000;1.9;2.1;7.0;piaf;0.96;"""";"""";"""";"""";""""
Car640380-2026-Pass2-Z1-PaRecPR1925492_20260422_204136_000;0.4;3.5;153.0;noise;0.94;"""";"""";"""";"""";""""
Car640380-2026-Pass2-Z1-PaRecPR1925492_20260422_204136_000;0.3;1.6;14.0;piaf;0.99;"""";"""";"""";"""";""""
Car640380-2026-Pass2-Z1-PaRecPR1925492_20260422_204145_000;0.0;2.4;154.0;noise;0.9;"""";"""";"""";"""";""""
Car640380-2026-Pass2-Z1-PaRecPR1925492_20260422_204145_000;0.4;0.6;15.0;piaf;0.99;"""";"""";"""";"""";""""
Car640380-2026-Pass2-Z1-PaRecPR1925492_20260422_204153_000;0.0;3.1;154.0;noise;0.9;"""";"""";"""";"""";""""
Car640380-2026-Pass2-Z1-PaRecPR1925492_20260422_204153_000;0.0;1.9;11.0;piaf;0.98;"""";"""";"""";"""";""""
Car640380-2026-Pass2-Z1-PaRecPR1925492_20260422_204208_000;0.1;2.5;153.0;noise;0.84;"""";"""";"""";"""";""""
Car640380-2026-Pass2-Z1-PaRecPR1925492_20260422_204208_000;0.1;1.8;14.0;piaf;0.69;"""";"""";"""";"""";""""
Car640380-2026-Pass2-Z1-PaRecPR1925492_20260422_204215_000;0.1;2.6;153.0;noise;0.92;"""";"""";"""";"""";""""
Car640380-2026-Pass2-Z1-PaRecPR1925492_20260422_204226_000;0.3;2.7;153.0;noise;0.98;"""";"""";"""";"""";""""
Car640380-2026-Pass2-Z1-PaRecPR1925492_20260422_204230_000;0.4;2.7;153.0;noise;0.95;"""";"""";"""";"""";""""
Car640380-2026-Pass2-Z1-PaRecPR1925492_20260422_204230_000;2.0;2.1;8.0;piaf;0.35;"""";"""";"""";"""";""""
Car640380-2026-Pass2-Z1-PaRecPR1925492_20260422_204234_000;0.3;1.9;154.0;noise;0.98;"""";"""";"""";"""";""""
Car640380-2026-Pass2-Z1-PaRecPR1925492_20260422_204235_000;0.0;3.5;153.0;noise;0.94;"""";"""";"""";"""";""""
Car640380-2026-Pass2-Z1-PaRecPR1925492_20260422_204243_000;0.3;2.8;153.0;noise;0.95;"""";"""";"""";"""";""""
Car640380-2026-Pass2-Z1-PaRecPR1925492_20260422_204246_000;0.4;2.1;153.0;noise;0.99;"""";"""";"""";"""";""""
Car640380-2026-Pass2-Z1-PaRecPR1925492_20260422_204253_000;0.4;3.6;153.0;noise;0.96;"""";"""";"""";"""";""""
Car640380-2026-Pass2-Z1-PaRecPR1925492_20260422_204300_000;0.4;2.8;153.0;noise;0.91;"""";"""";"""";"""";""""
Car640380-2026-Pass2-Z1-PaRecPR1925492_20260422_204300_000;0.8;0.9;12.0;piaf;0.99;"""";"""";"""";"""";""""
Car640380-2026-Pass2-Z1-PaRecPR1925492_20260422_204306_000;0.4;2.4;153.0;noise;0.97;"""";"""";"""";"""";""""
Car640380-2026-Pass2-Z1-PaRecPR1925492_20260422_204311_000;0.2;3.9;154.0;noise;0.93;"""";"""";"""";"""";""""
Car640380-2026-Pass2-Z1-PaRecPR1925492_20260422_204319_000;0.4;2.6;154.0;noise;0.92;"""";"""";"""";"""";""""
Car640380-2026-Pass2-Z1-PaRecPR1925492_20260422_204326_000;0.4;2.1;154.0;noise;0.93;"""";"""";"""";"""";""""
Car640380-2026-Pass2-Z1-PaRecPR1925492_20260422_204329_000;0.2;2.5;153.0;noise;0.91;"""";"""";"""";"""";""""
Car640380-2026-Pass2-Z1-PaRecPR1925492_20260422_204334_000;0.0;3.1;154.0;noise;0.95;"""";"""";"""";"""";""""
Car640380-2026-Pass2-Z1-PaRecPR1925492_20260422_204341_000;0.3;2.5;153.0;noise;0.87;"""";"""";"""";"""";""""
Car640380-2026-Pass2-Z1-PaRecPR1925492_20260422_204347_000;0.4;3.7;153.0;noise;0.9;"""";"""";"""";"""";""""
Car640380-2026-Pass2-Z1-PaRecPR1925492_20260422_204347_000;0.7;2.1;10.0;piaf;0.99;"""";"""";"""";"""";""""
Car640380-2026-Pass2-Z1-PaRecPR1925492_20260422_204355_000;0.4;5.0;154.0;noise;0.94;"""";"""";"""";"""";""""
Car640380-2026-Pass2-Z1-PaRecPR1925492_20260422_204355_000;0.2;3.2;13.0;piaf;0.95;"""";"""";"""";"""";""""
Car640380-2026-Pass2-Z1-PaRecPR1925492_20260422_204413_000;0.0;2.5;153.0;noise;0.8;"""";"""";"""";"""";""""
Car640380-2026-Pass2-Z1-PaRecPR1925492_20260422_204419_000;0.0;2.6;153.0;noise;0.98;"""";"""";"""";"""";""""
Car640380-2026-Pass2-Z1-PaRecPR1925492_20260422_204425_000;0.3;2.5;153.0;noise;0.9;"""";"""";"""";"""";""""
Car640380-2026-Pass2-Z1-PaRecPR1925492_20260422_204431_000;0.4;2.5;154.0;noise;0.93;"""";"""";"""";"""";""""
Car640380-2026-Pass2-Z1-PaRecPR1925492_20260422_204439_000;0.3;2.5;154.0;noise;0.92;"""";"""";"""";"""";""""
Car640380-2026-Pass2-Z1-PaRecPR1925492_20260422_204453_000;0.4;2.1;153.0;noise;0.96;"""";"""";"""";"""";""""
Car640380-2026-Pass2-Z1-PaRecPR1925492_20260422_204453_000;0.1;2.0;146.0;piaf;0.88;"""";"""";"""";"""";""""
Car640380-2026-Pass2-Z1-PaRecPR1925492_20260422_204459_000;0.3;2.6;153.0;noise;0.86;"""";"""";"""";"""";""""
Car640380-2026-Pass2-Z1-PaRecPR1925492_20260422_204459_000;0.0;0.6;16.0;piaf;0.98;"""";"""";"""";"""";""""
Car640380-2026-Pass2-Z1-PaRecPR1925492_20260422_204505_000;0.3;2.4;153.0;noise;0.74;"""";"""";"""";"""";""""
Car640380-2026-Pass2-Z1-PaRecPR1925492_20260422_204508_000;0.0;2.1;154.0;noise;0.94;"""";"""";"""";"""";""""
Car640380-2026-Pass2-Z1-PaRecPR1925492_20260422_204508_000;0.1;0.2;20.0;piaf;0.14;"""";"""";"""";"""";""""
Car640380-2026-Pass2-Z1-PaRecPR1925492_20260422_204518_000;0.6;3.4;153.0;noise;0.9;"""";"""";"""";"""";""""
Car640380-2026-Pass2-Z1-PaRecPR1925492_20260422_204518_000;0.4;1.6;15.0;piaf;0.99;"""";"""";"""";"""";""""
Car640380-2026-Pass2-Z1-PaRecPR1925492_20260422_204524_000;0.4;2.6;154.0;noise;0.98;"""";"""";"""";"""";""""
Car640380-2026-Pass2-Z1-PaRecPR1925492_20260422_204532_000;0.4;2.7;154.0;noise;0.88;"""";"""";"""";"""";""""
Car640380-2026-Pass2-Z1-PaRecPR1925492_20260422_204537_000;0.2;3.3;153.0;noise;0.9;"""";"""";"""";"""";""""
Car640380-2026-Pass2-Z1-PaRecPR1925492_20260422_204546_000;0.3;2.5;154.0;noise;0.93;"""";"""";"""";"""";""""
Car640380-2026-Pass2-Z1-PaRecPR1925492_20260422_204550_000;0.3;2.0;153.0;noise;0.94;"""";"""";"""";"""";""""
Car640380-2026-Pass2-Z1-PaRecPR1925492_20260422_204558_000;0.3;2.4;153.0;noise;0.97;"""";"""";"""";"""";""""
Car640380-2026-Pass2-Z1-PaRecPR1925492_20260422_204618_000;0.4;2.7;154.0;noise;0.84;"""";"""";"""";"""";""""
Car640380-2026-Pass2-Z1-PaRecPR1925492_20260422_204618_000;0.4;1.5;7.0;piaf;0.98;"""";"""";"""";"""";""""
Car640380-2026-Pass2-Z1-PaRecPR1925492_20260422_204621_000;0.4;4.3;153.0;noise;0.85;"""";"""";"""";"""";""""
Car640380-2026-Pass2-Z1-PaRecPR1925492_20260422_204621_000;0.0;2.4;22.0;piaf;0.94;"""";"""";"""";"""";""""
Car640380-2026-Pass2-Z1-PaRecPR1925492_20260422_204627_000;0.0;4.2;154.0;noise;0.72;"""";"""";"""";"""";""""
Car640380-2026-Pass2-Z1-PaRecPR1925492_20260422_204627_000;0.2;2.3;22.0;piaf;0.93;"""";"""";"""";"""";""""
Car640380-2026-Pass2-Z1-PaRecPR1925492_20260422_204635_000;0.6;2.6;85.0;Tetvir;0.03;"""";"""";"""";"""";""""
Car640380-2026-Pass2-Z1-PaRecPR1925492_20260422_204635_000;0.6;1.6;15.0;piaf;0.99;"""";"""";"""";"""";""""
Car640380-2026-Pass2-Z1-PaRecPR1925492_20260422_204635_000;0.4;0.5;77.0;Rhifer;0.02;Pippip, Pipkuh, Yposp, Yerray, Yerbey, Vesmur, Urosp, Tyllil, Thycor, Tetpyg, Tetarg, Testes, Tadten, Sepsep, Rusnit, Roeroe, Rhihip, Rhieur, Rhasp, Ratnor, Plemac, Pleaus, Pleaur, Plasab, Plaint, Plafal, Plaalb, Plaaff, Pippyg, Pipnat, Phogri, Phofem, Phanan, Phafal, Nycnoc, Nyclei, Nyclas, Myonat, Myomys, MyoGT, Myoema, Myodau, Myogla, Myocap, Myobec, Myoalc, Mussp, Minsch, Mimasp, Micagr, Metbra, mamm, Leppun, Lepbos, Lepalb, Lamsp., Isopyr, Inssp8, Inssp7, Inssp5, Insp12, Insp11, Insp10, Hypsav, gril, Eupsp, Eptser, Eptnil, Epheph, Decalb, Cyrscu, Cympud, criq, Confus, Tetarg, Barfis, Barbar, Antsp, amph;"""";"""";"""";""""
Car640380-2026-Pass2-Z1-PaRecPR1925492_20260422_204635_000;0.4;3.7;154.0;noise;0.55;"""";"""";"""";"""";""""
Car640380-2026-Pass2-Z1-PaRecPR1925492_20260422_204642_000;0.0;2.7;153.0;noise;0.95;"""";"""";"""";"""";""""
Car640380-2026-Pass2-Z1-PaRecPR1925492_20260422_204642_000;0.1;0.3;25.0;Tetvir;0.09;"""";"""";"""";"""";""""
Car640380-2026-Pass2-Z1-PaRecPR1925492_20260422_204646_000;0.0;4.3;153.0;noise;0.69;"""";"""";"""";"""";""""
Car640380-2026-Pass2-Z1-PaRecPR1925492_20260422_204646_000;0.1;2.5;20.0;piaf;0.95;"""";"""";"""";"""";""""
Car640380-2026-Pass2-Z1-PaRecPR1925492_20260422_204646_000;0.0;2.5;27.0;Testes;0.04;Antsp, Yposp, Tetvir, Leppun, Isopyr;"""";"""";"""";""""
Car640380-2026-Pass2-Z1-PaRecPR1925492_20260422_204653_000;0.1;3.6;153.0;noise;0.87;"""";"""";"""";"""";""""
Car640380-2026-Pass2-Z1-PaRecPR1925492_20260422_204653_000;1.1;1.2;24.0;piaf;0.31;"""";"""";"""";"""";""""
Car640380-2026-Pass2-Z1-PaRecPR1925492_20260422_204700_000;0.4;3.6;153.0;noise;0.89;"""";"""";"""";"""";""""
Car640380-2026-Pass2-Z1-PaRecPR1925492_20260422_204700_000;1.0;1.1;22.0;piaf;0.21;"""";"""";"""";"""";""""
Car640380-2026-Pass2-Z1-PaRecPR1925492_20260422_204705_000;0.4;2.2;12.0;noise;0.91;"""";"""";"""";"""";""""
Car640380-2026-Pass2-Z1-PaRecPR1925492_20260422_204705_000;0.4;4.0;153.0;Rhihip;0.07;"""";"""";"""";"""";""""
Car640380-2026-Pass2-Z1-PaRecPR1925492_20260422_204718_000;0.1;4.3;153.0;noise;0.92;"""";"""";"""";"""";""""
Car640380-2026-Pass2-Z1-PaRecPR1925492_20260422_204718_000;0.3;0.6;23.0;piaf;0.93;"""";"""";"""";"""";""""
Car640380-2026-Pass2-Z1-PaRecPR1925492_20260422_204726_000;0.4;3.9;153.0;noise;0.9;"""";"""";"""";"""";""""
Car640380-2026-Pass2-Z1-PaRecPR1925492_20260422_204726_000;0.0;1.8;15.0;piaf;0.99;"""";"""";"""";"""";""""
Car640380-2026-Pass2-Z1-PaRecPR1925492_20260422_204736_000;0.3;1.3;22.0;piaf;0.99;"""";"""";"""";"""";""""
Car640380-2026-Pass2-Z1-PaRecPR1925492_20260422_204736_000;0.9;2.0;77.0;Rhifer;0.04;Tetvir, Pippip;"""";"""";"""";""""
Car640380-2026-Pass2-Z1-PaRecPR1925492_20260422_204736_000;0.4;3.4;154.0;noise;0.46;"""";"""";"""";"""";""""
Car640380-2026-Pass2-Z1-PaRecPR1925492_20260422_204744_000;0.1;3.2;153.0;noise;0.97;"""";"""";"""";"""";""""
Car640380-2026-Pass2-Z1-PaRecPR1925492_20260422_204744_000;0.4;0.5;20.0;piaf;0.91;"""";"""";"""";"""";""""
Car640380-2026-Pass2-Z1-PaRecPR1925492_20260422_204748_000;0.2;4.2;153.0;noise;0.9;"""";"""";"""";"""";""""
Car640380-2026-Pass2-Z1-PaRecPR1925492_20260422_204759_000;0.4;2.9;153.0;noise;0.95;"""";"""";"""";"""";""""
Car640380-2026-Pass2-Z1-PaRecPR1925492_20260422_204811_000;0.1;2.5;154.0;noise;0.93;"""";"""";"""";"""";""""
Car640380-2026-Pass2-Z1-PaRecPR1925492_20260422_204815_000;2.0;2.6;129.0;noise;0.81;"""";"""";"""";"""";""""
Car640380-2026-Pass2-Z1-PaRecPR1925492_20260422_204815_000;0.2;3.7;9.0;piaf;0.99;"""";"""";"""";"""";""""
Car640380-2026-Pass2-Z1-PaRecPR1925492_20260422_204815_000;0.3;3.7;154.0;Rhihip;0.07;"""";"""";"""";"""";""""
Car640380-2026-Pass2-Z1-PaRecPR1925492_20260422_204822_000;0.4;2.9;154.0;noise;0.89;"""";"""";"""";"""";""""
Car640380-2026-Pass2-Z1-PaRecPR1925492_20260422_204822_000;0.3;2.2;24.0;piaf;0.95;"""";"""";"""";"""";""""
Car640380-2026-Pass2-Z1-PaRecPR1925492_20260422_204827_000;0.0;1.6;126.0;noise;0.86;"""";"""";"""";"""";""""
Car640380-2026-Pass2-Z1-PaRecPR1925492_20260422_204827_000;0.4;3.9;153.0;Rusnit;0.1;"""";"""";"""";"""";""""
Car640380-2026-Pass2-Z1-PaRecPR1925492_20260422_204838_000;0.3;2.4;153.0;noise;0.9;"""";"""";"""";"""";""""
Car640380-2026-Pass2-Z1-PaRecPR1925492_20260422_204841_000;0.0;2.1;154.0;noise;0.97;"""";"""";"""";"""";""""
Car640380-2026-Pass2-Z1-PaRecPR1925492_20260422_205217_000;0.1;3.2;153.0;noise;0.91;"""";"""";"""";"""";""""
Car640380-2026-Pass2-Z1-PaRecPR1925492_20260422_205222_000;0.0;3.2;153.0;noise;0.91;"""";"""";"""";"""";""""
Car640380-2026-Pass2-Z1-PaRecPR1925492_20260422_205222_000;0.8;1.0;23.0;piaf;0.07;"""";"""";"""";"""";""""
Car640380-2026-Pass2-Z1-PaRecPR1925492_20260422_205231_000;0.4;2.6;152.0;noise;0.95;"""";"""";"""";"""";""""
Car640380-2026-Pass2-Z1-PaRecPR1925492_20260422_205231_000;0.7;0.8;24.0;piaf;0.07;"""";"""";"""";"""";""""
Car640380-2026-Pass2-Z1-PaRecPR1925492_20260422_205239_000;0.1;5.0;23.0;Tetvir;0.02;Phogri, Yposp, Yerray, Yerbey, Vesmur, Urosp, Tyllil, Thycor, Tetpyg, Tetarg, Testes, Tadten, Sepsep, Rusnit, Roeroe, Rhihip, Rhifer, Rhieur, Rhasp, Ratnor, Plemac, Pleaus, Pleaur, Plasab, Plaint, Plafal, Plaalb, Plaaff, Pippyg, Pippip, Pipnat, Pipkuh, piaf, Phofem, Phanan, Phafal, Nycnoc, Nyclei, Nyclas, Myonat, Myomys, MyoGT, Myoema, Myodau, Myogla, Myocap, Myobec, Myoalc, Mussp, Minsch, Mimasp, Micagr, Metbra, mamm, Leppun, Lepbos, Lepalb, Lamsp., Isopyr, Inssp8, Inssp7, Inssp5, Insp12, Insp11, Insp10, Hypsav, gril, Eupsp, Eptser, Eptnil, Epheph, Decalb, Cyrscu, Cympud, criq, Confus, Tetarg, Barfis, Barbar, Antsp, amph;"""";"""";"""";""""
Car640380-2026-Pass2-Z1-PaRecPR1925492_20260422_205239_000;0.4;5.0;154.0;noise;0.62;"""";"""";"""";"""";""""
Car640380-2026-Pass2-Z1-PaRecPR1925492_20260422_205244_000;0.0;2.4;154.0;noise;0.99;"""";"""";"""";"""";""""
Car640380-2026-Pass2-Z1-PaRecPR1925492_20260422_205244_000;0.3;0.4;27.0;piaf;0.51;"""";"""";"""";"""";""""
Car640380-2026-Pass2-Z1-PaRecPR1925492_20260422_205247_000;0.2;2.0;153.0;noise;0.97;"""";"""";"""";"""";""""
Car640380-2026-Pass2-Z1-PaRecPR1925492_20260422_205254_000;3.2;3.3;18.0;noise;0.83;"""";"""";"""";"""";""""
Car640380-2026-Pass2-Z1-PaRecPR1925492_20260422_205254_000;0.1;3.4;154.0;Rhihip;0.12;"""";"""";"""";"""";""""
Car640380-2026-Pass2-Z1-PaRecPR1925492_20260422_205300_000;0.4;3.2;154.0;noise;0.95;"""";"""";"""";"""";""""
Car640380-2026-Pass2-Z1-PaRecPR1925492_20260422_205300_000;0.7;0.8;26.0;piaf;0.54;"""";"""";"""";"""";""""
Car640380-2026-Pass2-Z1-PaRecPR1925492_20260422_205309_000;0.3;2.6;153.0;noise;0.81;"""";"""";"""";"""";""""
Car640380-2026-Pass2-Z1-PaRecPR1925492_20260422_205327_000;0.4;4.4;153.0;noise;0.86;"""";"""";"""";"""";""""
Car640380-2026-Pass2-Z1-PaRecPR1925492_20260422_205327_000;0.0;2.7;76.0;piaf;0.93;"""";"""";"""";"""";""""
Car640380-2026-Pass2-Z1-PaRecPR1925492_20260422_205332_000;0.8;0.9;24.0;noise;0.84;"""";"""";"""";"""";""""
Car640380-2026-Pass2-Z1-PaRecPR1925492_20260422_205332_000;4.2;4.8;8.0;piaf;0.99;"""";"""";"""";"""";""""
Car640380-2026-Pass2-Z1-PaRecPR1925492_20260422_205332_000;0.4;5.0;153.0;Rhihip;0.83;"""";"""";"""";"""";""""
Car640380-2026-Pass2-Z1-PaRecPR1925492_20260422_205337_000;0.0;5.0;154.0;noise;0.94;"""";"""";"""";"""";""""
Car640380-2026-Pass2-Z1-PaRecPR1925492_20260422_205342_000;0.0;0.1;152.0;noise;0.98;"""";"""";"""";"""";""""
Car640380-2026-Pass2-Z1-PaRecPR1925492_20260422_205347_000;0.0;0.1;156.0;noise;0.99;"""";"""";"""";"""";""""
Car640380-2026-Pass2-Z1-PaRecPR1925492_20260422_205356_000;0.2;2.0;153.0;noise;0.95;"""";"""";"""";"""";""""
Car640380-2026-Pass2-Z1-PaRecPR1925492_20260422_205414_000;0.4;2.1;154.0;noise;0.87;"""";"""";"""";"""";""""
Car640380-2026-Pass2-Z1-PaRecPR1925492_20260422_205414_000;0.3;1.6;9.0;piaf;0.98;"""";"""";"""";"""";""""
Car640380-2026-Pass2-Z1-PaRecPR1925492_20260422_205426_000;0.4;2.4;153.0;noise;0.93;"""";"""";"""";"""";""""
Car640380-2026-Pass2-Z1-PaRecPR1925492_20260422_205426_000;0.2;2.4;9.0;piaf;0.99;"""";"""";"""";"""";""""
Car640380-2026-Pass2-Z1-PaRecPR1925492_20260422_205431_000;0.0;2.1;153.0;noise;0.89;"""";"""";"""";"""";""""
Car640380-2026-Pass2-Z1-PaRecPR1925492_20260422_205441_000;0.4;2.5;153.0;noise;0.92;"""";"""";"""";"""";""""
Car640380-2026-Pass2-Z1-PaRecPR1925492_20260422_205441_000;0.2;1.0;14.0;piaf;0.99;"""";"""";"""";"""";""""
Car640380-2026-Pass2-Z1-PaRecPR1925492_20260422_205444_000;0.1;3.4;154.0;noise;0.94;"""";"""";"""";"""";""""
Car640380-2026-Pass2-Z1-PaRecPR1925492_20260422_205444_000;0.0;2.6;14.0;piaf;0.96;"""";"""";"""";"""";""""
Car640380-2026-Pass2-Z1-PaRecPR1925492_20260422_205457_000;0.4;3.4;79.0;noise;0.88;"""";"""";"""";"""";""""
Car640380-2026-Pass2-Z1-PaRecPR1925492_20260422_205457_000;0.2;2.8;8.0;piaf;0.98;"""";"""";"""";"""";""""
Car640380-2026-Pass2-Z1-PaRecPR1925492_20260422_205457_000;0.4;3.6;153.0;Rusnit;0.05;"""";"""";"""";"""";""""
Car640380-2026-Pass2-Z1-PaRecPR1925492_20260422_205505_000;0.4;3.1;153.0;noise;0.88;"""";"""";"""";"""";""""
Car640380-2026-Pass2-Z1-PaRecPR1925492_20260422_205505_000;0.0;2.6;16.0;piaf;0.99;"""";"""";"""";"""";""""
Car640380-2026-Pass2-Z1-PaRecPR1925492_20260422_205510_000;0.1;2.1;154.0;noise;0.89;"""";"""";"""";"""";""""
Car640380-2026-Pass2-Z1-PaRecPR1925492_20260422_205524_000;0.4;2.8;154.0;noise;0.89;"""";"""";"""";"""";""""
Car640380-2026-Pass2-Z1-PaRecPR1925492_20260422_205524_000;0.3;2.8;14.0;piaf;0.99;"""";"""";"""";"""";""""
Car640380-2026-Pass2-Z1-PaRecPR1925492_20260422_205530_000;0.4;3.3;153.0;noise;0.81;"""";"""";"""";"""";""""
Car640380-2026-Pass2-Z1-PaRecPR1925492_20260422_205530_000;0.5;1.6;17.0;piaf;0.99;"""";"""";"""";"""";""""
Car640380-2026-Pass2-Z1-PaRecPR1925492_20260422_205543_000;0.0;5.0;153.0;noise;0.78;"""";"""";"""";"""";""""
Car640380-2026-Pass2-Z1-PaRecPR1925492_20260422_205543_000;0.0;3.5;14.0;piaf;0.72;"""";"""";"""";"""";""""
Car640380-2026-Pass2-Z1-PaRecPR1925492_20260422_205548_000;0.1;3.1;154.0;noise;0.94;"""";"""";"""";"""";""""
Car640380-2026-Pass2-Z1-PaRecPR1925492_20260422_205548_000;0.3;1.4;16.0;piaf;0.99;"""";"""";"""";"""";""""
Car640380-2026-Pass2-Z1-PaRecPR1925492_20260422_205551_000;0.0;2.7;153.0;noise;0.94;"""";"""";"""";"""";""""
Car640380-2026-Pass2-Z1-PaRecPR1925492_20260422_205603_000;0.4;2.7;153.0;noise;0.93;"""";"""";"""";"""";""""
Car640380-2026-Pass2-Z1-PaRecPR1925492_20260422_205603_000;0.4;0.7;22.0;piaf;0.99;"""";"""";"""";"""";""""
Car640380-2026-Pass2-Z1-PaRecPR1925492_20260422_205630_000;0.4;2.5;154.0;noise;0.94;"""";"""";"""";"""";""""
Car640380-2026-Pass2-Z1-PaRecPR1925492_20260422_205630_000;0.4;0.5;16.0;piaf;0.97;"""";"""";"""";"""";""""
Car640380-2026-Pass2-Z1-PaRecPR1925492_20260422_205653_000;0.4;3.7;154.0;noise;0.89;"""";"""";"""";"""";""""
Car640380-2026-Pass2-Z1-PaRecPR1925492_20260422_205653_000;0.0;1.9;15.0;piaf;0.98;"""";"""";"""";"""";""""
Car640380-2026-Pass2-Z1-PaRecPR1925492_20260422_205708_000;0.4;3.0;153.0;noise;0.9;"""";"""";"""";"""";""""
Car640380-2026-Pass2-Z1-PaRecPR1925492_20260422_205708_000;0.0;1.3;25.0;piaf;0.96;"""";"""";"""";"""";""""
Car640380-2026-Pass2-Z1-PaRecPR1925492_20260422_205717_000;0.4;2.7;154.0;noise;0.88;"""";"""";"""";"""";""""
Car640380-2026-Pass2-Z1-PaRecPR1925492_20260422_205717_000;0.0;1.8;20.0;piaf;0.98;"""";"""";"""";"""";""""
Car640380-2026-Pass2-Z1-PaRecPR1925492_20260422_205724_000;0.4;3.9;153.0;noise;0.89;"""";"""";"""";"""";""""
Car640380-2026-Pass2-Z1-PaRecPR1925492_20260422_205724_000;0.0;2.2;13.0;piaf;0.96;"""";"""";"""";"""";""""
Car640380-2026-Pass2-Z1-PaRecPR1925492_20260422_205731_000;0.3;4.0;154.0;noise;0.85;"""";"""";"""";"""";""""
Car640380-2026-Pass2-Z1-PaRecPR1925492_20260422_205731_000;0.3;3.5;9.0;piaf;0.97;"""";"""";"""";"""";""""
Car640380-2026-Pass2-Z1-PaRecPR1925492_20260422_205731_000;0.4;3.9;153.0;Rhifer;0.17;"""";"""";"""";"""";""""
Car640380-2026-Pass2-Z1-PaRecPR1925492_20260422_205740_000;1.3;4.2;27.0;noise;0.54;"""";"""";"""";"""";""""
Car640380-2026-Pass2-Z1-PaRecPR1925492_20260422_205740_000;0.3;2.2;18.0;piaf;0.96;"""";"""";"""";"""";""""
Car640380-2026-Pass2-Z1-PaRecPR1925492_20260422_205740_000;0.1;4.2;154.0;Rhihip;0.13;"""";"""";"""";"""";""""
Car640380-2026-Pass2-Z1-PaRecPR1925492_20260422_205747_000;0.3;2.5;153.0;noise;0.93;"""";"""";"""";"""";""""
Car640380-2026-Pass2-Z1-PaRecPR1925492_20260422_205747_000;0.0;0.8;9.0;piaf;0.97;"""";"""";"""";"""";""""
Car640380-2026-Pass2-Z1-PaRecPR1925492_20260422_205829_000;0.4;2.0;154.0;noise;0.97;"""";"""";"""";"""";""""
Car640380-2026-Pass2-Z1-PaRecPR1925492_20260422_205832_000;0.2;3.3;153.0;noise;0.91;"""";"""";"""";"""";""""
Car640380-2026-Pass2-Z1-PaRecPR1925492_20260422_205832_000;1.1;1.2;153.0;Rusnit;0.05;"""";"""";"""";"""";""""
Car640380-2026-Pass2-Z1-PaRecPR1925492_20260422_205839_000;0.5;4.0;99.0;noise;0.81;"""";"""";"""";"""";""""
Car640380-2026-Pass2-Z1-PaRecPR1925492_20260422_205839_000;0.1;2.9;8.0;piaf;0.99;"""";"""";"""";"""";""""
Car640380-2026-Pass2-Z1-PaRecPR1925492_20260422_205839_000;0.4;5.0;153.0;Rusnit;0.03;Tetvir, Pippip;"""";"""";"""";""""
Car640380-2026-Pass2-Z1-PaRecPR1925492_20260422_205844_000;0.1;5.0;154.0;noise;0.99;"""";"""";"""";"""";""""
Car640380-2026-Pass2-Z1-PaRecPR1925492_20260422_205849_000;0.0;5.0;153.0;noise;0.86;"""";"""";"""";"""";""""
Car640380-2026-Pass2-Z1-PaRecPR1925492_20260422_205849_000;4.1;4.5;15.0;piaf;0.99;"""";"""";"""";"""";""""
Car640380-2026-Pass2-Z1-PaRecPR1925492_20260422_205854_000;0.0;5.0;153.0;noise;0.95;"""";"""";"""";"""";""""
Car640380-2026-Pass2-Z1-PaRecPR1925492_20260422_205859_000;0.0;1.7;153.0;noise;0.98;"""";"""";"""";"""";""""
Car640380-2026-Pass2-Z1-PaRecPR1925492_20260422_205901_000;0.6;4.3;8.0;noise;0.88;"""";"""";"""";"""";""""
Car640380-2026-Pass2-Z1-PaRecPR1925492_20260422_205901_000;0.4;5.0;153.0;Rhihip;0.08;"""";"""";"""";"""";""""
Car640380-2026-Pass2-Z1-PaRecPR1925492_20260422_205906_000;0.0;2.9;154.0;noise;0.93;"""";"""";"""";"""";""""
Car640380-2026-Pass2-Z1-PaRecPR1925492_20260422_205906_000;0.0;2.3;8.0;piaf;0.95;"""";"""";"""";"""";""""
Car640380-2026-Pass2-Z1-PaRecPR1925492_20260422_205913_000;1.7;2.8;144.0;noise;0.87;"""";"""";"""";"""";""""
Car640380-2026-Pass2-Z1-PaRecPR1925492_20260422_205913_000;0.0;1.0;10.0;piaf;0.99;"""";"""";"""";"""";""""
Car640380-2026-Pass2-Z1-PaRecPR1925492_20260422_205913_000;0.4;3.7;154.0;Rhihip;0.11;"""";"""";"""";"""";""""
Car640380-2026-Pass2-Z1-PaRecPR1925492_20260422_205917_000;2.0;2.2;14.0;noise;0.92;"""";"""";"""";"""";""""
Car640380-2026-Pass2-Z1-PaRecPR1925492_20260422_205917_000;0.0;2.6;154.0;Rhihip;0.14;"""";"""";"""";"""";""""
Car640380-2026-Pass2-Z1-PaRecPR1925492_20260422_205920_000;0.4;4.9;154.0;noise;0.94;"""";"""";"""";"""";""""
Car640380-2026-Pass2-Z1-PaRecPR1925492_20260422_205920_000;0.5;2.1;13.0;piaf;0.99;"""";"""";"""";"""";""""
Car640380-2026-Pass2-Z1-PaRecPR1925492_20260422_205925_000;0.0;5.0;153.0;noise;0.89;"""";"""";"""";"""";""""
Car640380-2026-Pass2-Z1-PaRecPR1925492_20260422_205925_000;0.6;5.0;15.0;piaf;0.97;"""";"""";"""";"""";""""
Car640380-2026-Pass2-Z1-PaRecPR1925492_20260422_205930_000;0.3;4.8;153.0;noise;0.98;"""";"""";"""";"""";""""
Car640380-2026-Pass2-Z1-PaRecPR1925492_20260422_205935_000;0.0;5.0;153.0;noise;0.9;"""";"""";"""";"""";""""
Car640380-2026-Pass2-Z1-PaRecPR1925492_20260422_205935_000;1.6;5.0;9.0;piaf;0.98;"""";"""";"""";"""";""""
Car640380-2026-Pass2-Z1-PaRecPR1925492_20260422_205940_000;0.0;5.0;153.0;noise;0.87;"""";"""";"""";"""";""""
Car640380-2026-Pass2-Z1-PaRecPR1925492_20260422_205945_000;0.0;5.0;153.0;noise;0.96;"""";"""";"""";"""";""""
Car640380-2026-Pass2-Z1-PaRecPR1925492_20260422_205950_000;0.0;0.1;157.0;noise;0.99;"""";"""";"""";"""";""""
Car640380-2026-Pass2-Z1-PaRecPR1925492_20260422_205951_000;0.4;2.8;154.0;noise;0.96;"""";"""";"""";"""";""""
Car640380-2026-Pass2-Z1-PaRecPR1925492_20260422_205955_000;0.2;4.6;153.0;noise;0.89;"""";"""";"""";"""";""""
Car640380-2026-Pass2-Z1-PaRecPR1925492_20260422_210000_000;0.3;5.0;154.0;noise;0.89;"""";"""";"""";"""";""""
Car640380-2026-Pass2-Z1-PaRecPR1925492_20260422_210000_000;2.9;5.0;48.0;Pippip;0.99;"""";"""";"""";"""";""""
Car640380-2026-Pass2-Z1-PaRecPR1925492_20260422_210005_000;0.0;5.0;154.0;noise;0.92;"""";"""";"""";"""";""""
Car640380-2026-Pass2-Z1-PaRecPR1925492_20260422_210005_000;0.0;4.7;48.0;Pippip;0.99;"""";"""";"""";"""";""""
Car640380-2026-Pass2-Z1-PaRecPR1925492_20260422_210010_000;0.0;0.6;154.0;noise;0.97;"""";"""";"""";"""";""""
Car640380-2026-Pass2-Z1-PaRecPR1925492_20260422_210011_000;0.4;5.0;153.0;noise;0.96;"""";"""";"""";"""";""""
Car640380-2026-Pass2-Z1-PaRecPR1925492_20260422_210016_000;0.0;3.7;153.0;noise;0.95;"""";"""";"""";"""";""""
Car640380-2026-Pass2-Z1-PaRecPR1925492_20260422_210020_000;0.4;5.0;154.0;noise;0.94;"""";"""";"""";"""";""""
Car640380-2026-Pass2-Z1-PaRecPR1925492_20260422_210025_000;0.0;5.0;153.0;noise;0.9;"""";"""";"""";"""";""""
Car640380-2026-Pass2-Z1-PaRecPR1925492_20260422_210030_000;0.0;5.0;154.0;noise;0.97;"""";"""";"""";"""";""""
Car640380-2026-Pass2-Z1-PaRecPR1925492_20260422_210035_000;0.0;4.9;153.0;noise;0.9;"""";"""";"""";"""";""""
Car640380-2026-Pass2-Z1-PaRecPR1925492_20260422_210040_000;0.0;3.3;153.0;noise;0.98;"""";"""";"""";"""";""""
Car640380-2026-Pass2-Z1-PaRecPR1925492_20260422_210051_000;0.2;2.1;154.0;noise;0.96;"""";"""";"""";"""";""""
Car640380-2026-Pass2-Z1-PaRecPR1925492_20260422_210053_000;0.0;4.7;153.0;noise;0.92;"""";"""";"""";"""";""""
Car640380-2026-Pass2-Z1-PaRecPR1925492_20260422_210059_000;0.3;4.7;153.0;noise;0.82;"""";"""";"""";"""";""""
Car640380-2026-Pass2-Z1-PaRecPR1925492_20260422_210103_000;0.0;5.0;154.0;noise;0.85;"""";"""";"""";"""";""""
Car640380-2026-Pass2-Z1-PaRecPR1925492_20260422_210108_000;0.0;3.7;153.0;noise;0.98;"""";"""";"""";"""";""""
Car640380-2026-Pass2-Z1-PaRecPR1925492_20260422_210114_000;0.2;2.4;153.0;noise;0.92;"""";"""";"""";"""";""""
Car640380-2026-Pass2-Z1-PaRecPR1925492_20260422_210117_000;0.0;2.1;154.0;noise;0.95;"""";"""";"""";"""";""""
Car640380-2026-Pass2-Z1-PaRecPR1925492_20260422_210117_000;0.3;1.8;8.0;piaf;0.97;"""";"""";"""";"""";""""
Car640380-2026-Pass2-Z1-PaRecPR1925492_20260422_210123_000;0.0;5.0;153.0;noise;0.91;"""";"""";"""";"""";""""
Car640380-2026-Pass2-Z1-PaRecPR1925492_20260422_210123_000;0.3;4.9;7.0;piaf;0.96;"""";"""";"""";"""";""""
Car640380-2026-Pass2-Z1-PaRecPR1925492_20260422_210123_000;1.3;5.0;53.0;Pippip;0.98;"""";"""";"""";"""";""""
Car640380-2026-Pass2-Z1-PaRecPR1925492_20260422_210128_000;0.0;5.0;153.0;noise;0.88;"""";"""";"""";"""";""""
Car640380-2026-Pass2-Z1-PaRecPR1925492_20260422_210128_000;0.3;5.0;9.0;piaf;0.98;"""";"""";"""";"""";""""
Car640380-2026-Pass2-Z1-PaRecPR1925492_20260422_210128_000;0.0;5.0;52.0;Pippip;0.99;"""";"""";"""";"""";""""
Car640380-2026-Pass2-Z1-PaRecPR1925492_20260422_210133_000;0.0;5.0;153.0;noise;0.91;"""";"""";"""";"""";""""
Car640380-2026-Pass2-Z1-PaRecPR1925492_20260422_210133_000;0.5;4.6;8.0;piaf;0.99;"""";"""";"""";"""";""""
Car640380-2026-Pass2-Z1-PaRecPR1925492_20260422_210133_000;0.0;4.4;51.0;Pippip;0.95;"""";"""";"""";"""";""""
Car640380-2026-Pass2-Z1-PaRecPR1925492_20260422_210138_000;0.0;5.0;153.0;noise;0.88;"""";"""";"""";"""";""""
Car640380-2026-Pass2-Z1-PaRecPR1925492_20260422_210138_000;3.6;3.8;7.0;Tetvir;0.26;"""";"""";"""";"""";""""
Car640380-2026-Pass2-Z1-PaRecPR1925492_20260422_210143_000;0.0;5.0;153.0;noise;0.91;"""";"""";"""";"""";""""
Car640380-2026-Pass2-Z1-PaRecPR1925492_20260422_210143_000;0.0;4.0;8.0;piaf;0.98;"""";"""";"""";"""";""""
Car640380-2026-Pass2-Z1-PaRecPR1925492_20260422_210148_000;0.0;5.0;154.0;noise;0.89;"""";"""";"""";"""";""""
Car640380-2026-Pass2-Z1-PaRecPR1925492_20260422_210148_000;0.3;4.9;8.0;piaf;0.93;"""";"""";"""";"""";""""
Car640380-2026-Pass2-Z1-PaRecPR1925492_20260422_210153_000;0.0;0.1;118.0;noise;0.99;"""";"""";"""";"""";""""
Car640380-2026-Pass2-Z1-PaRecPR1925492_20260422_210158_000;0.0;4.3;154.0;noise;0.88;"""";"""";"""";"""";""""
Car640380-2026-Pass2-Z1-PaRecPR1925492_20260422_210158_000;0.3;3.4;8.0;piaf;0.97;"""";"""";"""";"""";""""
Car640380-2026-Pass2-Z1-PaRecPR1925492_20260422_210202_000;0.0;5.0;154.0;noise;0.91;"""";"""";"""";"""";""""
Car640380-2026-Pass2-Z1-PaRecPR1925492_20260422_210202_000;0.0;4.9;14.0;piaf;0.99;"""";"""";"""";"""";""""
Car640380-2026-Pass2-Z1-PaRecPR1925492_20260422_210207_000;0.0;5.0;154.0;noise;0.92;"""";"""";"""";"""";""""
Car640380-2026-Pass2-Z1-PaRecPR1925492_20260422_210207_000;4.6;4.7;15.0;piaf;0.3;"""";"""";"""";"""";""""
Car640380-2026-Pass2-Z1-PaRecPR1925492_20260422_210207_000;0.4;4.8;8.0;Tetvir;0.35;"""";"""";"""";"""";""""
Car640380-2026-Pass2-Z1-PaRecPR1925492_20260422_210212_000;0.0;4.4;154.0;noise;0.95;"""";"""";"""";"""";""""
Car640380-2026-Pass2-Z1-PaRecPR1925492_20260422_210212_000;0.0;0.1;14.0;piaf;0.99;"""";"""";"""";"""";""""
Car640380-2026-Pass2-Z1-PaRecPR1925492_20260422_210218_000;0.4;4.5;153.0;noise;0.86;"""";"""";"""";"""";""""
Car640380-2026-Pass2-Z1-PaRecPR1925492_20260422_210218_000;0.3;2.9;8.0;piaf;0.97;"""";"""";"""";"""";""""
Car640380-2026-Pass2-Z1-PaRecPR1925492_20260422_210222_000;0.0;5.0;154.0;noise;0.85;"""";"""";"""";"""";""""
Car640380-2026-Pass2-Z1-PaRecPR1925492_20260422_210222_000;0.2;5.0;9.0;piaf;0.99;"""";"""";"""";"""";""""
Car640380-2026-Pass2-Z1-PaRecPR1925492_20260422_210227_000;0.0;0.8;154.0;noise;0.98;"""";"""";"""";"""";""""
Car640380-2026-Pass2-Z1-PaRecPR1925492_20260422_210229_000;0.4;5.0;154.0;noise;0.87;"""";"""";"""";"""";""""
Car640380-2026-Pass2-Z1-PaRecPR1925492_20260422_210229_000;0.2;4.1;8.0;piaf;0.99;"""";"""";"""";"""";""""
Car640380-2026-Pass2-Z1-PaRecPR1925492_20260422_210234_000;0.0;3.2;153.0;noise;0.91;"""";"""";"""";"""";""""
Car640380-2026-Pass2-Z1-PaRecPR1925492_20260422_210238_000;1.2;1.3;30.0;noise;0.81;"""";"""";"""";"""";""""
Car640380-2026-Pass2-Z1-PaRecPR1925492_20260422_210238_000;3.4;4.7;9.0;piaf;0.87;"""";"""";"""";"""";""""
Car640380-2026-Pass2-Z1-PaRecPR1925492_20260422_210238_000;0.0;5.0;153.0;Rhihip;0.16;"""";"""";"""";"""";""""
Car640380-2026-Pass2-Z1-PaRecPR1925492_20260422_210243_000;0.0;5.0;153.0;noise;0.85;"""";"""";"""";"""";""""
Car640380-2026-Pass2-Z1-PaRecPR1925492_20260422_210243_000;0.1;4.3;8.0;piaf;0.99;"""";"""";"""";"""";""""
Car640380-2026-Pass2-Z1-PaRecPR1925492_20260422_210248_000;0.0;5.0;153.0;noise;0.97;"""";"""";"""";"""";""""
Car640380-2026-Pass2-Z1-PaRecPR1925492_20260422_210248_000;0.0;3.8;8.0;piaf;0.98;"""";"""";"""";"""";""""
Car640380-2026-Pass2-Z1-PaRecPR1925492_20260422_210248_000;2.8;3.7;37.0;Pippip;0.92;"""";"""";"""";"""";""""
Car640380-2026-Pass2-Z1-PaRecPR1925492_20260422_210253_000;0.0;5.0;154.0;noise;0.88;"""";"""";"""";"""";""""
Car640380-2026-Pass2-Z1-PaRecPR1925492_20260422_210253_000;1.6;4.0;10.0;piaf;0.99;"""";"""";"""";"""";""""
Car640380-2026-Pass2-Z1-PaRecPR1925492_20260422_210258_000;0.0;5.0;154.0;noise;0.86;"""";"""";"""";"""";""""
Car640380-2026-Pass2-Z1-PaRecPR1925492_20260422_210258_000;0.2;4.6;8.0;piaf;0.88;"""";"""";"""";"""";""""
Car640380-2026-Pass2-Z1-PaRecPR1925492_20260422_210258_000;1.6;5.0;50.0;Pippip;0.99;"""";"""";"""";"""";""""
Car640380-2026-Pass2-Z1-PaRecPR1925492_20260422_210303_000;0.0;5.0;153.0;noise;0.77;"""";"""";"""";"""";""""
Car640380-2026-Pass2-Z1-PaRecPR1925492_20260422_210303_000;0.8;4.3;8.0;piaf;0.89;"""";"""";"""";"""";""""
Car640380-2026-Pass2-Z1-PaRecPR1925492_20260422_210303_000;0.0;5.0;47.0;Pippip;0.99;"""";"""";"""";"""";""""
Car640380-2026-Pass2-Z1-PaRecPR1925492_20260422_210308_000;0.0;0.1;154.0;noise;0.99;"""";"""";"""";"""";""""
Car640380-2026-Pass2-Z1-PaRecPR1925492_20260422_210310_000;0.4;4.2;153.0;noise;0.66;"""";"""";"""";"""";""""
Car640380-2026-Pass2-Z1-PaRecPR1925492_20260422_210310_000;0.8;2.3;8.0;piaf;0.99;"""";"""";"""";"""";""""
Car640380-2026-Pass2-Z1-PaRecPR1925492_20260422_210310_000;0.1;0.4;44.0;Pippip;0.84;"""";"""";"""";"""";""""
Car640380-2026-Pass2-Z1-PaRecPR1925492_20260422_210314_000;0.0;5.0;153.0;noise;0.84;"""";"""";"""";"""";""""
Car640380-2026-Pass2-Z1-PaRecPR1925492_20260422_210314_000;3.6;3.8;18.0;piaf;0.92;"""";"""";"""";"""";""""
Car640380-2026-Pass2-Z1-PaRecPR1925492_20260422_210319_000;0.0;5.0;154.0;noise;0.92;"""";"""";"""";"""";""""
Car640380-2026-Pass2-Z1-PaRecPR1925492_20260422_210319_000;1.8;5.0;8.0;piaf;0.99;"""";"""";"""";"""";""""
Car640380-2026-Pass2-Z1-PaRecPR1925492_20260422_210324_000;0.0;5.0;154.0;noise;0.89;"""";"""";"""";"""";""""
Car640380-2026-Pass2-Z1-PaRecPR1925492_20260422_210324_000;0.1;0.2;8.0;piaf;0.97;"""";"""";"""";"""";""""
Car640380-2026-Pass2-Z1-PaRecPR1925492_20260422_210329_000;0.0;5.0;154.0;noise;0.81;"""";"""";"""";"""";""""
Car640380-2026-Pass2-Z1-PaRecPR1925492_20260422_210329_000;1.7;4.4;8.0;piaf;0.98;"""";"""";"""";"""";""""
Car640380-2026-Pass2-Z1-PaRecPR1925492_20260422_210334_000;0.0;4.0;154.0;noise;0.93;"""";"""";"""";"""";""""
Car640380-2026-Pass2-Z1-PaRecPR1925492_20260422_210339_000;0.4;5.0;154.0;noise;0.87;"""";"""";"""";"""";""""
Car640380-2026-Pass2-Z1-PaRecPR1925492_20260422_210339_000;0.0;3.6;8.0;piaf;0.99;"""";"""";"""";"""";""""
Car640380-2026-Pass2-Z1-PaRecPR1925492_20260422_210344_000;0.1;4.9;154.0;noise;0.93;"""";"""";"""";"""";""""
Car640380-2026-Pass2-Z1-PaRecPR1925492_20260422_210344_000;0.8;5.0;12.0;piaf;0.99;"""";"""";"""";"""";""""
Car640380-2026-Pass2-Z1-PaRecPR1925492_20260422_210349_000;0.0;3.5;154.0;noise;0.97;"""";"""";"""";"""";""""
Car640380-2026-Pass2-Z1-PaRecPR1925492_20260422_210354_000;0.4;3.6;154.0;noise;0.92;"""";"""";"""";"""";""""
Car640380-2026-Pass2-Z1-PaRecPR1925492_20260422_210354_000;1.6;1.8;11.0;piaf;0.93;"""";"""";"""";"""";""""
Car640380-2026-Pass2-Z1-PaRecPR1925492_20260422_210405_000;0.4;2.7;153.0;noise;0.95;"""";"""";"""";"""";""""
Car640380-2026-Pass2-Z1-PaRecPR1925492_20260422_210423_000;0.3;2.5;154.0;noise;0.93;"""";"""";"""";"""";""""
Car640380-2026-Pass2-Z1-PaRecPR1925492_20260422_210431_000;0.4;2.9;153.0;noise;0.77;"""";"""";"""";"""";""""
Car640380-2026-Pass2-Z1-PaRecPR1925492_20260422_210431_000;0.4;1.3;16.0;piaf;0.99;"""";"""";"""";"""";""""
Car640380-2026-Pass2-Z1-PaRecPR1925492_20260422_210436_000;0.4;3.1;154.0;noise;0.91;"""";"""";"""";"""";""""
Car640380-2026-Pass2-Z1-PaRecPR1925492_20260422_210436_000;0.1;2.2;15.0;piaf;0.99;"""";"""";"""";"""";""""
Car640380-2026-Pass2-Z1-PaRecPR1925492_20260422_210436_000;2.2;2.3;76.0;Pippip;0.03;Tetvir;"""";"""";"""";""""
Car640380-2026-Pass2-Z1-PaRecPR1925492_20260422_210442_000;0.4;2.5;154.0;noise;0.9;"""";"""";"""";"""";""""
Car640380-2026-Pass2-Z1-PaRecPR1925492_20260422_210442_000;0.3;2.1;15.0;piaf;0.99;"""";"""";"""";"""";""""
Car640380-2026-Pass2-Z1-PaRecPR1925492_20260422_210448_000;0.4;2.6;153.0;noise;0.93;"""";"""";"""";"""";""""
Car640380-2026-Pass2-Z1-PaRecPR1925492_20260422_210454_000;0.4;2.8;153.0;noise;0.98;"""";"""";"""";"""";""""
Car640380-2026-Pass2-Z1-PaRecPR1925492_20260422_210500_000;0.4;3.4;153.0;noise;0.9;"""";"""";"""";"""";""""
Car640380-2026-Pass2-Z1-PaRecPR1925492_20260422_210500_000;1.0;2.1;18.0;piaf;0.72;"""";"""";"""";"""";""""
Car640380-2026-Pass2-Z1-PaRecPR1925492_20260422_210500_000;1.0;3.3;46.0;Pippip;0.97;"""";"""";"""";"""";""""
Car640380-2026-Pass2-Z1-PaRecPR1925492_20260422_210508_000;0.2;3.0;153.0;noise;0.86;"""";"""";"""";"""";""""
Car640380-2026-Pass2-Z1-PaRecPR1925492_20260422_210508_000;0.1;1.0;12.0;piaf;0.99;"""";"""";"""";"""";""""
Car640380-2026-Pass2-Z1-PaRecPR1925492_20260422_210513_000;0.1;3.2;76.0;noise;0.66;"""";"""";"""";"""";""""
Car640380-2026-Pass2-Z1-PaRecPR1925492_20260422_210513_000;0.1;3.2;34.0;Yposp;0.1;"""";"""";"""";"""";""""
Car640380-2026-Pass2-Z1-PaRecPR1925492_20260422_210520_000;0.0;3.1;153.0;noise;0.95;"""";"""";"""";"""";""""
Car640380-2026-Pass2-Z1-PaRecPR1925492_20260422_210527_000;0.0;3.9;153.0;noise;0.97;"""";"""";"""";"""";""""
Car640380-2026-Pass2-Z1-PaRecPR1925492_20260422_210527_000;0.6;3.8;7.0;piaf;0.98;"""";"""";"""";"""";""""
Car640380-2026-Pass2-Z1-PaRecPR1925492_20260422_210532_000;0.4;4.5;154.0;noise;0.79;"""";"""";"""";"""";""""
Car640380-2026-Pass2-Z1-PaRecPR1925492_20260422_210532_000;0.3;4.4;17.0;piaf;0.96;"""";"""";"""";"""";""""
Car640380-2026-Pass2-Z1-PaRecPR1925492_20260422_210541_000;1.2;2.0;126.0;noise;0.84;"""";"""";"""";"""";""""
Car640380-2026-Pass2-Z1-PaRecPR1925492_20260422_210541_000;1.8;2.0;8.0;piaf;0.25;"""";"""";"""";"""";""""
Car640380-2026-Pass2-Z1-PaRecPR1925492_20260422_210541_000;0.6;2.3;50.0;Pippip;0.96;"""";"""";"""";"""";""""
Car640380-2026-Pass2-Z1-PaRecPR1925492_20260422_210541_000;0.4;2.5;153.0;Rhihip;0.1;"""";"""";"""";"""";""""
Car640380-2026-Pass2-Z1-PaRecPR1925492_20260422_210546_000;0.2;3.6;153.0;noise;0.96;"""";"""";"""";"""";""""
Car640380-2026-Pass2-Z1-PaRecPR1925492_20260422_210546_000;0.2;2.6;10.0;piaf;0.99;"""";"""";"""";"""";""""
Car640380-2026-Pass2-Z1-PaRecPR1925492_20260422_210556_000;0.0;3.5;153.0;noise;0.93;"""";"""";"""";"""";""""
Car640380-2026-Pass2-Z1-PaRecPR1925492_20260422_210602_000;0.4;3.8;153.0;noise;0.82;"""";"""";"""";"""";""""
Car640380-2026-Pass2-Z1-PaRecPR1925492_20260422_210602_000;0.0;0.1;14.0;piaf;0.04;Tetvir, Tadten;"""";"""";"""";""""
Car640380-2026-Pass2-Z1-PaRecPR1925492_20260422_210602_000;0.1;1.3;49.0;Pippip;0.81;"""";"""";"""";"""";""""
Car640380-2026-Pass2-Z1-PaRecPR1925492_20260422_210610_000;0.2;4.9;153.0;noise;0.91;"""";"""";"""";"""";""""
Car640380-2026-Pass2-Z1-PaRecPR1925492_20260422_210610_000;1.5;1.7;15.0;piaf;0.24;"""";"""";"""";"""";""""
Car640380-2026-Pass2-Z1-PaRecPR1925492_20260422_210615_000;0.1;0.5;153.0;noise;0.96;"""";"""";"""";"""";""""
Car640380-2026-Pass2-Z1-PaRecPR1925492_20260422_210619_000;0.4;2.5;153.0;noise;0.95;"""";"""";"""";"""";""""
Car640380-2026-Pass2-Z1-PaRecPR1925492_20260422_210619_000;0.8;0.9;15.0;piaf;0.93;"""";"""";"""";"""";""""
Car640380-2026-Pass2-Z1-PaRecPR1925492_20260422_210628_000;0.3;3.4;154.0;noise;0.96;"""";"""";"""";"""";""""
Car640380-2026-Pass2-Z1-PaRecPR1925492_20260422_210628_000;0.0;0.6;26.0;piaf;0.17;"""";"""";"""";"""";""""
Car640380-2026-Pass2-Z1-PaRecPR1925492_20260422_210642_000;0.4;3.3;153.0;noise;0.94;"""";"""";"""";"""";""""
Car640380-2026-Pass2-Z1-PaRecPR1925492_20260422_210642_000;0.0;0.3;7.0;piaf;0.98;"""";"""";"""";"""";""""
Car640380-2026-Pass2-Z1-PaRecPR1925492_20260422_210654_000;0.4;5.0;153.0;noise;0.86;"""";"""";"""";"""";""""
Car640380-2026-Pass2-Z1-PaRecPR1925492_20260422_210654_000;0.4;4.3;50.0;Pippip;0.99;"""";"""";"""";"""";""""
Car640380-2026-Pass2-Z1-PaRecPR1925492_20260422_210659_000;0.0;0.1;153.0;noise;0.98;"""";"""";"""";"""";""""
Car640380-2026-Pass2-Z1-PaRecPR1925492_20260422_210717_000;0.4;2.9;153.0;noise;0.98;"""";"""";"""";"""";""""
Car640380-2026-Pass2-Z1-PaRecPR1925492_20260422_210728_000;0.4;3.8;153.0;noise;0.91;"""";"""";"""";"""";""""
Car640380-2026-Pass2-Z1-PaRecPR1925492_20260422_210740_000;0.0;4.4;154.0;noise;0.97;"""";"""";"""";"""";""""
Car640380-2026-Pass2-Z1-PaRecPR1925492_20260422_210752_000;0.4;4.0;154.0;noise;0.88;"""";"""";"""";"""";""""
Car640380-2026-Pass2-Z1-PaRecPR1925492_20260422_210752_000;0.0;3.9;51.0;Pippip;0.98;"""";"""";"""";"""";""""
Car640380-2026-Pass2-Z1-PaRecPR1925492_20260422_210823_000;0.2;5.0;153.0;noise;0.88;"""";"""";"""";"""";""""
Car640380-2026-Pass2-Z1-PaRecPR1925492_20260422_210823_000;0.5;3.9;49.0;Pippip;0.99;"""";"""";"""";"""";""""
Car640380-2026-Pass2-Z1-PaRecPR1925492_20260422_210828_000;0.0;1.1;154.0;noise;0.95;"""";"""";"""";"""";""""
Car640380-2026-Pass2-Z1-PaRecPR1925492_20260422_210828_000;0.1;0.3;9.0;piaf;0.99;"""";"""";"""";"""";""""
Car640380-2026-Pass2-Z1-PaRecPR1925492_20260422_210831_000;0.4;5.0;154.0;noise;0.91;"""";"""";"""";"""";""""
Car640380-2026-Pass2-Z1-PaRecPR1925492_20260422_210831_000;0.9;3.8;8.0;piaf;0.99;"""";"""";"""";"""";""""
Car640380-2026-Pass2-Z1-PaRecPR1925492_20260422_210831_000;0.9;4.8;48.0;Pippip;0.96;"""";"""";"""";"""";""""
Car640380-2026-Pass2-Z1-PaRecPR1925492_20260422_210836_000;0.0;0.7;153.0;noise;0.97;"""";"""";"""";"""";""""
Car640380-2026-Pass2-Z1-PaRecPR1925492_20260422_210840_000;0.4;2.8;154.0;noise;0.93;"""";"""";"""";"""";""""
Car640380-2026-Pass2-Z1-PaRecPR1925492_20260422_210840_000;0.1;2.0;8.0;piaf;0.86;"""";"""";"""";"""";""""
Car640380-2026-Pass2-Z1-PaRecPR1925492_20260422_210845_000;0.4;4.9;134.0;noise;0.96;"""";"""";"""";"""";""""
Car640380-2026-Pass2-Z1-PaRecPR1925492_20260422_210850_000;0.0;1.2;153.0;noise;0.95;"""";"""";"""";"""";""""
Car640380-2026-Pass2-Z1-PaRecPR1925492_20260422_210850_000;0.0;0.9;12.0;piaf;0.98;"""";"""";"""";"""";""""
Car640380-2026-Pass2-Z1-PaRecPR1925492_20260422_210852_000;0.0;4.4;153.0;noise;0.91;"""";"""";"""";"""";""""
Car640380-2026-Pass2-Z1-PaRecPR1925492_20260422_210852_000;1.3;2.9;11.0;piaf;0.98;"""";"""";"""";"""";""""
Car640380-2026-Pass2-Z1-PaRecPR1925492_20260422_210858_000;0.4;4.8;153.0;noise;0.86;"""";"""";"""";"""";""""
Car640380-2026-Pass2-Z1-PaRecPR1925492_20260422_210858_000;0.2;5.0;55.0;Pippip;0.98;"""";"""";"""";"""";""""
Car640380-2026-Pass2-Z1-PaRecPR1925492_20260422_210903_000;0.0;5.0;153.0;noise;0.93;"""";"""";"""";"""";""""
Car640380-2026-Pass2-Z1-PaRecPR1925492_20260422_210903_000;0.0;4.6;14.0;piaf;0.91;"""";"""";"""";"""";""""
Car640380-2026-Pass2-Z1-PaRecPR1925492_20260422_210903_000;0.0;4.8;52.0;Pippip;0.99;"""";"""";"""";"""";""""
Car640380-2026-Pass2-Z1-PaRecPR1925492_20260422_210908_000;0.0;5.0;153.0;noise;0.83;"""";"""";"""";"""";""""
Car640380-2026-Pass2-Z1-PaRecPR1925492_20260422_210908_000;0.2;4.0;55.0;Pippip;0.98;"""";"""";"""";"""";""""
Car640380-2026-Pass2-Z1-PaRecPR1925492_20260422_210913_000;0.0;5.0;153.0;noise;0.83;"""";"""";"""";"""";""""
Car640380-2026-Pass2-Z1-PaRecPR1925492_20260422_210913_000;1.5;5.0;51.0;Pippip;0.97;"""";"""";"""";"""";""""
Car640380-2026-Pass2-Z1-PaRecPR1925492_20260422_210918_000;0.0;5.0;154.0;noise;0.85;"""";"""";"""";"""";""""
Car640380-2026-Pass2-Z1-PaRecPR1925492_20260422_210918_000;0.5;5.0;9.0;piaf;0.83;"""";"""";"""";"""";""""
Car640380-2026-Pass2-Z1-PaRecPR1925492_20260422_210918_000;0.0;4.1;53.0;Pippip;0.98;"""";"""";"""";"""";""""
Car640380-2026-Pass2-Z1-PaRecPR1925492_20260422_210923_000;0.0;5.0;153.0;noise;0.79;"""";"""";"""";"""";""""
Car640380-2026-Pass2-Z1-PaRecPR1925492_20260422_210923_000;0.0;4.5;12.0;piaf;0.93;"""";"""";"""";"""";""""
Car640380-2026-Pass2-Z1-PaRecPR1925492_20260422_210923_000;1.1;2.3;51.0;Pippip;0.93;"""";"""";"""";"""";""""
Car640380-2026-Pass2-Z1-PaRecPR1925492_20260422_210928_000;0.0;0.1;159.0;noise;0.98;"""";"""";"""";"""";""""
Car640380-2026-Pass2-Z1-PaRecPR1925492_20260422_210933_000;1.8;3.2;25.0;noise;0.56;"""";"""";"""";"""";""""
Car640380-2026-Pass2-Z1-PaRecPR1925492_20260422_210933_000;0.0;4.5;9.0;piaf;0.98;"""";"""";"""";"""";""""
Car640380-2026-Pass2-Z1-PaRecPR1925492_20260422_210933_000;0.7;5.0;51.0;Pippip;0.97;"""";"""";"""";"""";""""
Car640380-2026-Pass2-Z1-PaRecPR1925492_20260422_210933_000;0.0;5.0;153.0;Rhihip;0.71;"""";"""";"""";"""";""""
Car640380-2026-Pass2-Z1-PaRecPR1925492_20260422_210938_000;0.0;1.1;154.0;noise;0.98;"""";"""";"""";"""";""""
Car640380-2026-Pass2-Z1-PaRecPR1925492_20260422_210938_000;0.1;0.5;49.0;Pippip;0.96;"""";"""";"""";"""";""""
Car640380-2026-Pass2-Z1-PaRecPR1925492_20260422_210939_000;0.0;5.0;153.0;noise;0.81;"""";"""";"""";"""";""""
Car640380-2026-Pass2-Z1-PaRecPR1925492_20260422_210939_000;0.5;4.6;15.0;piaf;0.89;"""";"""";"""";"""";""""
Car640380-2026-Pass2-Z1-PaRecPR1925492_20260422_210939_000;0.0;4.5;54.0;Pippip;0.91;"""";"""";"""";"""";""""
Car640380-2026-Pass2-Z1-PaRecPR1925492_20260422_210944_000;0.0;5.0;153.0;noise;0.91;"""";"""";"""";"""";""""
Car640380-2026-Pass2-Z1-PaRecPR1925492_20260422_210944_000;1.8;5.0;12.0;piaf;0.98;"""";"""";"""";"""";""""
Car640380-2026-Pass2-Z1-PaRecPR1925492_20260422_210949_000;0.0;5.0;154.0;noise;0.84;"""";"""";"""";"""";""""
Car640380-2026-Pass2-Z1-PaRecPR1925492_20260422_210949_000;0.0;4.2;15.0;piaf;0.99;"""";"""";"""";"""";""""
Car640380-2026-Pass2-Z1-PaRecPR1925492_20260422_210954_000;0.0;5.0;153.0;noise;0.97;"""";"""";"""";"""";""""
Car640380-2026-Pass2-Z1-PaRecPR1925492_20260422_210954_000;0.1;5.0;14.0;piaf;0.99;"""";"""";"""";"""";""""
Car640380-2026-Pass2-Z1-PaRecPR1925492_20260422_210959_000;0.0;5.0;154.0;noise;0.85;"""";"""";"""";"""";""""
Car640380-2026-Pass2-Z1-PaRecPR1925492_20260422_210959_000;0.1;4.9;13.0;piaf;0.95;"""";"""";"""";"""";""""
Car640380-2026-Pass2-Z1-PaRecPR1925492_20260422_210959_000;0.1;0.3;50.0;Pippip;0.75;"""";"""";"""";"""";""""
Car640380-2026-Pass2-Z1-PaRecPR1925492_20260422_211004_000;0.1;0.2;27.0;noise;0.77;"""";"""";"""";"""";""""
Car640380-2026-Pass2-Z1-PaRecPR1925492_20260422_211004_000;0.1;2.0;9.0;piaf;0.97;"""";"""";"""";"""";""""
Car640380-2026-Pass2-Z1-PaRecPR1925492_20260422_211004_000;0.0;2.3;153.0;Rhihip;0.88;"""";"""";"""";"""";""""
Car640380-2026-Pass2-Z1-PaRecPR1925492_20260422_211007_000;0.0;5.0;153.0;noise;0.76;"""";"""";"""";"""";""""
Car640380-2026-Pass2-Z1-PaRecPR1925492_20260422_211007_000;0.6;4.2;15.0;piaf;0.98;"""";"""";"""";"""";""""
Car640380-2026-Pass2-Z1-PaRecPR1925492_20260422_211012_000;0.0;1.2;154.0;noise;0.98;"""";"""";"""";"""";""""
Car640380-2026-Pass2-Z1-PaRecPR1925492_20260422_211013_000;0.0;4.4;16.0;piaf;0.98;"""";"""";"""";"""";""""
Car640380-2026-Pass2-Z1-PaRecPR1925492_20260422_211013_000;0.8;4.8;51.0;Pippip;0.98;"""";"""";"""";"""";""""
Car640380-2026-Pass2-Z1-PaRecPR1925492_20260422_211013_000;0.0;5.0;154.0;Rhihip;0.85;"""";"""";"""";"""";""""
Car640380-2026-Pass2-Z1-PaRecPR1925492_20260422_211018_000;0.1;0.7;154.0;noise;0.96;"""";"""";"""";"""";""""
Car640380-2026-Pass2-Z1-PaRecPR1925492_20260422_211019_000;0.0;2.7;154.0;noise;0.86;"""";"""";"""";"""";""""
Car640380-2026-Pass2-Z1-PaRecPR1925492_20260422_211019_000;0.0;2.1;8.0;piaf;0.99;"""";"""";"""";"""";""""
Car640380-2026-Pass2-Z1-PaRecPR1925492_20260422_211023_000;0.4;4.9;153.0;noise;0.85;"""";"""";"""";"""";""""
Car640380-2026-Pass2-Z1-PaRecPR1925492_20260422_211023_000;0.1;4.4;15.0;piaf;0.94;"""";"""";"""";"""";""""
Car640380-2026-Pass2-Z1-PaRecPR1925492_20260422_211028_000;0.0;5.0;154.0;noise;0.92;"""";"""";"""";"""";""""
Car640380-2026-Pass2-Z1-PaRecPR1925492_20260422_211028_000;0.0;4.3;14.0;piaf;0.99;"""";"""";"""";"""";""""
Car640380-2026-Pass2-Z1-PaRecPR1925492_20260422_211033_000;0.0;5.0;153.0;noise;0.81;"""";"""";"""";"""";""""
Car640380-2026-Pass2-Z1-PaRecPR1925492_20260422_211033_000;0.0;5.0;14.0;piaf;0.91;"""";"""";"""";"""";""""
Car640380-2026-Pass2-Z1-PaRecPR1925492_20260422_211038_000;0.0;3.1;153.0;noise;0.94;"""";"""";"""";"""";""""
Car640380-2026-Pass2-Z1-PaRecPR1925492_20260422_211038_000;0.4;2.8;8.0;piaf;0.98;"""";"""";"""";"""";""""
Car640380-2026-Pass2-Z1-PaRecPR1925492_20260422_211043_000;0.5;3.6;35.0;noise;0.56;"""";"""";"""";"""";""""
Car640380-2026-Pass2-Z1-PaRecPR1925492_20260422_211043_000;0.5;4.9;10.0;piaf;0.97;"""";"""";"""";"""";""""
Car640380-2026-Pass2-Z1-PaRecPR1925492_20260422_211043_000;0.7;5.0;47.0;Pippip;0.77;"""";"""";"""";"""";""""
Car640380-2026-Pass2-Z1-PaRecPR1925492_20260422_211043_000;0.4;5.0;154.0;Rhihip;0.1;"""";"""";"""";"""";""""
Car640380-2026-Pass2-Z1-PaRecPR1925492_20260422_211048_000;0.0;4.1;27.0;noise;0.54;"""";"""";"""";"""";""""
Car640380-2026-Pass2-Z1-PaRecPR1925492_20260422_211048_000;0.0;4.4;15.0;piaf;0.99;"""";"""";"""";"""";""""
Car640380-2026-Pass2-Z1-PaRecPR1925492_20260422_211048_000;0.1;2.0;54.0;Pippip;0.73;"""";"""";"""";"""";""""
Car640380-2026-Pass2-Z1-PaRecPR1925492_20260422_211048_000;0.0;5.0;153.0;Rhihip;0.93;"""";"""";"""";"""";""""
Car640380-2026-Pass2-Z1-PaRecPR1925492_20260422_211053_000;0.0;1.4;154.0;noise;0.96;"""";"""";"""";"""";""""
Car640380-2026-Pass2-Z1-PaRecPR1925492_20260422_211056_000;0.1;2.6;153.0;noise;0.92;"""";"""";"""";"""";""""
Car640380-2026-Pass2-Z1-PaRecPR1925492_20260422_211059_000;2.8;3.5;17.0;noise;0.7;"""";"""";"""";"""";""""
Car640380-2026-Pass2-Z1-PaRecPR1925492_20260422_211059_000;0.3;4.9;8.0;piaf;0.99;"""";"""";"""";"""";""""
Car640380-2026-Pass2-Z1-PaRecPR1925492_20260422_211059_000;1.5;4.8;50.0;Pippip;0.96;"""";"""";"""";"""";""""
Car640380-2026-Pass2-Z1-PaRecPR1925492_20260422_211059_000;0.4;5.0;154.0;Rhihip;0.85;"""";"""";"""";"""";""""
Car640380-2026-Pass2-Z1-PaRecPR1925492_20260422_211104_000;0.1;5.0;153.0;noise;0.95;"""";"""";"""";"""";""""
Car640380-2026-Pass2-Z1-PaRecPR1925492_20260422_211104_000;0.4;4.0;51.0;Pippip;0.92;"""";"""";"""";"""";""""
Car640380-2026-Pass2-Z1-PaRecPR1925492_20260422_211104_000;0.0;4.3;8.0;Tetvir;0.35;"""";"""";"""";"""";""""
Car640380-2026-Pass2-Z1-PaRecPR1925492_20260422_211109_000;0.0;0.7;154.0;noise;0.98;"""";"""";"""";"""";""""
Car640380-2026-Pass2-Z1-PaRecPR1925492_20260422_211110_000;0.0;5.0;153.0;noise;0.95;"""";"""";"""";"""";""""
Car640380-2026-Pass2-Z1-PaRecPR1925492_20260422_211110_000;0.6;4.5;9.0;piaf;0.97;"""";"""";"""";"""";""""
Car640380-2026-Pass2-Z1-PaRecPR1925492_20260422_211110_000;1.8;4.8;53.0;Pippip;0.95;"""";"""";"""";"""";""""
Car640380-2026-Pass2-Z1-PaRecPR1925492_20260422_211115_000;0.0;0.2;153.0;noise;0.97;"""";"""";"""";"""";""""
Car640380-2026-Pass2-Z1-PaRecPR1925492_20260422_211116_000;0.0;4.9;153.0;noise;0.8;"""";"""";"""";"""";""""
Car640380-2026-Pass2-Z1-PaRecPR1925492_20260422_211116_000;0.0;4.8;9.0;piaf;0.98;"""";"""";"""";"""";""""
Car640380-2026-Pass2-Z1-PaRecPR1925492_20260422_211116_000;0.3;4.9;55.0;Pippip;0.95;"""";"""";"""";"""";""""
Car640380-2026-Pass2-Z1-PaRecPR1925492_20260422_211122_000;0.4;5.0;154.0;noise;0.86;"""";"""";"""";"""";""""
Car640380-2026-Pass2-Z1-PaRecPR1925492_20260422_211122_000;0.3;5.0;15.0;piaf;0.99;"""";"""";"""";"""";""""
Car640380-2026-Pass2-Z1-PaRecPR1925492_20260422_211122_000;0.0;2.9;49.0;Pippip;0.98;"""";"""";"""";"""";""""
Car640380-2026-Pass2-Z1-PaRecPR1925492_20260422_211127_000;0.0;5.0;153.0;noise;0.9;"""";"""";"""";"""";""""
Car640380-2026-Pass2-Z1-PaRecPR1925492_20260422_211127_000;0.9;2.9;14.0;piaf;0.96;"""";"""";"""";"""";""""
Car640380-2026-Pass2-Z1-PaRecPR1925492_20260422_211127_000;2.5;4.8;52.0;Pippip;0.76;"""";"""";"""";"""";""""
Car640380-2026-Pass2-Z1-PaRecPR1925492_20260422_211132_000;0.4;0.7;28.0;noise;0.57;"""";"""";"""";"""";""""
Car640380-2026-Pass2-Z1-PaRecPR1925492_20260422_211132_000;0.8;4.4;14.0;piaf;0.99;"""";"""";"""";"""";""""
Car640380-2026-Pass2-Z1-PaRecPR1925492_20260422_211132_000;2.8;5.0;52.0;Pippip;0.88;"""";"""";"""";"""";""""
Car640380-2026-Pass2-Z1-PaRecPR1925492_20260422_211132_000;0.0;5.0;153.0;Rhihip;0.95;"""";"""";"""";"""";""""
Car640380-2026-Pass2-Z1-PaRecPR1925492_20260422_211137_000;0.2;1.9;86.0;noise;0.63;"""";"""";"""";"""";""""
Car640380-2026-Pass2-Z1-PaRecPR1925492_20260422_211137_000;0.0;2.1;9.0;piaf;0.99;"""";"""";"""";"""";""""
Car640380-2026-Pass2-Z1-PaRecPR1925492_20260422_211137_000;0.0;2.2;52.0;Pippip;0.94;"""";"""";"""";"""";""""
Car640380-2026-Pass2-Z1-PaRecPR1925492_20260422_211137_000;0.0;2.3;154.0;Rhihip;0.88;"""";"""";"""";"""";""""
Car640380-2026-Pass2-Z1-PaRecPR1925492_20260422_211141_000;0.4;5.0;153.0;noise;0.81;"""";"""";"""";"""";""""
Car640380-2026-Pass2-Z1-PaRecPR1925492_20260422_211141_000;0.9;3.6;16.0;piaf;0.97;"""";"""";"""";"""";""""
Car640380-2026-Pass2-Z1-PaRecPR1925492_20260422_211141_000;0.1;2.6;52.0;Pippip;0.35;"""";"""";"""";"""";""""
Car640380-2026-Pass2-Z1-PaRecPR1925492_20260422_211146_000;0.0;0.2;153.0;noise;0.96;"""";"""";"""";"""";""""
Car640380-2026-Pass2-Z1-PaRecPR1925492_20260422_211146_000;0.1;0.2;52.0;Pippip;0.27;"""";"""";"""";"""";""""
Car640380-2026-Pass2-Z1-PaRecPR1925492_20260422_211148_000;0.0;0.3;16.0;piaf;0.2;"""";"""";"""";"""";""""
Car640380-2026-Pass2-Z1-PaRecPR1925492_20260422_211148_000;0.3;1.1;53.0;Pippip;0.95;"""";"""";"""";"""";""""
Car640380-2026-Pass2-Z1-PaRecPR1925492_20260422_211148_000;0.0;2.0;153.0;noise;0.56;"""";"""";"""";"""";""""
Car640380-2026-Pass2-Z1-PaRecPR1925492_20260422_211151_000;0.2;5.0;153.0;noise;0.87;"""";"""";"""";"""";""""
Car640380-2026-Pass2-Z1-PaRecPR1925492_20260422_211151_000;0.5;4.3;16.0;piaf;0.99;"""";"""";"""";"""";""""
Car640380-2026-Pass2-Z1-PaRecPR1925492_20260422_211151_000;3.5;3.6;52.0;Pippip;0.67;"""";"""";"""";"""";""""
Car640380-2026-Pass2-Z1-PaRecPR1925492_20260422_211156_000;0.5;0.8;53.0;Pippip;0.19;"""";"""";"""";"""";""""
Car640380-2026-Pass2-Z1-PaRecPR1925492_20260422_211156_000;0.0;1.1;153.0;noise;0.98;"""";"""";"""";"""";""""
Car640380-2026-Pass2-Z1-PaRecPR1925492_20260422_211203_000;0.1;4.9;153.0;noise;0.8;"""";"""";"""";"""";""""
Car640380-2026-Pass2-Z1-PaRecPR1925492_20260422_211203_000;0.0;4.8;9.0;piaf;0.98;"""";"""";"""";"""";""""
Car640380-2026-Pass2-Z1-PaRecPR1925492_20260422_211203_000;1.9;5.0;52.0;Pippip;0.92;"""";"""";"""";"""";""""
Car640380-2026-Pass2-Z1-PaRecPR1925492_20260422_211208_000;0.0;5.0;153.0;noise;0.82;"""";"""";"""";"""";""""
Car640380-2026-Pass2-Z1-PaRecPR1925492_20260422_211208_000;0.1;4.8;14.0;piaf;0.95;"""";"""";"""";"""";""""
Car640380-2026-Pass2-Z1-PaRecPR1925492_20260422_211208_000;0.0;5.0;56.0;Pippip;0.89;"""";"""";"""";"""";""""
Car640380-2026-Pass2-Z1-PaRecPR1925492_20260422_211213_000;0.2;5.0;153.0;noise;0.91;"""";"""";"""";"""";""""
Car640380-2026-Pass2-Z1-PaRecPR1925492_20260422_211213_000;0.0;4.6;9.0;piaf;0.99;"""";"""";"""";"""";""""
Car640380-2026-Pass2-Z1-PaRecPR1925492_20260422_211213_000;3.6;5.0;45.0;Pipkuh;0.48;"""";"""";"""";"""";""""
Car640380-2026-Pass2-Z1-PaRecPR1925492_20260422_211213_000;0.0;4.9;58.0;Pippip;0.98;"""";"""";"""";"""";""""
Car640380-2026-Pass2-Z1-PaRecPR1925492_20260422_211218_000;0.4;4.2;31.0;Eptser;0.7;"""";"""";"""";"""";""""
Car640380-2026-Pass2-Z1-PaRecPR1925492_20260422_211218_000;0.0;0.5;34.0;Leppun;0.05;"""";"""";"""";"""";""""
Car640380-2026-Pass2-Z1-PaRecPR1925492_20260422_211218_000;0.0;4.9;153.0;noise;0.93;"""";"""";"""";"""";""""
Car640380-2026-Pass2-Z1-PaRecPR1925492_20260422_211218_000;0.2;5.0;11.0;piaf;0.96;"""";"""";"""";"""";""""
Car640380-2026-Pass2-Z1-PaRecPR1925492_20260422_211218_000;0.0;5.0;52.0;Pippip;0.98;"""";"""";"""";"""";""""
Car640380-2026-Pass2-Z1-PaRecPR1925492_20260422_211223_000;0.0;5.0;154.0;noise;0.88;"""";"""";"""";"""";""""
Car640380-2026-Pass2-Z1-PaRecPR1925492_20260422_211223_000;0.3;5.0;14.0;piaf;0.46;"""";"""";"""";"""";""""
Car640380-2026-Pass2-Z1-PaRecPR1925492_20260422_211223_000;0.0;4.8;52.0;Pippip;0.98;"""";"""";"""";"""";""""
Car640380-2026-Pass2-Z1-PaRecPR1925492_20260422_211228_000;0.0;5.0;154.0;noise;0.94;"""";"""";"""";"""";""""
Car640380-2026-Pass2-Z1-PaRecPR1925492_20260422_211228_000;0.2;4.9;9.0;piaf;0.98;"""";"""";"""";"""";""""
Car640380-2026-Pass2-Z1-PaRecPR1925492_20260422_211228_000;0.4;4.4;55.0;Pippip;0.9;"""";"""";"""";"""";""""
Car640380-2026-Pass2-Z1-PaRecPR1925492_20260422_211233_000;0.0;0.1;111.0;noise;0.98;"""";"""";"""";"""";""""
Car640380-2026-Pass2-Z1-PaRecPR1925492_20260422_211242_000;0.4;5.0;154.0;noise;0.86;"""";"""";"""";"""";""""
Car640380-2026-Pass2-Z1-PaRecPR1925492_20260422_211242_000;1.7;4.0;9.0;piaf;0.95;"""";"""";"""";"""";""""
Car640380-2026-Pass2-Z1-PaRecPR1925492_20260422_211242_000;0.0;3.4;53.0;Pippip;0.84;"""";"""";"""";"""";""""
Car640380-2026-Pass2-Z1-PaRecPR1925492_20260422_211247_000;0.0;1.0;153.0;noise;0.96;"""";"""";"""";"""";""""
Car640380-2026-Pass2-Z1-PaRecPR1925492_20260422_211248_000;2.2;3.4;23.0;noise;0.82;"""";"""";"""";"""";""""
Car640380-2026-Pass2-Z1-PaRecPR1925492_20260422_211248_000;0.1;4.2;9.0;piaf;0.98;"""";"""";"""";"""";""""
Car640380-2026-Pass2-Z1-PaRecPR1925492_20260422_211248_000;0.0;4.7;153.0;Rhihip;0.13;"""";"""";"""";"""";""""
Car640380-2026-Pass2-Z1-PaRecPR1925492_20260422_211253_000;0.4;2.4;154.0;noise;0.95;"""";"""";"""";"""";""""
Car640380-2026-Pass2-Z1-PaRecPR1925492_20260422_211253_000;0.3;0.5;53.0;Pippip;0.61;"""";"""";"""";"""";""""
Car640380-2026-Pass2-Z1-PaRecPR1925492_20260422_211300_000;0.4;5.0;154.0;noise;0.81;"""";"""";"""";"""";""""
Car640380-2026-Pass2-Z1-PaRecPR1925492_20260422_211300_000;0.2;4.4;8.0;piaf;0.97;"""";"""";"""";"""";""""
Car640380-2026-Pass2-Z1-PaRecPR1925492_20260422_211300_000;1.2;3.7;56.0;Pippip;0.86;"""";"""";"""";"""";""""
Car640380-2026-Pass2-Z1-PaRecPR1925492_20260422_211305_000;0.0;1.2;154.0;noise;0.99;"""";"""";"""";"""";""""
Car640380-2026-Pass2-Z1-PaRecPR1925492_20260422_211310_000;0.1;2.4;153.0;noise;0.83;"""";"""";"""";"""";""""
Car640380-2026-Pass2-Z1-PaRecPR1925492_20260422_211312_000;0.2;5.0;154.0;noise;0.91;"""";"""";"""";"""";""""
Car640380-2026-Pass2-Z1-PaRecPR1925492_20260422_211312_000;1.3;4.1;8.0;piaf;0.99;"""";"""";"""";"""";""""
Car640380-2026-Pass2-Z1-PaRecPR1925492_20260422_211312_000;0.5;5.0;54.0;Pippip;0.95;"""";"""";"""";"""";""""
Car640380-2026-Pass2-Z1-PaRecPR1925492_20260422_211317_000;0.0;1.1;153.0;noise;0.93;"""";"""";"""";"""";""""
Car640380-2026-Pass2-Z1-PaRecPR1925492_20260422_211317_000;0.3;0.5;50.0;Pippip;0.97;"""";"""";"""";"""";""""
Car640380-2026-Pass2-Z1-PaRecPR1925492_20260422_211318_000;0.0;2.1;153.0;noise;0.86;"""";"""";"""";"""";""""
Car640380-2026-Pass2-Z1-PaRecPR1925492_20260422_211318_000;0.2;2.3;50.0;Pippip;0.98;"""";"""";"""";"""";""""
Car640380-2026-Pass2-Z1-PaRecPR1925492_20260422_211324_000;0.4;5.0;153.0;noise;0.83;"""";"""";"""";"""";""""
Car640380-2026-Pass2-Z1-PaRecPR1925492_20260422_211324_000;0.3;4.4;9.0;piaf;0.98;"""";"""";"""";"""";""""
Car640380-2026-Pass2-Z1-PaRecPR1925492_20260422_211324_000;0.0;5.0;51.0;Pippip;0.97;"""";"""";"""";"""";""""
Car640380-2026-Pass2-Z1-PaRecPR1925492_20260422_211329_000;0.0;3.4;154.0;noise;0.94;"""";"""";"""";"""";""""
Car640380-2026-Pass2-Z1-PaRecPR1925492_20260422_211329_000;0.5;3.3;17.0;piaf;0.97;"""";"""";"""";"""";""""
Car640380-2026-Pass2-Z1-PaRecPR1925492_20260422_211329_000;0.0;3.3;52.0;Pippip;0.99;"""";"""";"""";"""";""""
Car640380-2026-Pass2-Z1-PaRecPR1925492_20260422_211334_000;0.0;2.1;153.0;noise;0.92;"""";"""";"""";"""";""""
Car640380-2026-Pass2-Z1-PaRecPR1925492_20260422_211334_000;0.0;1.9;52.0;Pippip;0.98;"""";"""";"""";"""";""""
Car640380-2026-Pass2-Z1-PaRecPR1925492_20260422_211339_000;0.3;2.4;153.0;noise;0.86;"""";"""";"""";"""";""""
Car640380-2026-Pass2-Z1-PaRecPR1925492_20260422_211339_000;0.2;1.8;8.0;piaf;0.99;"""";"""";"""";"""";""""
Car640380-2026-Pass2-Z1-PaRecPR1925492_20260422_211339_000;1.4;2.4;50.0;Pippip;0.77;"""";"""";"""";"""";""""
Car640380-2026-Pass2-Z1-PaRecPR1925492_20260422_211343_000;0.2;2.5;153.0;noise;0.92;"""";"""";"""";"""";""""
Car640380-2026-Pass2-Z1-PaRecPR1925492_20260422_211343_000;0.0;2.5;53.0;Pippip;0.97;"""";"""";"""";"""";""""
Car640380-2026-Pass2-Z1-PaRecPR1925492_20260422_211346_000;0.4;3.8;153.0;noise;0.86;"""";"""";"""";"""";""""
Car640380-2026-Pass2-Z1-PaRecPR1925492_20260422_211346_000;0.9;1.8;16.0;piaf;0.98;"""";"""";"""";"""";""""
Car640380-2026-Pass2-Z1-PaRecPR1925492_20260422_211346_000;1.3;3.8;53.0;Pippip;0.96;"""";"""";"""";"""";""""
Car640380-2026-Pass2-Z1-PaRecPR1925492_20260422_211349_000;0.0;5.0;153.0;noise;0.85;"""";"""";"""";"""";""""
Car640380-2026-Pass2-Z1-PaRecPR1925492_20260422_211349_000;2.7;4.8;20.0;piaf;0.78;"""";"""";"""";"""";""""
Car640380-2026-Pass2-Z1-PaRecPR1925492_20260422_211349_000;0.0;4.8;59.0;Pippip;0.95;"""";"""";"""";"""";""""
Car640380-2026-Pass2-Z1-PaRecPR1925492_20260422_211354_000;0.0;1.8;154.0;noise;0.97;"""";"""";"""";"""";""""
Car640380-2026-Pass2-Z1-PaRecPR1925492_20260422_211354_000;0.1;1.7;51.0;Pippip;0.96;"""";"""";"""";"""";""""
Car640380-2026-Pass2-Z1-PaRecPR1925492_20260422_211405_000;0.4;5.0;153.0;noise;0.92;"""";"""";"""";"""";""""
Car640380-2026-Pass2-Z1-PaRecPR1925492_20260422_211405_000;0.1;5.0;65.0;Pippip;0.98;"""";"""";"""";"""";""""
Car640380-2026-Pass2-Z1-PaRecPR1925492_20260422_211410_000;0.0;2.8;153.0;noise;0.98;"""";"""";"""";"""";""""
Car640380-2026-Pass2-Z1-PaRecPR1925492_20260422_211410_000;0.0;2.8;54.0;Pippip;0.98;"""";"""";"""";"""";""""
Car640380-2026-Pass2-Z1-PaRecPR1925492_20260422_211507_000;0.4;5.0;153.0;noise;0.7;"""";"""";"""";"""";""""
Car640380-2026-Pass2-Z1-PaRecPR1925492_20260422_211507_000;0.4;4.0;8.0;piaf;0.92;"""";"""";"""";"""";""""
Car640380-2026-Pass2-Z1-PaRecPR1925492_20260422_211507_000;0.1;5.0;52.0;Pipkuh;0.84;"""";"""";"""";"""";""""
Car640380-2026-Pass2-Z1-PaRecPR1925492_20260422_211512_000;0.0;0.2;154.0;noise;0.98;"""";"""";"""";"""";""""
Car640380-2026-Pass2-Z1-PaRecPR1925492_20260422_211512_000;0.0;0.1;43.0;Pippip;0.17;"""";"""";"""";"""";""""
Car640380-2026-Pass2-Z1-PaRecPR1925492_20260422_211513_000;0.4;3.5;154.0;noise;0.93;"""";"""";"""";"""";""""
Car640380-2026-Pass2-Z1-PaRecPR1925492_20260422_211513_000;2.2;2.8;8.0;piaf;0.96;"""";"""";"""";"""";""""
Car640380-2026-Pass2-Z1-PaRecPR1925492_20260422_211513_000;0.0;2.6;46.0;Pipkuh;0.97;"""";"""";"""";"""";""""
Car640380-2026-Pass2-Z1-PaRecPR1925492_20260422_211513_000;1.0;3.5;52.0;Pippip;0.95;"""";"""";"""";"""";""""
Car640380-2026-Pass2-Z1-PaRecPR1925492_20260422_211517_000;0.4;2.6;154.0;noise;0.86;"""";"""";"""";"""";""""
Car640380-2026-Pass2-Z1-PaRecPR1925492_20260422_211517_000;0.0;2.6;41.0;Pipkuh;0.96;"""";"""";"""";"""";""""
Car640380-2026-Pass2-Z1-PaRecPR1925492_20260422_211521_000;0.4;4.9;154.0;noise;0.96;"""";"""";"""";"""";""""
Car640380-2026-Pass2-Z1-PaRecPR1925492_20260422_211521_000;0.0;3.5;47.0;Pipkuh;0.96;"""";"""";"""";"""";""""
Car640380-2026-Pass2-Z1-PaRecPR1925492_20260422_211521_000;0.4;4.0;68.0;Pippip;0.96;"""";"""";"""";"""";""""
Car640380-2026-Pass2-Z1-PaRecPR1925492_20260422_211531_000;0.3;2.0;153.0;noise;0.95;"""";"""";"""";"""";""""
Car640380-2026-Pass2-Z1-PaRecPR1925492_20260422_211531_000;1.5;2.0;8.0;piaf;0.93;"""";"""";"""";"""";""""
Car640380-2026-Pass2-Z1-PaRecPR1925492_20260422_211602_000;0.2;1.2;23.0;noise;0.84;"""";"""";"""";"""";""""
Car640380-2026-Pass2-Z1-PaRecPR1925492_20260422_211602_000;0.0;2.5;50.0;Pippip;0.98;"""";"""";"""";"""";""""
Car640380-2026-Pass2-Z1-PaRecPR1925492_20260422_211602_000;0.4;2.5;153.0;Rhihip;0.92;"""";"""";"""";"""";""""
Car640380-2026-Pass2-Z1-PaRecPR1925492_20260422_211616_000;0.9;1.0;14.0;noise;0.42;"""";"""";"""";"""";""""
Car640380-2026-Pass2-Z1-PaRecPR1925492_20260422_211616_000;0.0;0.1;8.0;piaf;0.98;"""";"""";"""";"""";""""
Car640380-2026-Pass2-Z1-PaRecPR1925492_20260422_211616_000;0.0;2.4;153.0;Rhihip;0.96;"""";"""";"""";"""";""""
Car640380-2026-Pass2-Z1-PaRecPR1925492_20260422_211629_000;0.4;1.9;152.0;noise;0.85;"""";"""";"""";"""";""""
Car640380-2026-Pass2-Z1-PaRecPR1925492_20260422_211629_000;1.0;1.2;8.0;piaf;0.98;"""";"""";"""";"""";""""
Car640380-2026-Pass2-Z1-PaRecPR1925492_20260422_211629_000;0.0;2.5;153.0;Rhihip;0.97;"""";"""";"""";"""";""""
Car640380-2026-Pass2-Z1-PaRecPR1925492_20260422_211641_000;0.3;3.7;153.0;noise;0.88;"""";"""";"""";"""";""""
Car640380-2026-Pass2-Z1-PaRecPR1925492_20260422_211641_000;1.6;2.9;18.0;Phanan;0.64;"""";"""";"""";"""";""""
Car640380-2026-Pass2-Z1-PaRecPR1925492_20260422_211641_000;0.6;3.4;53.0;Pippip;0.87;"""";"""";"""";"""";""""
Car640380-2026-Pass2-Z1-PaRecPR1925492_20260422_211649_000;0.4;3.4;154.0;noise;0.92;"""";"""";"""";"""";""""
Car640380-2026-Pass2-Z1-PaRecPR1925492_20260422_211649_000;0.0;3.2;46.0;Pipkuh;0.96;"""";"""";"""";"""";""""
Car640380-2026-Pass2-Z1-PaRecPR1925492_20260422_211649_000;0.1;3.3;53.0;Pippip;0.99;"""";"""";"""";"""";""""
Car640380-2026-Pass2-Z1-PaRecPR1925492_20260422_211724_000;0.1;4.7;153.0;noise;0.88;"""";"""";"""";"""";""""
Car640380-2026-Pass2-Z1-PaRecPR1925492_20260422_211724_000;0.0;4.7;53.0;Pippip;0.97;"""";"""";"""";"""";""""
Car640380-2026-Pass2-Z1-PaRecPR1925492_20260422_211734_000;0.1;2.4;153.0;noise;0.97;"""";"""";"""";"""";""""
Car640380-2026-Pass2-Z1-PaRecPR1925492_20260422_211750_000;0.2;3.2;153.0;noise;0.95;"""";"""";"""";"""";""""
Car640380-2026-Pass2-Z1-PaRecPR1925492_20260422_211750_000;0.0;3.2;52.0;Pippip;0.99;"""";"""";"""";"""";""""
Car640380-2026-Pass2-Z1-PaRecPR1925492_20260422_211808_000;0.3;2.7;153.0;noise;0.84;"""";"""";"""";"""";""""
Car640380-2026-Pass2-Z1-PaRecPR1925492_20260422_211808_000;0.0;2.7;51.0;Pippip;0.99;"""";"""";"""";"""";""""
Car640380-2026-Pass2-Z1-PaRecPR1925492_20260422_211812_000;0.4;1.9;153.0;noise;0.96;"""";"""";"""";"""";""""
Car640380-2026-Pass2-Z1-PaRecPR1925492_20260422_211812_000;0.0;1.9;51.0;Pippip;0.98;"""";"""";"""";"""";""""
Car640380-2026-Pass2-Z1-PaRecPR1925492_20260422_211853_000;0.4;3.8;154.0;noise;0.81;"""";"""";"""";"""";""""
Car640380-2026-Pass2-Z1-PaRecPR1925492_20260422_211853_000;0.0;3.6;52.0;Pippip;0.99;"""";"""";"""";"""";""""
Car640380-2026-Pass2-Z1-PaRecPR1925492_20260422_211853_000;0.4;3.6;154.0;Rhifer;0.07;"""";"""";"""";"""";""""
Car640380-2026-Pass2-Z1-PaRecPR1925492_20260422_211909_000;0.4;4.6;153.0;noise;0.94;"""";"""";"""";"""";""""
Car640380-2026-Pass2-Z1-PaRecPR1925492_20260422_211909_000;0.1;3.9;51.0;Pippip;0.99;"""";"""";"""";"""";""""
Car640380-2026-Pass2-Z1-PaRecPR1925492_20260422_212008_000;0.5;4.9;128.0;noise;0.83;"""";"""";"""";"""";""""
Car640380-2026-Pass2-Z1-PaRecPR1925492_20260422_212008_000;0.1;5.0;44.0;Pipkuh;0.97;"""";"""";"""";"""";""""
Car640380-2026-Pass2-Z1-PaRecPR1925492_20260422_212008_000;0.4;5.0;154.0;Rusnit;0.04;Tetvir, Pippip;"""";"""";"""";""""
Car640380-2026-Pass2-Z1-PaRecPR1925492_20260422_212013_000;0.0;0.4;153.0;noise;0.96;"""";"""";"""";"""";""""
Car640380-2026-Pass2-Z1-PaRecPR1925492_20260422_212013_000;0.0;0.2;41.0;Pipkuh;0.76;"""";"""";"""";"""";""""
Car640380-2026-Pass2-Z1-PaRecPR1925492_20260422_212025_000;1.5;5.0;80.0;Leppun;0.1;"""";"""";"""";"""";""""
Car640380-2026-Pass2-Z1-PaRecPR1925492_20260422_212025_000;0.2;5.0;153.0;noise;0.67;"""";"""";"""";"""";""""
Car640380-2026-Pass2-Z1-PaRecPR1925492_20260422_212025_000;0.0;5.0;46.0;Pipkuh;0.94;"""";"""";"""";"""";""""
Car640380-2026-Pass2-Z1-PaRecPR1925492_20260422_212030_000;0.0;1.3;153.0;noise;0.83;"""";"""";"""";"""";""""
Car640380-2026-Pass2-Z1-PaRecPR1925492_20260422_212030_000;0.1;1.3;43.0;Pipkuh;0.93;"""";"""";"""";"""";""""
Car640380-2026-Pass2-Z1-PaRecPR1925492_20260422_212042_000;1.4;4.4;10.0;noise;0.81;"""";"""";"""";"""";""""
Car640380-2026-Pass2-Z1-PaRecPR1925492_20260422_212042_000;4.3;4.4;9.0;piaf;0.8;"""";"""";"""";"""";""""
Car640380-2026-Pass2-Z1-PaRecPR1925492_20260422_212042_000;0.0;3.8;52.0;Pippip;0.99;"""";"""";"""";"""";""""
Car640380-2026-Pass2-Z1-PaRecPR1925492_20260422_212042_000;0.4;4.4;153.0;Rhihip;0.13;"""";"""";"""";"""";""""
Car640380-2026-Pass2-Z1-PaRecPR1925492_20260422_212059_000;0.4;2.1;154.0;noise;0.97;"""";"""";"""";"""";""""
Car640380-2026-Pass2-Z1-PaRecPR1925492_20260422_212059_000;0.0;2.0;53.0;Pippip;0.99;"""";"""";"""";"""";""""
Car640380-2026-Pass2-Z1-PaRecPR1925492_20260422_212102_000;0.4;3.2;153.0;noise;0.91;"""";"""";"""";"""";""""
Car640380-2026-Pass2-Z1-PaRecPR1925492_20260422_212102_000;0.0;2.7;51.0;Pippip;0.99;"""";"""";"""";"""";""""
Car640380-2026-Pass2-Z1-PaRecPR1925492_20260422_212117_000;0.4;5.0;153.0;noise;0.89;"""";"""";"""";"""";""""
Car640380-2026-Pass2-Z1-PaRecPR1925492_20260422_212117_000;2.3;2.7;9.0;piaf;0.9;"""";"""";"""";"""";""""
Car640380-2026-Pass2-Z1-PaRecPR1925492_20260422_212117_000;0.0;5.0;57.0;Pippip;0.95;"""";"""";"""";"""";""""
Car640380-2026-Pass2-Z1-PaRecPR1925492_20260422_212122_000;0.0;1.0;153.0;noise;0.96;"""";"""";"""";"""";""""
Car640380-2026-Pass2-Z1-PaRecPR1925492_20260422_212122_000;0.0;1.0;53.0;Pippip;0.97;"""";"""";"""";"""";""""
Car640380-2026-Pass2-Z1-PaRecPR1925492_20260422_212123_000;0.4;2.7;153.0;noise;0.91;"""";"""";"""";"""";""""
Car640380-2026-Pass2-Z1-PaRecPR1925492_20260422_212123_000;0.0;2.7;52.0;Pippip;0.99;"""";"""";"""";"""";""""
Car640380-2026-Pass2-Z1-PaRecPR1925492_20260422_212128_000;0.1;5.0;154.0;noise;0.94;"""";"""";"""";"""";""""
Car640380-2026-Pass2-Z1-PaRecPR1925492_20260422_212128_000;0.1;5.0;65.0;Pippip;0.98;"""";"""";"""";"""";""""
Car640380-2026-Pass2-Z1-PaRecPR1925492_20260422_212133_000;0.0;1.4;153.0;noise;0.96;"""";"""";"""";"""";""""
Car640380-2026-Pass2-Z1-PaRecPR1925492_20260422_212133_000;0.0;1.3;51.0;Pippip;0.96;"""";"""";"""";"""";""""
Car640380-2026-Pass2-Z1-PaRecPR1925492_20260422_212141_000;0.2;2.1;153.0;noise;0.95;"""";"""";"""";"""";""""
Car640380-2026-Pass2-Z1-PaRecPR1925492_20260422_212141_000;0.0;2.0;53.0;Pippip;0.98;"""";"""";"""";"""";""""
Car640380-2026-Pass2-Z1-PaRecPR1925492_20260422_212150_000;0.0;2.5;153.0;noise;0.78;"""";"""";"""";"""";""""
Car640380-2026-Pass2-Z1-PaRecPR1925492_20260422_212150_000;0.0;1.8;50.0;Pippip;0.99;"""";"""";"""";"""";""""
Car640380-2026-Pass2-Z1-PaRecPR1925492_20260422_212209_000;0.4;2.5;153.0;noise;0.91;"""";"""";"""";"""";""""
Car640380-2026-Pass2-Z1-PaRecPR1925492_20260422_212209_000;0.3;1.9;9.0;piaf;0.98;"""";"""";"""";"""";""""
Car640380-2026-Pass2-Z1-PaRecPR1925492_20260422_212209_000;0.0;1.7;50.0;Pippip;0.99;"""";"""";"""";"""";""""
Car640380-2026-Pass2-Z1-PaRecPR1925492_20260422_212215_000;0.2;5.0;153.0;noise;0.97;"""";"""";"""";"""";""""
Car640380-2026-Pass2-Z1-PaRecPR1925492_20260422_212215_000;0.0;5.0;66.0;Pippip;0.98;"""";"""";"""";"""";""""
Car640380-2026-Pass2-Z1-PaRecPR1925492_20260422_212220_000;0.0;1.3;153.0;noise;0.97;"""";"""";"""";"""";""""
Car640380-2026-Pass2-Z1-PaRecPR1925492_20260422_212220_000;0.0;1.3;53.0;Pippip;0.98;"""";"""";"""";"""";""""
Car640380-2026-Pass2-Z1-PaRecPR1925492_20260422_212223_000;0.0;4.8;154.0;noise;0.92;"""";"""";"""";"""";""""
Car640380-2026-Pass2-Z1-PaRecPR1925492_20260422_212223_000;0.1;5.0;99.0;Pippip;0.97;"""";"""";"""";"""";""""
Car640380-2026-Pass2-Z1-PaRecPR1925492_20260422_212223_000;2.1;4.3;13.0;Tadten;0.04;piaf, Tetvir, Pipkuh, Phogri;"""";"""";"""";""""
Car640380-2026-Pass2-Z1-PaRecPR1925492_20260422_212228_000;0.0;1.1;153.0;noise;0.91;"""";"""";"""";"""";""""
Car640380-2026-Pass2-Z1-PaRecPR1925492_20260422_212228_000;0.0;0.8;52.0;Pippip;0.94;"""";"""";"""";"""";""""
Car640380-2026-Pass2-Z1-PaRecPR1925492_20260422_212228_000;0.6;0.7;12.0;Tadten;0.07;"""";"""";"""";"""";""""
Car640380-2026-Pass2-Z1-PaRecPR1925492_20260422_212240_000;0.4;5.0;153.0;noise;0.97;"""";"""";"""";"""";""""
Car640380-2026-Pass2-Z1-PaRecPR1925492_20260422_212240_000;0.0;5.0;66.0;Pippip;0.98;"""";"""";"""";"""";""""
Car640380-2026-Pass2-Z1-PaRecPR1925492_20260422_212245_000;0.0;2.3;153.0;noise;0.94;"""";"""";"""";"""";""""
Car640380-2026-Pass2-Z1-PaRecPR1925492_20260422_212245_000;0.0;2.0;52.0;Pippip;0.96;"""";"""";"""";"""";""""
Car640380-2026-Pass2-Z1-PaRecPR1925492_20260422_212250_000;0.4;5.0;153.0;noise;0.97;"""";"""";"""";"""";""""
Car640380-2026-Pass2-Z1-PaRecPR1925492_20260422_212250_000;0.0;5.0;74.0;Pippip;0.97;"""";"""";"""";"""";""""
Car640380-2026-Pass2-Z1-PaRecPR1925492_20260422_212255_000;0.0;3.5;153.0;noise;0.94;"""";"""";"""";"""";""""
Car640380-2026-Pass2-Z1-PaRecPR1925492_20260422_212255_000;0.0;3.6;54.0;Pippip;0.99;"""";"""";"""";"""";""""
Car640380-2026-Pass2-Z1-PaRecPR1925492_20260422_212258_000;0.0;5.0;153.0;noise;0.97;"""";"""";"""";"""";""""
Car640380-2026-Pass2-Z1-PaRecPR1925492_20260422_212258_000;0.0;4.8;58.0;Pippip;0.97;"""";"""";"""";"""";""""
Car640380-2026-Pass2-Z1-PaRecPR1925492_20260422_212303_000;0.0;0.7;153.0;noise;0.98;"""";"""";"""";"""";""""
Car640380-2026-Pass2-Z1-PaRecPR1925492_20260422_212303_000;0.6;0.7;48.0;Pippip;0.75;"""";"""";"""";"""";""""
Car640380-2026-Pass2-Z1-PaRecPR1925492_20260422_212308_000;0.1;1.9;154.0;noise;0.96;"""";"""";"""";"""";""""
Car640380-2026-Pass2-Z1-PaRecPR1925492_20260422_212308_000;0.0;1.8;56.0;Pippip;0.97;"""";"""";"""";"""";""""
Car640380-2026-Pass2-Z1-PaRecPR1925492_20260422_212319_000;0.4;4.8;153.0;noise;0.91;"""";"""";"""";"""";""""
Car640380-2026-Pass2-Z1-PaRecPR1925492_20260422_212319_000;0.0;4.5;62.0;Pippip;0.97;"""";"""";"""";"""";""""
Car640380-2026-Pass2-Z1-PaRecPR1925492_20260422_212327_000;0.3;2.1;153.0;noise;0.92;"""";"""";"""";"""";""""
Car640380-2026-Pass2-Z1-PaRecPR1925492_20260422_212327_000;0.0;2.1;52.0;Pippip;0.99;"""";"""";"""";"""";""""
Car640380-2026-Pass2-Z1-PaRecPR1925492_20260422_212329_000;0.0;2.3;153.0;noise;0.94;"""";"""";"""";"""";""""
Car640380-2026-Pass2-Z1-PaRecPR1925492_20260422_212329_000;0.0;2.2;53.0;Pippip;0.98;"""";"""";"""";"""";""""
Car640380-2026-Pass2-Z1-PaRecPR1925492_20260422_212336_000;0.1;5.0;153.0;noise;0.98;"""";"""";"""";"""";""""
Car640380-2026-Pass2-Z1-PaRecPR1925492_20260422_212336_000;0.2;0.4;15.0;piaf;0.06;"""";"""";"""";"""";""""
Car640380-2026-Pass2-Z1-PaRecPR1925492_20260422_212336_000;0.0;5.0;53.0;Pippip;0.96;"""";"""";"""";"""";""""
Car640380-2026-Pass2-Z1-PaRecPR1925492_20260422_212341_000;0.0;3.0;153.0;noise;0.99;"""";"""";"""";"""";""""
Car640380-2026-Pass2-Z1-PaRecPR1925492_20260422_212341_000;0.0;3.0;56.0;Pippip;0.97;"""";"""";"""";"""";""""
Car640380-2026-Pass2-Z1-PaRecPR1925492_20260422_212348_000;0.1;2.5;153.0;noise;0.93;"""";"""";"""";"""";""""
Car640380-2026-Pass2-Z1-PaRecPR1925492_20260422_212348_000;0.0;2.3;52.0;Pippip;0.99;"""";"""";"""";"""";""""
Car640380-2026-Pass2-Z1-PaRecPR1925492_20260422_212353_000;0.1;4.7;154.0;noise;0.84;"""";"""";"""";"""";""""
Car640380-2026-Pass2-Z1-PaRecPR1925492_20260422_212353_000;0.0;4.7;53.0;Pippip;0.99;"""";"""";"""";"""";""""
Car640380-2026-Pass2-Z1-PaRecPR1925492_20260422_212413_000;0.3;2.6;153.0;noise;0.91;"""";"""";"""";"""";""""
Car640380-2026-Pass2-Z1-PaRecPR1925492_20260422_212413_000;0.0;2.3;51.0;Pippip;0.98;"""";"""";"""";"""";""""
Car640380-2026-Pass2-Z1-PaRecPR1925492_20260422_212455_000;0.4;5.0;154.0;noise;0.98;"""";"""";"""";"""";""""
Car640380-2026-Pass2-Z1-PaRecPR1925492_20260422_212455_000;0.0;5.0;97.0;Pippip;0.98;"""";"""";"""";"""";""""
Car640380-2026-Pass2-Z1-PaRecPR1925492_20260422_212500_000;0.0;2.2;153.0;noise;0.92;"""";"""";"""";"""";""""
Car640380-2026-Pass2-Z1-PaRecPR1925492_20260422_212500_000;0.0;2.2;52.0;Pippip;0.99;"""";"""";"""";"""";""""
Car640380-2026-Pass2-Z1-PaRecPR1925492_20260422_212505_000;0.3;2.4;153.0;noise;0.91;"""";"""";"""";"""";""""
Car640380-2026-Pass2-Z1-PaRecPR1925492_20260422_212505_000;0.3;2.4;51.0;Pippip;0.98;"""";"""";"""";"""";""""
Car640380-2026-Pass2-Z1-PaRecPR1925492_20260422_212507_000;0.0;2.7;153.0;noise;0.92;"""";"""";"""";"""";""""
Car640380-2026-Pass2-Z1-PaRecPR1925492_20260422_212507_000;0.0;2.7;51.0;Pippip;0.99;"""";"""";"""";"""";""""
Car640380-2026-Pass2-Z1-PaRecPR1925492_20260422_212512_000;0.4;5.0;153.0;noise;0.98;"""";"""";"""";"""";""""
Car640380-2026-Pass2-Z1-PaRecPR1925492_20260422_212512_000;0.0;5.0;74.0;Pippip;0.98;"""";"""";"""";"""";""""
Car640380-2026-Pass2-Z1-PaRecPR1925492_20260422_212517_000;0.0;5.0;153.0;noise;0.92;"""";"""";"""";"""";""""
Car640380-2026-Pass2-Z1-PaRecPR1925492_20260422_212517_000;0.1;5.0;70.0;Pippip;0.98;"""";"""";"""";"""";""""
Car640380-2026-Pass2-Z1-PaRecPR1925492_20260422_212522_000;0.0;3.7;153.0;noise;0.95;"""";"""";"""";"""";""""
Car640380-2026-Pass2-Z1-PaRecPR1925492_20260422_212522_000;0.0;3.6;52.0;Pippip;0.98;"""";"""";"""";"""";""""
Car640380-2026-Pass2-Z1-PaRecPR1925492_20260422_212528_000;0.0;5.0;153.0;noise;0.97;"""";"""";"""";"""";""""
Car640380-2026-Pass2-Z1-PaRecPR1925492_20260422_212528_000;0.0;5.0;98.0;Pippip;0.98;"""";"""";"""";"""";""""
Car640380-2026-Pass2-Z1-PaRecPR1925492_20260422_212533_000;0.0;2.2;154.0;noise;0.96;"""";"""";"""";"""";""""
Car640380-2026-Pass2-Z1-PaRecPR1925492_20260422_212533_000;0.0;1.6;50.0;Pippip;0.99;"""";"""";"""";"""";""""
Car640380-2026-Pass2-Z1-PaRecPR1925492_20260422_212628_000;0.4;5.0;154.0;noise;0.95;"""";"""";"""";"""";""""
Car640380-2026-Pass2-Z1-PaRecPR1925492_20260422_212628_000;0.0;5.0;51.0;Pippip;0.99;"""";"""";"""";"""";""""
Car640380-2026-Pass2-Z1-PaRecPR1925492_20260422_212633_000;0.0;1.0;154.0;noise;0.94;"""";"""";"""";"""";""""
Car640380-2026-Pass2-Z1-PaRecPR1925492_20260422_212633_000;0.1;0.2;48.0;Pippip;0.94;"""";"""";"""";"""";""""
Car640380-2026-Pass2-Z1-PaRecPR1925492_20260422_212638_000;0.0;5.0;153.0;noise;0.86;"""";"""";"""";"""";""""
Car640380-2026-Pass2-Z1-PaRecPR1925492_20260422_212638_000;0.0;4.1;70.0;Pipkuh;0.95;"""";"""";"""";"""";""""
Car640380-2026-Pass2-Z1-PaRecPR1925492_20260422_212652_000;0.4;3.3;153.0;noise;0.96;"""";"""";"""";"""";""""
Car640380-2026-Pass2-Z1-PaRecPR1925492_20260422_212652_000;0.0;3.3;52.0;Pippip;0.99;"""";"""";"""";"""";""""
Car640380-2026-Pass2-Z1-PaRecPR1925492_20260422_212655_000;0.0;3.2;153.0;noise;0.87;"""";"""";"""";"""";""""
Car640380-2026-Pass2-Z1-PaRecPR1925492_20260422_212655_000;0.0;3.2;54.0;Pippip;0.98;"""";"""";"""";"""";""""
Car640380-2026-Pass2-Z1-PaRecPR1925492_20260422_212717_000;0.1;5.0;153.0;noise;0.84;"""";"""";"""";"""";""""
Car640380-2026-Pass2-Z1-PaRecPR1925492_20260422_212717_000;0.0;5.0;51.0;Pippip;0.99;"""";"""";"""";"""";""""
Car640380-2026-Pass2-Z1-PaRecPR1925492_20260422_212722_000;0.0;1.0;154.0;noise;0.96;"""";"""";"""";"""";""""
Car640380-2026-Pass2-Z1-PaRecPR1925492_20260422_212722_000;0.0;0.3;46.0;Pippip;0.82;"""";"""";"""";"""";""""
Car640380-2026-Pass2-Z1-PaRecPR1925492_20260422_212742_000;0.0;2.5;153.0;noise;0.97;"""";"""";"""";"""";""""
Car640380-2026-Pass2-Z1-PaRecPR1925492_20260422_212933_000;0.2;2.1;153.0;noise;0.95;"""";"""";"""";"""";""""
Car640380-2026-Pass2-Z1-PaRecPR1925492_20260422_212933_000;0.3;1.9;13.0;piaf;0.06;Tetvir;"""";"""";"""";""""
Car640380-2026-Pass2-Z1-PaRecPR1925492_20260422_212952_000;0.3;2.0;153.0;noise;0.94;"""";"""";"""";"""";""""
Car640380-2026-Pass2-Z1-PaRecPR1925492_20260422_213014_000;0.0;5.0;153.0;noise;0.95;"""";"""";"""";"""";""""
Car640380-2026-Pass2-Z1-PaRecPR1925492_20260422_213014_000;0.0;5.0;99.0;Pippip;0.94;"""";"""";"""";"""";""""
Car640380-2026-Pass2-Z1-PaRecPR1925492_20260422_213019_000;0.0;0.8;153.0;noise;0.96;"""";"""";"""";"""";""""
Car640380-2026-Pass2-Z1-PaRecPR1925492_20260422_213019_000;0.0;0.8;52.0;Pippip;0.81;"""";"""";"""";"""";""""
Car640380-2026-Pass2-Z1-PaRecPR1925492_20260422_213023_000;0.2;5.0;153.0;noise;0.97;"""";"""";"""";"""";""""
Car640380-2026-Pass2-Z1-PaRecPR1925492_20260422_213023_000;0.0;5.0;70.0;Pippip;0.96;"""";"""";"""";"""";""""
Car640380-2026-Pass2-Z1-PaRecPR1925492_20260422_213028_000;0.0;3.0;153.0;noise;0.97;"""";"""";"""";"""";""""
Car640380-2026-Pass2-Z1-PaRecPR1925492_20260422_213028_000;0.0;2.2;52.0;Pippip;0.99;"""";"""";"""";"""";""""
Car640380-2026-Pass2-Z1-PaRecPR1925492_20260422_213035_000;0.0;2.1;153.0;noise;0.96;"""";"""";"""";"""";""""
Car640380-2026-Pass2-Z1-PaRecPR1925492_20260422_213112_000;0.1;3.8;153.0;noise;0.95;"""";"""";"""";"""";""""
Car640380-2026-Pass2-Z1-PaRecPR1925492_20260422_213112_000;0.0;3.5;50.0;Pippip;0.99;"""";"""";"""";"""";""""
Car640380-2026-Pass2-Z1-PaRecPR1925492_20260422_213142_000;0.0;5.0;153.0;noise;0.92;"""";"""";"""";"""";""""
Car640380-2026-Pass2-Z1-PaRecPR1925492_20260422_213142_000;0.1;5.0;52.0;Pippip;0.99;"""";"""";"""";"""";""""
Car640380-2026-Pass2-Z1-PaRecPR1925492_20260422_213147_000;0.0;1.6;154.0;noise;0.97;"""";"""";"""";"""";""""
Car640380-2026-Pass2-Z1-PaRecPR1925492_20260422_213147_000;0.0;1.6;50.0;Pippip;0.99;"""";"""";"""";"""";""""
Car640380-2026-Pass2-Z1-PaRecPR1925492_20260422_213148_000;0.0;4.2;153.0;noise;0.91;"""";"""";"""";"""";""""
Car640380-2026-Pass2-Z1-PaRecPR1925492_20260422_213148_000;0.0;3.1;52.0;Pippip;0.99;"""";"""";"""";"""";""""
Car640380-2026-Pass2-Z1-PaRecPR1925492_20260422_213153_000;0.0;4.1;153.0;noise;0.95;"""";"""";"""";"""";""""
Car640380-2026-Pass2-Z1-PaRecPR1925492_20260422_213153_000;0.0;4.0;50.0;Pippip;0.99;"""";"""";"""";"""";""""
Car640380-2026-Pass2-Z1-PaRecPR1925492_20260422_213312_000;0.4;4.9;153.0;noise;0.97;"""";"""";"""";"""";""""
Car640380-2026-Pass2-Z1-PaRecPR1925492_20260422_213312_000;0.0;5.0;94.0;Pippip;0.97;"""";"""";"""";"""";""""
Car640380-2026-Pass2-Z1-PaRecPR1925492_20260422_213317_000;0.0;5.0;154.0;noise;0.89;"""";"""";"""";"""";""""
Car640380-2026-Pass2-Z1-PaRecPR1925492_20260422_213317_000;0.0;5.0;53.0;Pippip;0.99;"""";"""";"""";"""";""""
Car640380-2026-Pass2-Z1-PaRecPR1925492_20260422_213322_000;0.0;5.0;153.0;noise;0.92;"""";"""";"""";"""";""""
Car640380-2026-Pass2-Z1-PaRecPR1925492_20260422_213322_000;0.0;5.0;54.0;Pippip;0.98;"""";"""";"""";"""";""""
Car640380-2026-Pass2-Z1-PaRecPR1925492_20260422_213327_000;0.0;1.4;154.0;noise;0.96;"""";"""";"""";"""";""""
Car640380-2026-Pass2-Z1-PaRecPR1925492_20260422_213327_000;0.1;1.4;54.0;Pippip;0.99;"""";"""";"""";"""";""""
Car640380-2026-Pass2-Z1-PaRecPR1925492_20260422_213328_000;0.0;5.0;154.0;noise;0.91;"""";"""";"""";"""";""""
Car640380-2026-Pass2-Z1-PaRecPR1925492_20260422_213328_000;0.0;5.0;75.0;Pippip;0.97;"""";"""";"""";"""";""""
Car640380-2026-Pass2-Z1-PaRecPR1925492_20260422_213333_000;0.0;2.8;153.0;noise;0.93;"""";"""";"""";"""";""""
Car640380-2026-Pass2-Z1-PaRecPR1925492_20260422_213333_000;0.0;2.6;54.0;Pippip;0.96;"""";"""";"""";"""";""""
Car640380-2026-Pass2-Z1-PaRecPR1925492_20260422_213340_000;1.7;1.8;39.0;Leppun;0.08;"""";"""";"""";"""";""""
Car640380-2026-Pass2-Z1-PaRecPR1925492_20260422_213340_000;0.4;5.0;154.0;noise;0.96;"""";"""";"""";"""";""""
Car640380-2026-Pass2-Z1-PaRecPR1925492_20260422_213340_000;0.0;5.0;93.0;Pippip;0.98;"""";"""";"""";"""";""""
Car640380-2026-Pass2-Z1-PaRecPR1925492_20260422_213345_000;0.0;1.0;153.0;noise;0.94;"""";"""";"""";"""";""""
Car640380-2026-Pass2-Z1-PaRecPR1925492_20260422_213345_000;0.0;1.0;52.0;Pippip;0.97;"""";"""";"""";"""";""""
Car640380-2026-Pass2-Z1-PaRecPR1925492_20260422_213347_000;0.2;5.0;154.0;noise;0.97;"""";"""";"""";"""";""""
Car640380-2026-Pass2-Z1-PaRecPR1925492_20260422_213347_000;0.0;5.0;67.0;Pippip;0.98;"""";"""";"""";"""";""""
Car640380-2026-Pass2-Z1-PaRecPR1925492_20260422_213352_000;0.0;5.0;153.0;noise;0.98;"""";"""";"""";"""";""""
Car640380-2026-Pass2-Z1-PaRecPR1925492_20260422_213352_000;0.0;5.0;65.0;Pippip;0.98;"""";"""";"""";"""";""""
Car640380-2026-Pass2-Z1-PaRecPR1925492_20260422_213357_000;0.0;0.3;153.0;noise;0.97;"""";"""";"""";"""";""""
Car640380-2026-Pass2-Z1-PaRecPR1925492_20260422_213357_000;0.0;0.3;54.0;Pippip;0.85;"""";"""";"""";"""";""""
Car640380-2026-Pass2-Z1-PaRecPR1925492_20260422_213358_000;0.0;2.7;154.0;noise;0.92;"""";"""";"""";"""";""""
Car640380-2026-Pass2-Z1-PaRecPR1925492_20260422_213358_000;0.0;2.7;55.0;Pippip;0.98;"""";"""";"""";"""";""""
Car640380-2026-Pass2-Z1-PaRecPR1925492_20260422_213401_000;0.4;4.1;153.0;noise;0.91;"""";"""";"""";"""";""""
Car640380-2026-Pass2-Z1-PaRecPR1925492_20260422_213401_000;0.1;4.1;55.0;Pippip;0.97;"""";"""";"""";"""";""""
Car640380-2026-Pass2-Z1-PaRecPR1925492_20260422_213405_000;0.0;4.0;153.0;noise;0.85;"""";"""";"""";"""";""""
Car640380-2026-Pass2-Z1-PaRecPR1925492_20260422_213405_000;0.1;3.8;56.0;Pippip;0.99;"""";"""";"""";"""";""""
Car640380-2026-Pass2-Z1-PaRecPR1925492_20260422_213410_000;0.0;5.0;154.0;noise;0.92;"""";"""";"""";"""";""""
Car640380-2026-Pass2-Z1-PaRecPR1925492_20260422_213410_000;0.0;4.7;54.0;Pippip;0.99;"""";"""";"""";"""";""""
Car640380-2026-Pass2-Z1-PaRecPR1925492_20260422_213415_000;0.0;0.7;153.0;noise;0.98;"""";"""";"""";"""";""""
Car640380-2026-Pass2-Z1-PaRecPR1925492_20260422_213415_000;0.1;0.7;52.0;Pippip;0.93;"""";"""";"""";"""";""""
Car640380-2026-Pass2-Z1-PaRecPR1925492_20260422_213447_000;0.4;5.0;154.0;noise;0.73;"""";"""";"""";"""";""""
Car640380-2026-Pass2-Z1-PaRecPR1925492_20260422_213447_000;0.3;4.7;52.0;Pippip;0.99;"""";"""";"""";"""";""""
Car640380-2026-Pass2-Z1-PaRecPR1925492_20260422_213452_000;0.0;5.0;153.0;noise;0.95;"""";"""";"""";"""";""""
Car640380-2026-Pass2-Z1-PaRecPR1925492_20260422_213452_000;0.2;5.0;80.0;Pippip;0.94;"""";"""";"""";"""";""""
Car640380-2026-Pass2-Z1-PaRecPR1925492_20260422_213457_000;0.0;5.0;154.0;noise;0.89;"""";"""";"""";"""";""""
Car640380-2026-Pass2-Z1-PaRecPR1925492_20260422_213457_000;0.0;5.0;54.0;Pippip;0.99;"""";"""";"""";"""";""""
Car640380-2026-Pass2-Z1-PaRecPR1925492_20260422_213502_000;0.0;5.0;153.0;noise;0.96;"""";"""";"""";"""";""""
Car640380-2026-Pass2-Z1-PaRecPR1925492_20260422_213502_000;0.0;5.0;52.0;Pippip;0.99;"""";"""";"""";"""";""""
Car640380-2026-Pass2-Z1-PaRecPR1925492_20260422_213507_000;0.0;4.4;154.0;noise;0.96;"""";"""";"""";"""";""""
Car640380-2026-Pass2-Z1-PaRecPR1925492_20260422_213507_000;0.0;4.4;49.0;Pippip;0.99;"""";"""";"""";"""";""""
Car640380-2026-Pass2-Z1-PaRecPR1925492_20260422_213529_000;0.4;3.6;153.0;noise;0.93;"""";"""";"""";"""";""""
Car640380-2026-Pass2-Z1-PaRecPR1925492_20260422_213529_000;0.0;3.5;56.0;Pippip;0.95;"""";"""";"""";"""";""""
Car640380-2026-Pass2-Z1-PaRecPR1925492_20260422_213536_000;0.3;4.9;153.0;noise;0.96;"""";"""";"""";"""";""""
Car640380-2026-Pass2-Z1-PaRecPR1925492_20260422_213536_000;0.0;5.0;64.0;Pippip;0.98;"""";"""";"""";"""";""""
Car640380-2026-Pass2-Z1-PaRecPR1925492_20260422_213541_000;0.0;2.9;154.0;noise;0.87;"""";"""";"""";"""";""""
Car640380-2026-Pass2-Z1-PaRecPR1925492_20260422_213541_000;0.0;2.3;51.0;Pippip;0.99;"""";"""";"""";"""";""""
Car640380-2026-Pass2-Z1-PaRecPR1925492_20260422_213617_000;0.3;5.0;154.0;noise;0.92;"""";"""";"""";"""";""""
Car640380-2026-Pass2-Z1-PaRecPR1925492_20260422_213617_000;0.0;5.0;56.0;Pippip;0.98;"""";"""";"""";"""";""""
Car640380-2026-Pass2-Z1-PaRecPR1925492_20260422_213622_000;0.2;3.2;37.0;Yerray;0.3;"""";"""";"""";"""";""""
Car640380-2026-Pass2-Z1-PaRecPR1925492_20260422_213622_000;0.1;4.9;154.0;noise;0.97;"""";"""";"""";"""";""""
Car640380-2026-Pass2-Z1-PaRecPR1925492_20260422_213622_000;0.0;5.0;98.0;Pippip;0.95;"""";"""";"""";"""";""""
Car640380-2026-Pass2-Z1-PaRecPR1925492_20260422_213627_000;0.0;5.0;153.0;noise;0.98;"""";"""";"""";"""";""""
Car640380-2026-Pass2-Z1-PaRecPR1925492_20260422_213627_000;0.0;5.0;75.0;Pippip;0.98;"""";"""";"""";"""";""""
Car640380-2026-Pass2-Z1-PaRecPR1925492_20260422_213632_000;3.6;4.5;41.0;Leppun;0.08;Yerray;"""";"""";"""";""""
Car640380-2026-Pass2-Z1-PaRecPR1925492_20260422_213632_000;0.0;5.0;153.0;noise;0.98;"""";"""";"""";"""";""""
Car640380-2026-Pass2-Z1-PaRecPR1925492_20260422_213632_000;0.0;5.0;59.0;Pippip;0.99;"""";"""";"""";"""";""""
Car640380-2026-Pass2-Z1-PaRecPR1925492_20260422_213637_000;0.0;5.0;153.0;noise;0.98;"""";"""";"""";"""";""""
Car640380-2026-Pass2-Z1-PaRecPR1925492_20260422_213637_000;0.0;5.0;76.0;Pippip;0.98;"""";"""";"""";"""";""""
Car640380-2026-Pass2-Z1-PaRecPR1925492_20260422_213642_000;0.0;2.4;153.0;noise;0.98;"""";"""";"""";"""";""""
Car640380-2026-Pass2-Z1-PaRecPR1925492_20260422_213642_000;0.0;2.4;53.0;Pippip;0.98;"""";"""";"""";"""";""""
Car640380-2026-Pass2-Z1-PaRecPR1925492_20260422_213645_000;0.0;2.0;153.0;noise;0.97;"""";"""";"""";"""";""""
Car640380-2026-Pass2-Z1-PaRecPR1925492_20260422_213645_000;0.0;2.1;50.0;Pippip;0.99;"""";"""";"""";"""";""""
Car640380-2026-Pass2-Z1-PaRecPR1925492_20260422_213701_000;0.4;5.0;154.0;noise;0.87;"""";"""";"""";"""";""""
Car640380-2026-Pass2-Z1-PaRecPR1925492_20260422_213701_000;0.0;5.0;52.0;Pippip;0.99;"""";"""";"""";"""";""""
Car640380-2026-Pass2-Z1-PaRecPR1925492_20260422_213706_000;0.0;4.7;154.0;noise;0.99;"""";"""";"""";"""";""""
Car640380-2026-Pass2-Z1-PaRecPR1925492_20260422_213706_000;0.0;4.7;56.0;Pippip;0.99;"""";"""";"""";"""";""""
Car640380-2026-Pass2-Z1-PaRecPR1925492_20260422_213711_000;0.0;5.0;154.0;noise;0.94;"""";"""";"""";"""";""""
Car640380-2026-Pass2-Z1-PaRecPR1925492_20260422_213711_000;0.1;5.0;95.0;Pippip;0.97;"""";"""";"""";"""";""""
Car640380-2026-Pass2-Z1-PaRecPR1925492_20260422_213716_000;0.0;5.0;153.0;noise;0.96;"""";"""";"""";"""";""""
Car640380-2026-Pass2-Z1-PaRecPR1925492_20260422_213716_000;0.0;5.0;55.0;Pippip;0.98;"""";"""";"""";"""";""""
Car640380-2026-Pass2-Z1-PaRecPR1925492_20260422_213721_000;0.0;5.0;153.0;noise;0.95;"""";"""";"""";"""";""""
Car640380-2026-Pass2-Z1-PaRecPR1925492_20260422_213721_000;0.0;5.0;99.0;Pippip;0.9;"""";"""";"""";"""";""""
Car640380-2026-Pass2-Z1-PaRecPR1925492_20260422_213726_000;1.4;3.2;37.0;Leppun;0.22;"""";"""";"""";"""";""""
Car640380-2026-Pass2-Z1-PaRecPR1925492_20260422_213726_000;0.0;5.0;153.0;noise;0.96;"""";"""";"""";"""";""""
Car640380-2026-Pass2-Z1-PaRecPR1925492_20260422_213726_000;0.0;5.0;94.0;Pippip;0.95;"""";"""";"""";"""";""""
Car640380-2026-Pass2-Z1-PaRecPR1925492_20260422_213731_000;0.0;4.9;153.0;noise;0.98;"""";"""";"""";"""";""""
Car640380-2026-Pass2-Z1-PaRecPR1925492_20260422_213731_000;0.1;5.0;99.0;Pippip;0.94;"""";"""";"""";"""";""""
Car640380-2026-Pass2-Z1-PaRecPR1925492_20260422_213736_000;0.0;4.6;154.0;noise;0.95;"""";"""";"""";"""";""""
Car640380-2026-Pass2-Z1-PaRecPR1925492_20260422_213736_000;0.0;4.2;97.0;Pippip;0.99;"""";"""";"""";"""";""""
Car640380-2026-Pass2-Z1-PaRecPR1925492_20260422_213745_000;0.4;5.0;154.0;noise;0.96;"""";"""";"""";"""";""""
Car640380-2026-Pass2-Z1-PaRecPR1925492_20260422_213745_000;0.1;4.4;58.0;Pippip;0.92;"""";"""";"""";"""";""""
Car640380-2026-Pass2-Z1-PaRecPR1925492_20260422_213750_000;0.0;0.6;154.0;noise;0.99;"""";"""";"""";"""";""""
Car640380-2026-Pass2-Z1-PaRecPR1925492_20260422_213752_000;0.3;4.9;154.0;noise;0.96;"""";"""";"""";"""";""""
Car640380-2026-Pass2-Z1-PaRecPR1925492_20260422_213752_000;0.0;5.0;97.0;Pippip;0.91;"""";"""";"""";"""";""""
Car640380-2026-Pass2-Z1-PaRecPR1925492_20260422_213757_000;0.2;5.0;154.0;noise;0.97;"""";"""";"""";"""";""""
Car640380-2026-Pass2-Z1-PaRecPR1925492_20260422_213757_000;0.0;5.0;59.0;Pippip;0.97;"""";"""";"""";"""";""""
Car640380-2026-Pass2-Z1-PaRecPR1925492_20260422_213802_000;0.0;4.1;153.0;noise;0.92;"""";"""";"""";"""";""""
Car640380-2026-Pass2-Z1-PaRecPR1925492_20260422_213802_000;0.0;4.2;52.0;Pippip;0.99;"""";"""";"""";"""";""""
Car640380-2026-Pass2-Z1-PaRecPR1925492_20260422_213827_000;0.2;1.3;20.0;noise;0.9;"""";"""";"""";"""";""""
Car640380-2026-Pass2-Z1-PaRecPR1925492_20260422_213827_000;0.3;0.9;25.0;Nyclei;0.98;"""";"""";"""";"""";""""
Car640380-2026-Pass2-Z1-PaRecPR1925492_20260422_213827_000;0.4;2.8;153.0;Rhihip;0.11;"""";"""";"""";"""";""""
Car640380-2026-Pass2-Z1-PaRecPR1925492_20260422_213832_000;0.4;2.4;153.0;noise;0.91;"""";"""";"""";"""";""""
Car640380-2026-Pass2-Z1-PaRecPR1925492_20260422_213832_000;0.3;1.9;22.0;Nyclei;0.99;"""";"""";"""";"""";""""
Car640380-2026-Pass2-Z1-PaRecPR1925492_20260422_213832_000;1.8;1.9;14.0;piaf;0.06;Tetvir;"""";"""";"""";""""
Car640380-2026-Pass2-Z1-PaRecPR1925492_20260422_213843_000;0.0;4.9;142.0;noise;0.96;"""";"""";"""";"""";""""
Car640380-2026-Pass2-Z1-PaRecPR1925492_20260422_213843_000;0.0;5.0;98.0;Pippip;0.94;"""";"""";"""";"""";""""
Car640380-2026-Pass2-Z1-PaRecPR1925492_20260422_213843_000;4.3;4.5;37.0;Yerray;0.85;"""";"""";"""";"""";""""
Car640380-2026-Pass2-Z1-PaRecPR1925492_20260422_213848_000;0.0;4.9;146.0;noise;0.98;"""";"""";"""";"""";""""
Car640380-2026-Pass2-Z1-PaRecPR1925492_20260422_213848_000;0.0;5.0;97.0;Pippip;0.97;"""";"""";"""";"""";""""
Car640380-2026-Pass2-Z1-PaRecPR1925492_20260422_213853_000;0.0;4.1;153.0;noise;0.72;"""";"""";"""";"""";""""
Car640380-2026-Pass2-Z1-PaRecPR1925492_20260422_213853_000;0.0;3.9;52.0;Pippip;0.99;"""";"""";"""";"""";""""
Car640380-2026-Pass2-Z1-PaRecPR1925492_20260422_213945_000;0.1;5.0;152.0;noise;0.96;"""";"""";"""";"""";""""
Car640380-2026-Pass2-Z1-PaRecPR1925492_20260422_213945_000;0.0;5.0;57.0;Pippip;0.97;"""";"""";"""";"""";""""
Car640380-2026-Pass2-Z1-PaRecPR1925492_20260422_213950_000;0.0;5.0;154.0;noise;0.97;"""";"""";"""";"""";""""
Car640380-2026-Pass2-Z1-PaRecPR1925492_20260422_213950_000;0.0;5.0;57.0;Pippip;0.99;"""";"""";"""";"""";""""
Car640380-2026-Pass2-Z1-PaRecPR1925492_20260422_213955_000;0.0;3.5;153.0;noise;0.92;"""";"""";"""";"""";""""
Car640380-2026-Pass2-Z1-PaRecPR1925492_20260422_213955_000;0.1;2.8;49.0;Pippip;0.99;"""";"""";"""";"""";""""
Car640380-2026-Pass2-Z1-PaRecPR1925492_20260422_214029_000;0.0;4.9;153.0;noise;0.95;"""";"""";"""";"""";""""
Car640380-2026-Pass2-Z1-PaRecPR1925492_20260422_214029_000;0.0;5.0;49.0;Pippip;0.98;"""";"""";"""";"""";""""
Car640380-2026-Pass2-Z1-PaRecPR1925492_20260422_214029_000;0.4;4.8;154.0;Rhifer;0.16;"""";"""";"""";"""";""""
Car640380-2026-Pass2-Z1-PaRecPR1925492_20260422_214034_000;0.0;3.3;153.0;noise;0.96;"""";"""";"""";"""";""""
Car640380-2026-Pass2-Z1-PaRecPR1925492_20260422_214034_000;0.2;3.3;49.0;Pippip;0.99;"""";"""";"""";"""";""""
Car640380-2026-Pass2-Z1-PaRecPR1925492_20260422_214108_000;0.3;2.0;153.0;noise;0.95;"""";"""";"""";"""";""""
Car640380-2026-Pass2-Z1-PaRecPR1925492_20260422_214121_000;0.4;5.0;150.0;noise;0.97;"""";"""";"""";"""";""""
Car640380-2026-Pass2-Z1-PaRecPR1925492_20260422_214121_000;0.0;4.9;101.0;Pippip;0.91;"""";"""";"""";"""";""""
Car640380-2026-Pass2-Z1-PaRecPR1925492_20260422_214126_000;0.0;2.8;153.0;noise;0.94;"""";"""";"""";"""";""""
Car640380-2026-Pass2-Z1-PaRecPR1925492_20260422_214126_000;0.0;1.1;55.0;Pippip;0.98;"""";"""";"""";"""";""""
Car640380-2026-Pass2-Z1-PaRecPR1925492_20260422_214146_000;0.4;5.0;152.0;noise;0.93;"""";"""";"""";"""";""""
Car640380-2026-Pass2-Z1-PaRecPR1925492_20260422_214146_000;0.1;5.0;100.0;Pippip;0.96;"""";"""";"""";"""";""""
Car640380-2026-Pass2-Z1-PaRecPR1925492_20260422_214146_000;2.5;3.2;14.0;Tetvir;0.12;"""";"""";"""";"""";""""
Car640380-2026-Pass2-Z1-PaRecPR1925492_20260422_214151_000;0.1;5.0;152.0;noise;0.97;"""";"""";"""";"""";""""
Car640380-2026-Pass2-Z1-PaRecPR1925492_20260422_214151_000;0.0;4.7;99.0;Pippip;0.97;"""";"""";"""";"""";""""
Car640380-2026-Pass2-Z1-PaRecPR1925492_20260422_214156_000;0.0;1.1;153.0;noise;0.99;"""";"""";"""";"""";""""
Car640380-2026-Pass2-Z1-PaRecPR1925492_20260422_214156_000;0.8;0.9;32.0;piaf;0.08;"""";"""";"""";"""";""""
Car640380-2026-Pass2-Z1-PaRecPR1925492_20260422_214156_000;0.8;0.9;52.0;Pippip;0.33;"""";"""";"""";"""";""""
Car640380-2026-Pass2-Z1-PaRecPR1925492_20260422_214206_000;0.0;2.8;153.0;noise;0.97;"""";"""";"""";"""";""""
Car640380-2026-Pass2-Z1-PaRecPR1925492_20260422_214206_000;0.4;0.9;22.0;Nyclei;0.99;"""";"""";"""";"""";""""
Car640380-2026-Pass2-Z1-PaRecPR1925492_20260422_214215_000;0.4;4.7;152.0;noise;0.98;"""";"""";"""";"""";""""
Car640380-2026-Pass2-Z1-PaRecPR1925492_20260422_214215_000;0.0;5.0;99.0;Pippip;0.94;"""";"""";"""";"""";""""
Car640380-2026-Pass2-Z1-PaRecPR1925492_20260422_214220_000;0.0;2.5;153.0;noise;0.85;"""";"""";"""";"""";""""
Car640380-2026-Pass2-Z1-PaRecPR1925492_20260422_214220_000;0.0;1.9;53.0;Pippip;0.99;"""";"""";"""";"""";""""
Car640380-2026-Pass2-Z1-PaRecPR1925492_20260422_214239_000;0.3;4.9;153.0;noise;0.95;"""";"""";"""";"""";""""
Car640380-2026-Pass2-Z1-PaRecPR1925492_20260422_214239_000;0.0;5.0;99.0;Pippip;0.97;"""";"""";"""";"""";""""
Car640380-2026-Pass2-Z1-PaRecPR1925492_20260422_214244_000;0.0;3.9;153.0;noise;0.98;"""";"""";"""";"""";""""
Car640380-2026-Pass2-Z1-PaRecPR1925492_20260422_214244_000;0.0;3.3;97.0;Pippip;0.99;"""";"""";"""";"""";""""
Car640380-2026-Pass2-Z1-PaRecPR1925492_20260422_214305_000;0.4;4.9;153.0;noise;0.96;"""";"""";"""";"""";""""
Car640380-2026-Pass2-Z1-PaRecPR1925492_20260422_214305_000;0.0;5.0;75.0;Pippip;0.97;"""";"""";"""";"""";""""
Car640380-2026-Pass2-Z1-PaRecPR1925492_20260422_214310_000;0.0;4.6;153.0;noise;0.96;"""";"""";"""";"""";""""
Car640380-2026-Pass2-Z1-PaRecPR1925492_20260422_214310_000;0.0;4.5;77.0;Pippip;0.98;"""";"""";"""";"""";""""
Car640380-2026-Pass2-Z1-PaRecPR1925492_20260422_214310_000;0.9;1.1;41.0;Yerray;0.91;"""";"""";"""";"""";""""
Car640380-2026-Pass2-Z1-PaRecPR1925492_20260422_214317_000;0.2;5.0;153.0;noise;0.91;"""";"""";"""";"""";""""
Car640380-2026-Pass2-Z1-PaRecPR1925492_20260422_214317_000;1.8;1.9;13.0;piaf;0.13;"""";"""";"""";"""";""""
Car640380-2026-Pass2-Z1-PaRecPR1925492_20260422_214317_000;0.0;5.0;57.0;Pippip;0.93;"""";"""";"""";"""";""""
Car640380-2026-Pass2-Z1-PaRecPR1925492_20260422_214322_000;0.0;4.8;152.0;noise;0.97;"""";"""";"""";"""";""""
Car640380-2026-Pass2-Z1-PaRecPR1925492_20260422_214322_000;0.0;5.0;100.0;Pippip;0.96;"""";"""";"""";"""";""""
Car640380-2026-Pass2-Z1-PaRecPR1925492_20260422_214327_000;0.0;1.9;154.0;noise;0.94;"""";"""";"""";"""";""""
Car640380-2026-Pass2-Z1-PaRecPR1925492_20260422_214327_000;0.0;1.5;51.0;Pippip;0.99;"""";"""";"""";"""";""""
Car640380-2026-Pass2-Z1-PaRecPR1925492_20260422_214340_000;0.0;4.4;48.0;Myodau;0.99;"""";"""";"""";"""";""""
Car640380-2026-Pass2-Z1-PaRecPR1925492_20260422_214340_000;0.4;5.0;154.0;noise;0.85;"""";"""";"""";"""";""""
Car640380-2026-Pass2-Z1-PaRecPR1925492_20260422_214340_000;0.2;1.3;44.0;Pipkuh;0.3;"""";"""";"""";"""";""""
Car640380-2026-Pass2-Z1-PaRecPR1925492_20260422_214345_000;0.0;0.5;139.0;noise;0.99;"""";"""";"""";"""";""""
Car640380-2026-Pass2-Z1-PaRecPR1925492_20260422_214403_000;0.3;5.0;153.0;noise;0.96;"""";"""";"""";"""";""""
Car640380-2026-Pass2-Z1-PaRecPR1925492_20260422_214403_000;0.0;5.0;99.0;Pippip;0.91;"""";"""";"""";"""";""""
Car640380-2026-Pass2-Z1-PaRecPR1925492_20260422_214408_000;0.0;5.0;152.0;noise;0.97;"""";"""";"""";"""";""""
Car640380-2026-Pass2-Z1-PaRecPR1925492_20260422_214408_000;0.0;5.0;97.0;Pippip;0.95;"""";"""";"""";"""";""""
Car640380-2026-Pass2-Z1-PaRecPR1925492_20260422_214413_000;0.1;5.0;153.0;noise;0.96;"""";"""";"""";"""";""""
Car640380-2026-Pass2-Z1-PaRecPR1925492_20260422_214413_000;0.0;5.0;94.0;Pippip;0.96;"""";"""";"""";"""";""""
Car640380-2026-Pass2-Z1-PaRecPR1925492_20260422_214418_000;0.0;5.0;153.0;noise;0.98;"""";"""";"""";"""";""""
Car640380-2026-Pass2-Z1-PaRecPR1925492_20260422_214418_000;0.0;5.0;93.0;Pippip;0.98;"""";"""";"""";"""";""""
Car640380-2026-Pass2-Z1-PaRecPR1925492_20260422_214418_000;3.0;4.5;13.0;Tetvir;0.12;"""";"""";"""";"""";""""
Car640380-2026-Pass2-Z1-PaRecPR1925492_20260422_214423_000;0.0;5.0;154.0;noise;0.96;"""";"""";"""";"""";""""
Car640380-2026-Pass2-Z1-PaRecPR1925492_20260422_214423_000;0.0;5.0;76.0;Pippip;0.97;"""";"""";"""";"""";""""
Car640380-2026-Pass2-Z1-PaRecPR1925492_20260422_214428_000;0.0;5.0;153.0;noise;0.98;"""";"""";"""";"""";""""
Car640380-2026-Pass2-Z1-PaRecPR1925492_20260422_214428_000;0.0;5.0;92.0;Pippip;0.95;"""";"""";"""";"""";""""
Car640380-2026-Pass2-Z1-PaRecPR1925492_20260422_214433_000;0.0;0.1;151.0;noise;0.97;"""";"""";"""";"""";""""
Car640380-2026-Pass2-Z1-PaRecPR1925492_20260422_214438_000;0.0;1.5;154.0;noise;0.97;"""";"""";"""";"""";""""
Car640380-2026-Pass2-Z1-PaRecPR1925492_20260422_214438_000;0.0;1.4;51.0;Pippip;0.99;"""";"""";"""";"""";""""
Car640380-2026-Pass2-Z1-PaRecPR1925492_20260422_214440_000;0.0;5.0;154.0;noise;0.95;"""";"""";"""";"""";""""
Car640380-2026-Pass2-Z1-PaRecPR1925492_20260422_214440_000;0.0;5.0;95.0;Pippip;0.98;"""";"""";"""";"""";""""
Car640380-2026-Pass2-Z1-PaRecPR1925492_20260422_214445_000;0.1;5.0;145.0;noise;0.96;"""";"""";"""";"""";""""
Car640380-2026-Pass2-Z1-PaRecPR1925492_20260422_214445_000;0.0;5.0;97.0;Pippip;0.97;"""";"""";"""";"""";""""
Car640380-2026-Pass2-Z1-PaRecPR1925492_20260422_214450_000;2.2;5.0;28.0;Eptser;0.92;"""";"""";"""";"""";""""
Car640380-2026-Pass2-Z1-PaRecPR1925492_20260422_214450_000;0.0;4.9;153.0;noise;0.95;"""";"""";"""";"""";""""
Car640380-2026-Pass2-Z1-PaRecPR1925492_20260422_214450_000;0.0;5.0;56.0;Pippip;0.98;"""";"""";"""";"""";""""
Car640380-2026-Pass2-Z1-PaRecPR1925492_20260422_214450_000;2.8;4.6;12.0;Phogri;0.1;"""";"""";"""";"""";""""
Car640380-2026-Pass2-Z1-PaRecPR1925492_20260422_214455_000;0.1;4.9;29.0;Eptser;0.99;"""";"""";"""";"""";""""
Car640380-2026-Pass2-Z1-PaRecPR1925492_20260422_214455_000;0.1;5.0;153.0;noise;0.96;"""";"""";"""";"""";""""
Car640380-2026-Pass2-Z1-PaRecPR1925492_20260422_214455_000;0.0;5.0;56.0;Pippip;0.96;"""";"""";"""";"""";""""
Car640380-2026-Pass2-Z1-PaRecPR1925492_20260422_214500_000;0.8;5.0;28.0;Eptser;0.99;"""";"""";"""";"""";""""
Car640380-2026-Pass2-Z1-PaRecPR1925492_20260422_214500_000;0.0;5.0;153.0;noise;0.97;"""";"""";"""";"""";""""
Car640380-2026-Pass2-Z1-PaRecPR1925492_20260422_214500_000;0.0;5.0;93.0;Pippip;0.97;"""";"""";"""";"""";""""
Car640380-2026-Pass2-Z1-PaRecPR1925492_20260422_214505_000;0.0;5.0;153.0;noise;0.98;"""";"""";"""";"""";""""
Car640380-2026-Pass2-Z1-PaRecPR1925492_20260422_214505_000;0.0;5.0;99.0;Pippip;0.96;"""";"""";"""";"""";""""
Car640380-2026-Pass2-Z1-PaRecPR1925492_20260422_214510_000;0.0;0.1;95.0;noise;0.86;"""";"""";"""";"""";""""
Car640380-2026-Pass2-Z1-PaRecPR1925492_20260422_214510_000;0.0;0.1;52.0;Pippip;0.51;"""";"""";"""";"""";""""
Car640380-2026-Pass2-Z1-PaRecPR1925492_20260422_214515_000;0.0;4.5;153.0;noise;0.91;"""";"""";"""";"""";""""
Car640380-2026-Pass2-Z1-PaRecPR1925492_20260422_214515_000;0.0;4.4;54.0;Pippip;0.99;"""";"""";"""";"""";""""
Car640380-2026-Pass2-Z1-PaRecPR1925492_20260422_214521_000;0.2;2.5;153.0;noise;0.95;"""";"""";"""";"""";""""
Car640380-2026-Pass2-Z1-PaRecPR1925492_20260422_214521_000;0.0;2.5;52.0;Pippip;0.99;"""";"""";"""";"""";""""
Car640380-2026-Pass2-Z1-PaRecPR1925492_20260422_214524_000;0.0;4.6;153.0;noise;0.96;"""";"""";"""";"""";""""
Car640380-2026-Pass2-Z1-PaRecPR1925492_20260422_214524_000;0.0;4.7;55.0;Pippip;0.99;"""";"""";"""";"""";""""
Car640380-2026-Pass2-Z1-PaRecPR1925492_20260422_214530_000;0.0;2.9;153.0;noise;0.92;"""";"""";"""";"""";""""
Car640380-2026-Pass2-Z1-PaRecPR1925492_20260422_214530_000;0.0;2.7;52.0;Pippip;0.99;"""";"""";"""";"""";""""
Car640380-2026-Pass2-Z1-PaRecPR1925492_20260422_214535_000;0.4;2.0;153.0;noise;0.98;"""";"""";"""";"""";""""
Car640380-2026-Pass2-Z1-PaRecPR1925492_20260422_214535_000;0.0;2.1;55.0;Pippip;0.98;"""";"""";"""";"""";""""
Car640380-2026-Pass2-Z1-PaRecPR1925492_20260422_214537_000;0.0;5.0;153.0;noise;0.94;"""";"""";"""";"""";""""
Car640380-2026-Pass2-Z1-PaRecPR1925492_20260422_214537_000;0.0;4.5;53.0;Pippip;0.99;"""";"""";"""";"""";""""
Car640380-2026-Pass2-Z1-PaRecPR1925492_20260422_214543_000;0.3;2.0;153.0;noise;0.97;"""";"""";"""";"""";""""
Car640380-2026-Pass2-Z1-PaRecPR1925492_20260422_214543_000;0.0;1.5;54.0;Pippip;0.9;"""";"""";"""";"""";""""
Car640380-2026-Pass2-Z1-PaRecPR1925492_20260422_214548_000;0.4;5.0;153.0;noise;0.95;"""";"""";"""";"""";""""
Car640380-2026-Pass2-Z1-PaRecPR1925492_20260422_214548_000;0.0;5.0;90.0;Pippip;0.94;"""";"""";"""";"""";""""
Car640380-2026-Pass2-Z1-PaRecPR1925492_20260422_214553_000;0.0;5.0;153.0;noise;0.92;"""";"""";"""";"""";""""
Car640380-2026-Pass2-Z1-PaRecPR1925492_20260422_214553_000;0.0;3.9;98.0;Pippip;0.93;"""";"""";"""";"""";""""
Car640380-2026-Pass2-Z1-PaRecPR1925492_20260422_214558_000;0.0;0.7;154.0;noise;0.94;"""";"""";"""";"""";""""
Car640380-2026-Pass2-Z1-PaRecPR1925492_20260422_214558_000;0.3;0.4;12.0;piaf;0.04;Tetvir;"""";"""";"""";""""
Car640380-2026-Pass2-Z1-PaRecPR1925492_20260422_214608_000;0.2;4.9;153.0;noise;0.94;"""";"""";"""";"""";""""
Car640380-2026-Pass2-Z1-PaRecPR1925492_20260422_214608_000;0.0;5.0;76.0;Pippip;0.95;"""";"""";"""";"""";""""
Car640380-2026-Pass2-Z1-PaRecPR1925492_20260422_214613_000;0.0;5.0;153.0;noise;0.95;"""";"""";"""";"""";""""
Car640380-2026-Pass2-Z1-PaRecPR1925492_20260422_214613_000;0.0;5.0;99.0;Pippip;0.96;"""";"""";"""";"""";""""
Car640380-2026-Pass2-Z1-PaRecPR1925492_20260422_214618_000;0.1;4.9;153.0;noise;0.98;"""";"""";"""";"""";""""
Car640380-2026-Pass2-Z1-PaRecPR1925492_20260422_214618_000;0.0;5.0;76.0;Pippip;0.97;"""";"""";"""";"""";""""
Car640380-2026-Pass2-Z1-PaRecPR1925492_20260422_214623_000;0.0;4.9;154.0;noise;0.97;"""";"""";"""";"""";""""
Car640380-2026-Pass2-Z1-PaRecPR1925492_20260422_214623_000;0.0;5.0;90.0;Pippip;0.89;"""";"""";"""";"""";""""
Car640380-2026-Pass2-Z1-PaRecPR1925492_20260422_214628_000;0.8;3.4;38.0;Leppun;0.04;Yerray, Tetvir, Pipkuh;"""";"""";"""";""""
Car640380-2026-Pass2-Z1-PaRecPR1925492_20260422_214628_000;0.1;5.0;153.0;noise;0.98;"""";"""";"""";"""";""""
Car640380-2026-Pass2-Z1-PaRecPR1925492_20260422_214628_000;0.0;5.0;99.0;Pippip;0.94;"""";"""";"""";"""";""""
Car640380-2026-Pass2-Z1-PaRecPR1925492_20260422_214633_000;0.1;4.9;153.0;noise;0.98;"""";"""";"""";"""";""""
Car640380-2026-Pass2-Z1-PaRecPR1925492_20260422_214633_000;0.0;5.0;100.0;Pippip;0.96;"""";"""";"""";"""";""""
Car640380-2026-Pass2-Z1-PaRecPR1925492_20260422_214638_000;0.0;0.1;135.0;noise;0.96;"""";"""";"""";"""";""""
Car640380-2026-Pass2-Z1-PaRecPR1925492_20260422_214704_000;0.4;5.0;154.0;noise;0.86;"""";"""";"""";"""";""""
Car640380-2026-Pass2-Z1-PaRecPR1925492_20260422_214704_000;0.3;5.0;56.0;Pippip;0.98;"""";"""";"""";"""";""""
Car640380-2026-Pass2-Z1-PaRecPR1925492_20260422_214709_000;0.0;5.0;153.0;noise;0.97;"""";"""";"""";"""";""""
Car640380-2026-Pass2-Z1-PaRecPR1925492_20260422_214709_000;0.1;5.0;94.0;Pippip;0.97;"""";"""";"""";"""";""""
Car640380-2026-Pass2-Z1-PaRecPR1925492_20260422_214714_000;0.0;4.9;153.0;noise;0.91;"""";"""";"""";"""";""""
Car640380-2026-Pass2-Z1-PaRecPR1925492_20260422_214714_000;2.1;3.9;13.0;piaf;0.05;Tetvir;"""";"""";"""";""""
Car640380-2026-Pass2-Z1-PaRecPR1925492_20260422_214714_000;0.0;5.0;50.0;Pippip;0.98;"""";"""";"""";"""";""""
Car640380-2026-Pass2-Z1-PaRecPR1925492_20260422_214719_000;0.0;5.0;153.0;noise;0.9;"""";"""";"""";"""";""""
Car640380-2026-Pass2-Z1-PaRecPR1925492_20260422_214719_000;0.0;5.0;90.0;Pippip;0.94;"""";"""";"""";"""";""""
Car640380-2026-Pass2-Z1-PaRecPR1925492_20260422_214724_000;0.0;5.0;153.0;noise;0.98;"""";"""";"""";"""";""""
Car640380-2026-Pass2-Z1-PaRecPR1925492_20260422_214724_000;0.0;5.0;52.0;Pippip;0.97;"""";"""";"""";"""";""""
Car640380-2026-Pass2-Z1-PaRecPR1925492_20260422_214729_000;0.1;2.5;153.0;noise;0.95;"""";"""";"""";"""";""""
Car640380-2026-Pass2-Z1-PaRecPR1925492_20260422_214729_000;0.0;2.6;51.0;Pippip;0.99;"""";"""";"""";"""";""""
Car640380-2026-Pass2-Z1-PaRecPR1925492_20260422_214746_000;0.3;2.1;153.0;noise;0.97;"""";"""";"""";"""";""""
Car640380-2026-Pass2-Z1-PaRecPR1925492_20260422_214939_000;0.1;2.9;153.0;noise;0.88;"""";"""";"""";"""";""""
Car640380-2026-Pass2-Z1-PaRecPR1925492_20260422_214939_000;0.3;0.9;22.0;Nyclei;0.99;"""";"""";"""";"""";""""
Car640380-2026-Pass2-Z1-PaRecPR1925492_20260422_214954_000;0.3;2.9;153.0;noise;0.89;"""";"""";"""";"""";""""
Car640380-2026-Pass2-Z1-PaRecPR1925492_20260422_214954_000;0.3;1.0;23.0;Nyclei;0.98;"""";"""";"""";"""";""""
Car640380-2026-Pass2-Z1-PaRecPR1925492_20260422_214959_000;0.4;2.0;153.0;noise;0.97;"""";"""";"""";"""";""""
Car640380-2026-Pass2-Z1-PaRecPR1925492_20260422_214959_000;0.3;0.7;21.0;Nyclei;0.95;"""";"""";"""";"""";""""
Car640380-2026-Pass2-Z1-PaRecPR1925492_20260422_215153_000;0.4;5.0;153.0;noise;0.9;"""";"""";"""";"""";""""
Car640380-2026-Pass2-Z1-PaRecPR1925492_20260422_215153_000;0.0;4.9;43.0;Pipnat;0.6;Pipkuh;"""";"""";"""";""""
Car640380-2026-Pass2-Z1-PaRecPR1925492_20260422_215158_000;0.0;5.0;153.0;noise;0.82;"""";"""";"""";"""";""""
Car640380-2026-Pass2-Z1-PaRecPR1925492_20260422_215158_000;0.0;3.7;39.0;Pipnat;0.72;"""";"""";"""";"""";""""
Car640380-2026-Pass2-Z1-PaRecPR1925492_20260422_215203_000;0.0;0.3;153.0;noise;0.98;"""";"""";"""";"""";""""
Car640380-2026-Pass2-Z1-PaRecPR1925492_20260422_215318_000;0.1;2.1;153.0;noise;0.9;"""";"""";"""";"""";""""
Car640380-2026-Pass2-Z1-PaRecPR1925492_20260422_215414_000;0.1;5.0;153.0;noise;0.93;"""";"""";"""";"""";""""
Car640380-2026-Pass2-Z1-PaRecPR1925492_20260422_215414_000;0.2;5.0;100.0;Pippip;0.96;"""";"""";"""";"""";""""
Car640380-2026-Pass2-Z1-PaRecPR1925492_20260422_215419_000;0.0;3.0;154.0;noise;0.96;"""";"""";"""";"""";""""
Car640380-2026-Pass2-Z1-PaRecPR1925492_20260422_215419_000;0.1;3.1;52.0;Pippip;0.99;"""";"""";"""";"""";""""
Car640380-2026-Pass2-Z1-PaRecPR1925492_20260422_215507_000;0.3;2.0;153.0;noise;0.98;"""";"""";"""";"""";""""
Car640380-2026-Pass2-Z1-PaRecPR1925492_20260422_215516_000;0.0;5.0;153.0;noise;0.96;"""";"""";"""";"""";""""
Car640380-2026-Pass2-Z1-PaRecPR1925492_20260422_215516_000;0.1;5.0;50.0;Pippip;0.98;"""";"""";"""";"""";""""
Car640380-2026-Pass2-Z1-PaRecPR1925492_20260422_215521_000;0.0;3.2;153.0;noise;0.96;"""";"""";"""";"""";""""
Car640380-2026-Pass2-Z1-PaRecPR1925492_20260422_215521_000;0.0;3.1;48.0;Pippip;0.98;"""";"""";"""";"""";""""
Car640380-2026-Pass2-Z1-PaRecPR1925492_20260422_215558_000;4.0;5.0;29.0;Leppun;0.04;Yerray, Tetvir, Pippip, Phogri;"""";"""";"""";""""
Car640380-2026-Pass2-Z1-PaRecPR1925492_20260422_215558_000;0.2;4.8;153.0;noise;0.87;"""";"""";"""";"""";""""
Car640380-2026-Pass2-Z1-PaRecPR1925492_20260422_215558_000;0.0;5.0;47.0;Pipkuh;0.88;"""";"""";"""";"""";""""
Car640380-2026-Pass2-Z1-PaRecPR1925492_20260422_215603_000;0.0;3.1;31.0;Leppun;0.04;Yposp, Tetvir, Pippip;"""";"""";"""";""""
Car640380-2026-Pass2-Z1-PaRecPR1925492_20260422_215603_000;0.0;5.0;153.0;noise;0.87;"""";"""";"""";"""";""""
Car640380-2026-Pass2-Z1-PaRecPR1925492_20260422_215603_000;0.0;5.0;45.0;Pipkuh;0.94;"""";"""";"""";"""";""""
Car640380-2026-Pass2-Z1-PaRecPR1925492_20260422_215608_000;0.2;2.6;153.0;noise;0.9;"""";"""";"""";"""";""""
Car640380-2026-Pass2-Z1-PaRecPR1925492_20260422_215608_000;0.0;2.6;43.0;Pipkuh;0.97;"""";"""";"""";"""";""""
Car640380-2026-Pass2-Z1-PaRecPR1925492_20260422_215635_000;0.0;5.0;153.0;noise;0.97;"""";"""";"""";"""";""""
Car640380-2026-Pass2-Z1-PaRecPR1925492_20260422_215635_000;0.0;5.0;54.0;Pippip;0.98;"""";"""";"""";"""";""""
Car640380-2026-Pass2-Z1-PaRecPR1925492_20260422_215640_000;0.0;4.9;153.0;noise;0.96;"""";"""";"""";"""";""""
Car640380-2026-Pass2-Z1-PaRecPR1925492_20260422_215640_000;1.0;1.3;43.0;Pipkuh;0.73;"""";"""";"""";"""";""""
Car640380-2026-Pass2-Z1-PaRecPR1925492_20260422_215640_000;0.0;5.0;58.0;Pippip;0.99;"""";"""";"""";"""";""""
Car640380-2026-Pass2-Z1-PaRecPR1925492_20260422_215645_000;0.0;2.0;153.0;noise;0.85;"""";"""";"""";"""";""""
Car640380-2026-Pass2-Z1-PaRecPR1925492_20260422_215645_000;0.0;2.0;44.0;Pipkuh;0.94;"""";"""";"""";"""";""""
Car640380-2026-Pass2-Z1-PaRecPR1925492_20260422_215645_000;0.1;1.0;46.0;Pippip;0.97;"""";"""";"""";"""";""""
Car640380-2026-Pass2-Z1-PaRecPR1925492_20260422_215657_000;0.4;5.0;153.0;noise;0.82;"""";"""";"""";"""";""""
Car640380-2026-Pass2-Z1-PaRecPR1925492_20260422_215657_000;0.0;5.0;51.0;Pipkuh;0.81;"""";"""";"""";"""";""""
Car640380-2026-Pass2-Z1-PaRecPR1925492_20260422_215702_000;0.0;5.0;153.0;noise;0.91;"""";"""";"""";"""";""""
Car640380-2026-Pass2-Z1-PaRecPR1925492_20260422_215702_000;0.0;4.9;46.0;Pipkuh;0.91;"""";"""";"""";"""";""""
Car640380-2026-Pass2-Z1-PaRecPR1925492_20260422_215707_000;0.0;1.6;153.0;noise;0.88;"""";"""";"""";"""";""""
Car640380-2026-Pass2-Z1-PaRecPR1925492_20260422_215707_000;0.0;0.6;43.0;Pipkuh;0.9;"""";"""";"""";"""";""""
Car640380-2026-Pass2-Z1-PaRecPR1925492_20260422_215843_000;0.4;2.0;154.0;noise;0.78;"""";"""";"""";"""";""""
Car640380-2026-Pass2-Z1-PaRecPR1925492_20260422_215843_000;0.1;0.5;25.0;Nyclei;0.99;"""";"""";"""";"""";""""
Car640380-2026-Pass2-Z1-PaRecPR1925492_20260422_215843_000;1.1;1.2;51.0;Pippip;0.72;"""";"""";"""";"""";""""
Car640380-2026-Pass2-Z1-PaRecPR1925492_20260422_215931_000;0.4;5.0;154.0;noise;0.83;"""";"""";"""";"""";""""
Car640380-2026-Pass2-Z1-PaRecPR1925492_20260422_215931_000;0.0;5.0;51.0;Pippip;0.99;"""";"""";"""";"""";""""
Car640380-2026-Pass2-Z1-PaRecPR1925492_20260422_215936_000;0.0;1.0;154.0;noise;0.98;"""";"""";"""";"""";""""
Car640380-2026-Pass2-Z1-PaRecPR1925492_20260422_215936_000;0.3;0.4;50.0;Pippip;0.93;"""";"""";"""";"""";""""
Car640380-2026-Pass2-Z1-PaRecPR1925492_20260422_220034_000;0.4;2.4;153.0;noise;0.95;"""";"""";"""";"""";""""
Car640380-2026-Pass2-Z1-PaRecPR1925492_20260422_220048_000;0.3;4.3;154.0;noise;0.91;"""";"""";"""";"""";""""
Car640380-2026-Pass2-Z1-PaRecPR1925492_20260422_220048_000;0.0;4.2;53.0;Minsch;0.74;"""";"""";"""";"""";""""
Car640380-2026-Pass2-Z1-PaRecPR1925492_20260422_220156_000;0.2;2.0;153.0;noise;0.94;"""";"""";"""";"""";""""
Car640380-2026-Pass2-Z1-PaRecPR1925492_20260422_220204_000;0.3;2.0;154.0;noise;0.95;"""";"""";"""";"""";""""
Car640380-2026-Pass2-Z1-PaRecPR1925492_20260422_220207_000;0.1;2.4;153.0;noise;0.97;"""";"""";"""";"""";""""
Car640380-2026-Pass2-Z1-PaRecPR1925492_20260422_220230_000;0.4;2.0;154.0;noise;0.94;"""";"""";"""";"""";""""
Car640380-2026-Pass2-Z1-PaRecPR1925492_20260422_220230_000;0.0;1.8;46.0;Pipkuh;0.94;"""";"""";"""";"""";""""
Car640380-2026-Pass2-Z1-PaRecPR1925492_20260422_220230_000;0.9;1.9;51.0;Pippip;0.95;"""";"""";"""";"""";""""
Car640380-2026-Pass2-Z1-PaRecPR1925492_20260422_220235_000;0.2;2.5;154.0;noise;0.91;"""";"""";"""";"""";""""
Car640380-2026-Pass2-Z1-PaRecPR1925492_20260422_220235_000;0.0;2.4;64.0;Pippip;0.97;"""";"""";"""";"""";""""
Car640380-2026-Pass2-Z1-PaRecPR1925492_20260422_220302_000;0.0;5.0;152.0;noise;0.97;"""";"""";"""";"""";""""
Car640380-2026-Pass2-Z1-PaRecPR1925492_20260422_220302_000;0.0;5.0;100.0;Pippip;0.85;"""";"""";"""";"""";""""
Car640380-2026-Pass2-Z1-PaRecPR1925492_20260422_220307_000;1.7;1.8;38.0;Leppun;0.11;"""";"""";"""";"""";""""
Car640380-2026-Pass2-Z1-PaRecPR1925492_20260422_220307_000;0.0;5.0;153.0;noise;0.98;"""";"""";"""";"""";""""
Car640380-2026-Pass2-Z1-PaRecPR1925492_20260422_220307_000;0.0;4.7;97.0;Pippip;0.98;"""";"""";"""";"""";""""
Car640380-2026-Pass2-Z1-PaRecPR1925492_20260422_220312_000;0.0;0.4;153.0;noise;0.96;"""";"""";"""";"""";""""
Car640380-2026-Pass2-Z1-PaRecPR1925492_20260422_220312_000;0.0;0.1;50.0;Pippip;0.71;"""";"""";"""";"""";""""
Car640380-2026-Pass2-Z1-PaRecPR1925492_20260422_220421_000;0.2;5.0;153.0;noise;0.97;"""";"""";"""";"""";""""
Car640380-2026-Pass2-Z1-PaRecPR1925492_20260422_220421_000;0.0;5.0;88.0;Pippip;0.95;"""";"""";"""";"""";""""
Car640380-2026-Pass2-Z1-PaRecPR1925492_20260422_220426_000;0.0;5.0;153.0;noise;0.95;"""";"""";"""";"""";""""
Car640380-2026-Pass2-Z1-PaRecPR1925492_20260422_220426_000;0.0;5.0;98.0;Pippip;0.91;"""";"""";"""";"""";""""
Car640380-2026-Pass2-Z1-PaRecPR1925492_20260422_220426_000;2.4;3.9;37.0;Yerray;0.64;"""";"""";"""";"""";""""
Car640380-2026-Pass2-Z1-PaRecPR1925492_20260422_220431_000;0.0;4.8;153.0;noise;0.98;"""";"""";"""";"""";""""
Car640380-2026-Pass2-Z1-PaRecPR1925492_20260422_220431_000;0.0;5.0;97.0;Pippip;0.97;"""";"""";"""";"""";""""
Car640380-2026-Pass2-Z1-PaRecPR1925492_20260422_220436_000;0.1;5.0;153.0;noise;0.99;"""";"""";"""";"""";""""
Car640380-2026-Pass2-Z1-PaRecPR1925492_20260422_220436_000;0.0;5.0;100.0;Pippip;0.96;"""";"""";"""";"""";""""
Car640380-2026-Pass2-Z1-PaRecPR1925492_20260422_220441_000;3.0;4.5;39.0;Leppun;0.05;"""";"""";"""";"""";""""
Car640380-2026-Pass2-Z1-PaRecPR1925492_20260422_220441_000;0.0;5.0;153.0;noise;0.97;"""";"""";"""";"""";""""
Car640380-2026-Pass2-Z1-PaRecPR1925492_20260422_220441_000;0.0;5.0;102.0;Pippip;0.94;"""";"""";"""";"""";""""
Car640380-2026-Pass2-Z1-PaRecPR1925492_20260422_220446_000;0.0;5.0;153.0;noise;0.98;"""";"""";"""";"""";""""
Car640380-2026-Pass2-Z1-PaRecPR1925492_20260422_220446_000;0.0;5.0;99.0;Pippip;0.93;"""";"""";"""";"""";""""
Car640380-2026-Pass2-Z1-PaRecPR1925492_20260422_220451_000;0.0;0.1;98.0;noise;0.96;"""";"""";"""";"""";""""
Car640380-2026-Pass2-Z1-PaRecPR1925492_20260422_220456_000;0.0;1.5;154.0;noise;0.97;"""";"""";"""";"""";""""
Car640380-2026-Pass2-Z1-PaRecPR1925492_20260422_220505_000;0.0;4.9;153.0;noise;0.79;"""";"""";"""";"""";""""
Car640380-2026-Pass2-Z1-PaRecPR1925492_20260422_220505_000;0.0;5.0;56.0;Pippip;0.96;"""";"""";"""";"""";""""
Car640380-2026-Pass2-Z1-PaRecPR1925492_20260422_220510_000;0.0;0.2;153.0;noise;0.97;"""";"""";"""";"""";""""
Car640380-2026-Pass2-Z1-PaRecPR1925492_20260422_220519_000;0.4;5.0;153.0;noise;0.98;"""";"""";"""";"""";""""
Car640380-2026-Pass2-Z1-PaRecPR1925492_20260422_220519_000;0.2;5.0;99.0;Pippip;0.97;"""";"""";"""";"""";""""
Car640380-2026-Pass2-Z1-PaRecPR1925492_20260422_220524_000;0.0;4.0;153.0;noise;0.98;"""";"""";"""";"""";""""
Car640380-2026-Pass2-Z1-PaRecPR1925492_20260422_220524_000;0.0;4.0;61.0;Pippip;0.98;"""";"""";"""";"""";""""
Car640380-2026-Pass2-Z1-PaRecPR1925492_20260422_220528_000;0.0;5.0;153.0;noise;0.97;"""";"""";"""";"""";""""
Car640380-2026-Pass2-Z1-PaRecPR1925492_20260422_220528_000;0.0;5.0;100.0;Pippip;0.96;"""";"""";"""";"""";""""
Car640380-2026-Pass2-Z1-PaRecPR1925492_20260422_220533_000;0.0;2.8;153.0;noise;0.93;"""";"""";"""";"""";""""
Car640380-2026-Pass2-Z1-PaRecPR1925492_20260422_220533_000;0.0;2.0;56.0;Pippip;0.98;"""";"""";"""";"""";""""
Car640380-2026-Pass2-Z1-PaRecPR1925492_20260422_220553_000;0.4;5.0;154.0;noise;0.95;"""";"""";"""";"""";""""
Car640380-2026-Pass2-Z1-PaRecPR1925492_20260422_220553_000;0.0;4.9;76.0;Pippip;0.96;"""";"""";"""";"""";""""
Car640380-2026-Pass2-Z1-PaRecPR1925492_20260422_220558_000;0.0;2.6;154.0;noise;0.95;"""";"""";"""";"""";""""
Car640380-2026-Pass2-Z1-PaRecPR1925492_20260422_220558_000;0.0;2.3;54.0;Pippip;0.99;"""";"""";"""";"""";""""
Car640380-2026-Pass2-Z1-PaRecPR1925492_20260422_220710_000;0.4;2.1;153.0;noise;0.9;"""";"""";"""";"""";""""
Car640380-2026-Pass2-Z1-PaRecPR1925492_20260422_220710_000;0.3;2.0;21.0;Phanan;0.04;Tetvir, Pippip, Phogri;"""";"""";"""";""""
Car640380-2026-Pass2-Z1-PaRecPR1925492_20260422_220712_000;0.3;5.0;153.0;noise;0.93;"""";"""";"""";"""";""""
Car640380-2026-Pass2-Z1-PaRecPR1925492_20260422_220712_000;0.3;5.0;59.0;Pippip;0.92;"""";"""";"""";"""";""""
Car640380-2026-Pass2-Z1-PaRecPR1925492_20260422_220717_000;0.1;5.0;153.0;noise;0.99;"""";"""";"""";"""";""""
Car640380-2026-Pass2-Z1-PaRecPR1925492_20260422_220717_000;0.0;5.0;100.0;Pippip;0.95;"""";"""";"""";"""";""""
Car640380-2026-Pass2-Z1-PaRecPR1925492_20260422_220722_000;0.0;5.0;154.0;noise;0.93;"""";"""";"""";"""";""""
Car640380-2026-Pass2-Z1-PaRecPR1925492_20260422_220722_000;0.0;5.0;52.0;Pippip;0.99;"""";"""";"""";"""";""""
Car640380-2026-Pass2-Z1-PaRecPR1925492_20260422_220727_000;0.0;0.7;153.0;noise;0.96;"""";"""";"""";"""";""""
Car640380-2026-Pass2-Z1-PaRecPR1925492_20260422_220727_000;0.0;0.9;50.0;Pippip;0.99;"""";"""";"""";"""";""""
Car640380-2026-Pass2-Z1-PaRecPR1925492_20260422_220757_000;0.4;5.0;153.0;noise;0.96;"""";"""";"""";"""";""""
Car640380-2026-Pass2-Z1-PaRecPR1925492_20260422_220757_000;0.0;5.0;96.0;Pippip;0.96;"""";"""";"""";"""";""""
Car640380-2026-Pass2-Z1-PaRecPR1925492_20260422_220802_000;0.0;0.2;36.0;Leppun;0.08;"""";"""";"""";"""";""""
Car640380-2026-Pass2-Z1-PaRecPR1925492_20260422_220802_000;0.0;4.9;154.0;noise;0.96;"""";"""";"""";"""";""""
Car640380-2026-Pass2-Z1-PaRecPR1925492_20260422_220802_000;0.0;4.4;53.0;Pippip;0.99;"""";"""";"""";"""";""""
Car640380-2026-Pass2-Z1-PaRecPR1925492_20260422_220835_000;4.0;4.2;37.0;Leppun;0.06;"""";"""";"""";"""";""""
Car640380-2026-Pass2-Z1-PaRecPR1925492_20260422_220835_000;0.0;5.0;154.0;noise;0.96;"""";"""";"""";"""";""""
Car640380-2026-Pass2-Z1-PaRecPR1925492_20260422_220835_000;0.0;5.0;65.0;Pippip;0.98;"""";"""";"""";"""";""""
Car640380-2026-Pass2-Z1-PaRecPR1925492_20260422_220840_000;0.0;3.1;153.0;noise;0.96;"""";"""";"""";"""";""""
Car640380-2026-Pass2-Z1-PaRecPR1925492_20260422_220840_000;0.0;2.6;55.0;Pippip;0.98;"""";"""";"""";"""";""""
Car640380-2026-Pass2-Z1-PaRecPR1925492_20260422_220908_000;0.4;5.0;153.0;noise;0.93;"""";"""";"""";"""";""""
Car640380-2026-Pass2-Z1-PaRecPR1925492_20260422_220908_000;0.1;5.0;100.0;Pippip;0.96;"""";"""";"""";"""";""""
Car640380-2026-Pass2-Z1-PaRecPR1925492_20260422_220913_000;0.0;3.5;154.0;noise;0.96;"""";"""";"""";"""";""""
Car640380-2026-Pass2-Z1-PaRecPR1925492_20260422_220913_000;0.1;3.2;56.0;Pippip;0.98;"""";"""";"""";"""";""""
Car640380-2026-Pass2-Z1-PaRecPR1925492_20260422_220933_000;0.0;2.1;153.0;noise;0.9;"""";"""";"""";"""";""""
Car640380-2026-Pass2-Z1-PaRecPR1925492_20260422_220933_000;0.3;0.4;19.0;piaf;0.03;Tetvir;"""";"""";"""";""""
Car640380-2026-Pass2-Z1-PaRecPR1925492_20260422_220933_000;1.9;2.1;55.0;Pippip;0.11;Pippyg;"""";"""";"""";""""
Car640380-2026-Pass2-Z1-PaRecPR1925492_20260422_220935_000;2.2;2.3;35.0;Leppun;0.05;"""";"""";"""";"""";""""
Car640380-2026-Pass2-Z1-PaRecPR1925492_20260422_220935_000;0.0;4.9;153.0;noise;0.96;"""";"""";"""";"""";""""
Car640380-2026-Pass2-Z1-PaRecPR1925492_20260422_220935_000;0.0;5.0;99.0;Pippip;0.95;"""";"""";"""";"""";""""
Car640380-2026-Pass2-Z1-PaRecPR1925492_20260422_220940_000;0.0;5.0;154.0;noise;0.98;"""";"""";"""";"""";""""
Car640380-2026-Pass2-Z1-PaRecPR1925492_20260422_220940_000;0.0;5.0;97.0;Pippip;0.97;"""";"""";"""";"""";""""
Car640380-2026-Pass2-Z1-PaRecPR1925492_20260422_220945_000;0.0;1.4;154.0;noise;0.93;"""";"""";"""";"""";""""
Car640380-2026-Pass2-Z1-PaRecPR1925492_20260422_220945_000;0.0;1.3;52.0;Pippip;0.97;"""";"""";"""";"""";""""
Car640380-2026-Pass2-Z1-PaRecPR1925492_20260422_221028_000;0.4;5.0;153.0;noise;0.97;"""";"""";"""";"""";""""
Car640380-2026-Pass2-Z1-PaRecPR1925492_20260422_221028_000;0.0;5.0;90.0;Pippip;0.98;"""";"""";"""";"""";""""
Car640380-2026-Pass2-Z1-PaRecPR1925492_20260422_221033_000;0.1;5.0;153.0;noise;0.99;"""";"""";"""";"""";""""
Car640380-2026-Pass2-Z1-PaRecPR1925492_20260422_221033_000;0.0;5.0;95.0;Pippip;0.96;"""";"""";"""";"""";""""
Car640380-2026-Pass2-Z1-PaRecPR1925492_20260422_221038_000;0.0;3.2;153.0;noise;0.95;"""";"""";"""";"""";""""
Car640380-2026-Pass2-Z1-PaRecPR1925492_20260422_221038_000;0.0;2.4;52.0;Pippip;0.99;"""";"""";"""";"""";""""
Car640380-2026-Pass2-Z1-PaRecPR1925492_20260422_221144_000;0.3;2.4;153.0;noise;0.87;"""";"""";"""";"""";""""
Car640380-2026-Pass2-Z1-PaRecPR1925492_20260422_221144_000;0.3;0.7;23.0;Nyclei;0.99;"""";"""";"""";"""";""""
Car640380-2026-Pass2-Z1-PaRecPR1925492_20260422_221149_000;0.4;2.1;153.0;noise;0.93;"""";"""";"""";"""";""""
Car640380-2026-Pass2-Z1-PaRecPR1925492_20260422_221149_000;0.3;0.9;22.0;Nyclei;0.99;"""";"""";"""";"""";""""
Car640380-2026-Pass2-Z1-PaRecPR1925492_20260422_221217_000;0.4;5.0;153.0;noise;0.96;"""";"""";"""";"""";""""
Car640380-2026-Pass2-Z1-PaRecPR1925492_20260422_221217_000;0.0;5.0;96.0;Pippip;0.94;"""";"""";"""";"""";""""
Car640380-2026-Pass2-Z1-PaRecPR1925492_20260422_221222_000;0.0;3.1;153.0;noise;0.87;"""";"""";"""";"""";""""
Car640380-2026-Pass2-Z1-PaRecPR1925492_20260422_221222_000;0.0;2.9;51.0;Pippip;0.99;"""";"""";"""";"""";""""
Car640380-2026-Pass2-Z1-PaRecPR1925492_20260422_221241_000;0.4;2.0;153.0;noise;0.95;"""";"""";"""";"""";""""
Car640380-2026-Pass2-Z1-PaRecPR1925492_20260422_221241_000;0.3;0.5;24.0;Nyclei;0.99;"""";"""";"""";"""";""""
Car640380-2026-Pass2-Z1-PaRecPR1925492_20260422_221246_000;0.4;4.6;153.0;noise;0.87;"""";"""";"""";"""";""""
Car640380-2026-Pass2-Z1-PaRecPR1925492_20260422_221246_000;0.4;3.3;26.0;Nyclei;0.99;"""";"""";"""";"""";""""
Car640380-2026-Pass2-Z1-PaRecPR1925492_20260422_221348_000;0.3;2.1;153.0;noise;0.87;"""";"""";"""";"""";""""
Car640380-2026-Pass2-Z1-PaRecPR1925492_20260422_221352_000;0.4;4.5;153.0;noise;0.92;"""";"""";"""";"""";""""
Car640380-2026-Pass2-Z1-PaRecPR1925492_20260422_221352_000;0.1;3.8;52.0;Minsch;0.49;"""";"""";"""";"""";""""
Car640380-2026-Pass2-Z1-PaRecPR1925492_20260422_221352_000;0.4;3.7;153.0;Rhifer;0.33;"""";"""";"""";"""";""""
Car640380-2026-Pass2-Z1-PaRecPR1925492_20260422_221414_000;0.4;5.0;153.0;noise;0.96;"""";"""";"""";"""";""""
Car640380-2026-Pass2-Z1-PaRecPR1925492_20260422_221414_000;0.0;5.0;98.0;Pippip;0.91;"""";"""";"""";"""";""""
Car640380-2026-Pass2-Z1-PaRecPR1925492_20260422_221419_000;2.7;2.8;33.0;Leppun;0.06;"""";"""";"""";"""";""""
Car640380-2026-Pass2-Z1-PaRecPR1925492_20260422_221419_000;0.0;4.7;153.0;noise;0.98;"""";"""";"""";"""";""""
Car640380-2026-Pass2-Z1-PaRecPR1925492_20260422_221419_000;0.0;4.1;98.0;Pippip;0.97;"""";"""";"""";"""";""""
Car640380-2026-Pass2-Z1-PaRecPR1925492_20260422_221423_000;0.4;2.1;153.0;noise;0.93;"""";"""";"""";"""";""""
Car640380-2026-Pass2-Z1-PaRecPR1925492_20260422_221445_000;0.0;5.0;153.0;noise;0.97;"""";"""";"""";"""";""""
Car640380-2026-Pass2-Z1-PaRecPR1925492_20260422_221445_000;0.0;5.0;100.0;Pippip;0.89;"""";"""";"""";"""";""""
Car640380-2026-Pass2-Z1-PaRecPR1925492_20260422_221450_000;0.1;0.2;38.0;Yerray;0.1;Leppun;"""";"""";"""";""""
Car640380-2026-Pass2-Z1-PaRecPR1925492_20260422_221450_000;0.1;5.0;151.0;noise;0.96;"""";"""";"""";"""";""""
Car640380-2026-Pass2-Z1-PaRecPR1925492_20260422_221450_000;0.0;5.0;98.0;Pippip;0.97;"""";"""";"""";"""";""""
Car640380-2026-Pass2-Z1-PaRecPR1925492_20260422_221455_000;3.1;3.3;45.0;Leppun;0.05;"""";"""";"""";"""";""""
Car640380-2026-Pass2-Z1-PaRecPR1925492_20260422_221455_000;0.0;5.0;153.0;noise;0.97;"""";"""";"""";"""";""""
Car640380-2026-Pass2-Z1-PaRecPR1925492_20260422_221455_000;0.0;5.0;65.0;Pippip;0.97;"""";"""";"""";"""";""""
Car640380-2026-Pass2-Z1-PaRecPR1925492_20260422_221500_000;0.0;3.5;153.0;noise;0.93;"""";"""";"""";"""";""""
Car640380-2026-Pass2-Z1-PaRecPR1925492_20260422_221500_000;0.0;2.5;53.0;Pippip;0.98;"""";"""";"""";"""";""""
Car640380-2026-Pass2-Z1-PaRecPR1925492_20260422_221509_000;0.4;5.0;153.0;noise;0.91;"""";"""";"""";"""";""""
Car640380-2026-Pass2-Z1-PaRecPR1925492_20260422_221509_000;0.3;5.0;73.0;Pippip;0.98;"""";"""";"""";"""";""""
Car640380-2026-Pass2-Z1-PaRecPR1925492_20260422_221514_000;0.0;5.0;153.0;noise;0.91;"""";"""";"""";"""";""""
Car640380-2026-Pass2-Z1-PaRecPR1925492_20260422_221514_000;0.0;5.0;95.0;Pippip;0.97;"""";"""";"""";"""";""""
Car640380-2026-Pass2-Z1-PaRecPR1925492_20260422_221519_000;0.0;5.0;153.0;noise;0.97;"""";"""";"""";"""";""""
Car640380-2026-Pass2-Z1-PaRecPR1925492_20260422_221519_000;0.0;5.0;58.0;Pippip;0.98;"""";"""";"""";"""";""""
Car640380-2026-Pass2-Z1-PaRecPR1925492_20260422_221524_000;0.0;5.0;153.0;noise;0.98;"""";"""";"""";"""";""""
Car640380-2026-Pass2-Z1-PaRecPR1925492_20260422_221524_000;0.0;5.0;54.0;Pippip;0.99;"""";"""";"""";"""";""""
Car640380-2026-Pass2-Z1-PaRecPR1925492_20260422_221529_000;0.0;5.0;154.0;noise;0.9;"""";"""";"""";"""";""""
Car640380-2026-Pass2-Z1-PaRecPR1925492_20260422_221529_000;0.0;5.0;56.0;Pippip;0.98;"""";"""";"""";"""";""""
Car640380-2026-Pass2-Z1-PaRecPR1925492_20260422_221534_000;0.0;3.7;154.0;noise;0.89;"""";"""";"""";"""";""""
Car640380-2026-Pass2-Z1-PaRecPR1925492_20260422_221534_000;0.0;3.7;55.0;Pippip;0.99;"""";"""";"""";"""";""""
Car640380-2026-Pass2-Z1-PaRecPR1925492_20260422_221539_000;0.4;2.7;153.0;noise;0.87;"""";"""";"""";"""";""""
Car640380-2026-Pass2-Z1-PaRecPR1925492_20260422_221539_000;0.0;2.3;52.0;Pippip;0.99;"""";"""";"""";"""";""""
Car640380-2026-Pass2-Z1-PaRecPR1925492_20260422_221545_000;0.4;2.0;153.0;noise;0.92;"""";"""";"""";"""";""""
Car640380-2026-Pass2-Z1-PaRecPR1925492_20260422_221545_000;0.0;2.1;53.0;Pippip;0.99;"""";"""";"""";"""";""""
Car640380-2026-Pass2-Z1-PaRecPR1925492_20260422_221546_000;0.0;5.0;154.0;noise;0.94;"""";"""";"""";"""";""""
Car640380-2026-Pass2-Z1-PaRecPR1925492_20260422_221546_000;0.0;5.0;55.0;Pippip;0.99;"""";"""";"""";"""";""""
Car640380-2026-Pass2-Z1-PaRecPR1925492_20260422_221551_000;0.0;5.0;153.0;noise;0.96;"""";"""";"""";"""";""""
Car640380-2026-Pass2-Z1-PaRecPR1925492_20260422_221551_000;2.9;4.8;39.0;Pipkuh;0.46;Pipnat;"""";"""";"""";""""
Car640380-2026-Pass2-Z1-PaRecPR1925492_20260422_221551_000;0.0;5.0;96.0;Pippip;0.97;"""";"""";"""";"""";""""
Car640380-2026-Pass2-Z1-PaRecPR1925492_20260422_221556_000;0.0;4.8;153.0;noise;0.97;"""";"""";"""";"""";""""
Car640380-2026-Pass2-Z1-PaRecPR1925492_20260422_221556_000;1.2;5.0;39.0;Pipkuh;0.92;"""";"""";"""";"""";""""
Car640380-2026-Pass2-Z1-PaRecPR1925492_20260422_221556_000;0.0;5.0;98.0;Pippip;0.97;"""";"""";"""";"""";""""
Car640380-2026-Pass2-Z1-PaRecPR1925492_20260422_221601_000;0.0;3.5;153.0;noise;0.94;"""";"""";"""";"""";""""
Car640380-2026-Pass2-Z1-PaRecPR1925492_20260422_221601_000;0.1;3.1;38.0;Pipkuh;0.39;"""";"""";"""";"""";""""
Car640380-2026-Pass2-Z1-PaRecPR1925492_20260422_221601_000;0.0;3.2;52.0;Pippip;0.92;"""";"""";"""";"""";""""
Car640380-2026-Pass2-Z1-PaRecPR1925492_20260422_221634_000;0.0;5.0;153.0;noise;0.94;"""";"""";"""";"""";""""
Car640380-2026-Pass2-Z1-PaRecPR1925492_20260422_221634_000;0.0;5.0;67.0;Pippip;0.95;"""";"""";"""";"""";""""
Car640380-2026-Pass2-Z1-PaRecPR1925492_20260422_221639_000;0.0;4.1;153.0;noise;0.86;"""";"""";"""";"""";""""
Car640380-2026-Pass2-Z1-PaRecPR1925492_20260422_221639_000;0.0;4.0;56.0;Pippip;0.98;"""";"""";"""";"""";""""
Car640380-2026-Pass2-Z1-PaRecPR1925492_20260422_221652_000;0.4;5.0;153.0;noise;0.96;"""";"""";"""";"""";""""
Car640380-2026-Pass2-Z1-PaRecPR1925492_20260422_221652_000;0.0;5.0;93.0;Pippip;0.97;"""";"""";"""";"""";""""
Car640380-2026-Pass2-Z1-PaRecPR1925492_20260422_221657_000;0.0;5.0;153.0;noise;0.98;"""";"""";"""";"""";""""
Car640380-2026-Pass2-Z1-PaRecPR1925492_20260422_221657_000;0.0;5.0;95.0;Pippip;0.98;"""";"""";"""";"""";""""
Car640380-2026-Pass2-Z1-PaRecPR1925492_20260422_221702_000;0.0;3.0;153.0;noise;0.88;"""";"""";"""";"""";""""
Car640380-2026-Pass2-Z1-PaRecPR1925492_20260422_221702_000;0.2;1.0;23.0;Phanan;0.49;"""";"""";"""";"""";""""
Car640380-2026-Pass2-Z1-PaRecPR1925492_20260422_221702_000;0.0;2.3;50.0;Pippip;0.99;"""";"""";"""";"""";""""
Car640380-2026-Pass2-Z1-PaRecPR1925492_20260422_221919_000;0.4;4.4;153.0;noise;0.78;"""";"""";"""";"""";""""
Car640380-2026-Pass2-Z1-PaRecPR1925492_20260422_221919_000;0.4;2.5;23.0;Nyclei;0.99;"""";"""";"""";"""";""""
Car640380-2026-Pass2-Z1-PaRecPR1925492_20260422_221919_000;1.1;2.8;51.0;Pippip;0.95;"""";"""";"""";"""";""""
Car640380-2026-Pass2-Z1-PaRecPR1925492_20260422_221924_000;0.0;2.5;154.0;noise;0.89;"""";"""";"""";"""";""""
Car640380-2026-Pass2-Z1-PaRecPR1925492_20260422_221924_000;0.3;1.1;24.0;Nyclei;0.99;"""";"""";"""";"""";""""
Car640380-2026-Pass2-Z1-PaRecPR1925492_20260422_221924_000;0.4;2.5;91.0;Pippip;0.88;"""";"""";"""";"""";""""
Car640380-2026-Pass2-Z1-PaRecPR1925492_20260422_221948_000;0.1;2.1;154.0;noise;0.92;"""";"""";"""";"""";""""
Car640380-2026-Pass2-Z1-PaRecPR1925492_20260422_221948_000;0.2;0.5;16.0;Phanan;0.07;"""";"""";"""";"""";""""
Car640380-2026-Pass2-Z1-PaRecPR1925492_20260422_221948_000;0.4;2.0;49.0;Pippip;0.98;"""";"""";"""";"""";""""
Car640380-2026-Pass2-Z1-PaRecPR1925492_20260422_222009_000;0.2;4.3;153.0;noise;0.89;"""";"""";"""";"""";""""
Car640380-2026-Pass2-Z1-PaRecPR1925492_20260422_222009_000;0.0;2.6;51.0;Pippip;0.99;"""";"""";"""";"""";""""
Car640380-2026-Pass2-Z1-PaRecPR1925492_20260422_222017_000;0.1;5.0;153.0;noise;0.97;"""";"""";"""";"""";""""
Car640380-2026-Pass2-Z1-PaRecPR1925492_20260422_222017_000;0.0;5.0;99.0;Pippip;0.98;"""";"""";"""";"""";""""
Car640380-2026-Pass2-Z1-PaRecPR1925492_20260422_222022_000;0.0;4.4;153.0;noise;0.98;"""";"""";"""";"""";""""
Car640380-2026-Pass2-Z1-PaRecPR1925492_20260422_222022_000;2.7;2.9;23.0;Nyclei;0.93;"""";"""";"""";"""";""""
Car640380-2026-Pass2-Z1-PaRecPR1925492_20260422_222022_000;0.0;4.1;80.0;Pippip;0.99;"""";"""";"""";"""";""""
Car640380-2026-Pass2-Z1-PaRecPR1925492_20260422_222201_000;0.4;4.9;153.0;noise;0.94;"""";"""";"""";"""";""""
Car640380-2026-Pass2-Z1-PaRecPR1925492_20260422_222201_000;0.2;5.0;96.0;Pippip;0.99;"""";"""";"""";"""";""""
Car640380-2026-Pass2-Z1-PaRecPR1925492_20260422_222206_000;0.0;5.0;153.0;noise;0.95;"""";"""";"""";"""";""""
Car640380-2026-Pass2-Z1-PaRecPR1925492_20260422_222206_000;3.1;3.2;23.0;Nyclei;0.99;"""";"""";"""";"""";""""
Car640380-2026-Pass2-Z1-PaRecPR1925492_20260422_222206_000;0.0;4.6;51.0;Pippip;0.99;"""";"""";"""";"""";""""
Car640380-2026-Pass2-Z1-PaRecPR1925492_20260422_222211_000;0.0;0.1;153.0;noise;0.97;"""";"""";"""";"""";""""
Car640380-2026-Pass2-Z1-PaRecPR1925492_20260422_222214_000;0.4;5.0;154.0;noise;0.97;"""";"""";"""";"""";""""
Car640380-2026-Pass2-Z1-PaRecPR1925492_20260422_222214_000;0.3;4.8;26.0;Nyclei;0.99;"""";"""";"""";"""";""""
Car640380-2026-Pass2-Z1-PaRecPR1925492_20260422_222219_000;0.0;1.2;154.0;noise;0.97;"""";"""";"""";"""";""""
Car640380-2026-Pass2-Z1-PaRecPR1925492_20260422_222219_000;0.4;0.5;28.0;Nyclei;0.25;"""";"""";"""";"""";""""
Car640380-2026-Pass2-Z1-PaRecPR1925492_20260422_222309_000;0.1;2.5;153.0;noise;0.92;"""";"""";"""";"""";""""
Car640380-2026-Pass2-Z1-PaRecPR1925492_20260422_222309_000;0.4;2.4;26.0;Nyclei;0.99;"""";"""";"""";"""";""""
Car640380-2026-Pass2-Z1-PaRecPR1925492_20260422_222313_000;0.3;3.1;153.0;noise;0.87;"""";"""";"""";"""";""""
Car640380-2026-Pass2-Z1-PaRecPR1925492_20260422_222313_000;0.7;1.9;24.0;Nyclei;0.99;"""";"""";"""";"""";""""
Car640380-2026-Pass2-Z1-PaRecPR1925492_20260422_222548_000;3.4;3.6;36.0;Leppun;0.14;"""";"""";"""";"""";""""
Car640380-2026-Pass2-Z1-PaRecPR1925492_20260422_222548_000;0.4;5.0;153.0;noise;0.96;"""";"""";"""";"""";""""
Car640380-2026-Pass2-Z1-PaRecPR1925492_20260422_222548_000;0.1;5.0;65.0;Pippip;0.98;"""";"""";"""";"""";""""
Car640380-2026-Pass2-Z1-PaRecPR1925492_20260422_222553_000;0.0;1.9;153.0;noise;0.92;"""";"""";"""";"""";""""
Car640380-2026-Pass2-Z1-PaRecPR1925492_20260422_222553_000;0.0;1.8;51.0;Pippip;0.99;"""";"""";"""";"""";""""
Car640380-2026-Pass2-Z1-PaRecPR1925492_20260422_222556_000;0.1;4.6;154.0;noise;0.95;"""";"""";"""";"""";""""
Car640380-2026-Pass2-Z1-PaRecPR1925492_20260422_222556_000;0.0;4.5;55.0;Pippip;0.99;"""";"""";"""";"""";""""
Car640380-2026-Pass2-Z1-PaRecPR1925492_20260422_222602_000;0.4;2.0;154.0;noise;0.94;"""";"""";"""";"""";""""
Car640380-2026-Pass2-Z1-PaRecPR1925492_20260422_222602_000;0.1;1.6;50.0;Pippip;0.99;"""";"""";"""";"""";""""
Car640380-2026-Pass2-Z1-PaRecPR1925492_20260422_222712_000;0.4;5.0;153.0;noise;0.78;"""";"""";"""";"""";""""
Car640380-2026-Pass2-Z1-PaRecPR1925492_20260422_222712_000;0.0;5.0;52.0;Pippip;0.99;"""";"""";"""";"""";""""
Car640380-2026-Pass2-Z1-PaRecPR1925492_20260422_222717_000;0.0;1.6;154.0;noise;0.95;"""";"""";"""";"""";""""
Car640380-2026-Pass2-Z1-PaRecPR1925492_20260422_222717_000;0.1;1.6;48.0;Pippip;0.98;"""";"""";"""";"""";""""
Car640380-2026-Pass2-Z1-PaRecPR1925492_20260422_222747_000;0.4;2.3;154.0;noise;0.95;"""";"""";"""";"""";""""
Car640380-2026-Pass2-Z1-PaRecPR1925492_20260422_222747_000;0.1;0.6;39.0;Pipkuh;0.8;"""";"""";"""";"""";""""
Car640380-2026-Pass2-Z1-PaRecPR1925492_20260422_222747_000;0.4;0.6;14.0;Tadten;0.04;Phogri, Tetvir, piaf;"""";"""";"""";""""
Car640380-2026-Pass2-Z1-PaRecPR1925492_20260422_222805_000;0.2;4.9;153.0;noise;0.89;"""";"""";"""";"""";""""
Car640380-2026-Pass2-Z1-PaRecPR1925492_20260422_222805_000;0.0;5.0;77.0;Pipkuh;0.94;"""";"""";"""";"""";""""
Car640380-2026-Pass2-Z1-PaRecPR1925492_20260422_222810_000;0.0;4.8;153.0;noise;0.82;"""";"""";"""";"""";""""
Car640380-2026-Pass2-Z1-PaRecPR1925492_20260422_222810_000;0.0;4.0;43.0;Pipkuh;0.91;"""";"""";"""";"""";""""
Car640380-2026-Pass2-Z1-PaRecPR1925492_20260422_222815_000;0.4;3.9;153.0;noise;0.9;"""";"""";"""";"""";""""
Car640380-2026-Pass2-Z1-PaRecPR1925492_20260422_222815_000;0.4;3.9;45.0;Pipkuh;0.96;"""";"""";"""";"""";""""
Car640380-2026-Pass2-Z1-PaRecPR1925492_20260422_222820_000;0.1;3.9;153.0;noise;0.96;"""";"""";"""";"""";""""
Car640380-2026-Pass2-Z1-PaRecPR1925492_20260422_222820_000;0.3;4.0;48.0;Pipkuh;0.97;"""";"""";"""";"""";""""
Car640380-2026-Pass2-Z1-PaRecPR1925492_20260422_222823_000;0.0;5.0;153.0;noise;0.96;"""";"""";"""";"""";""""
Car640380-2026-Pass2-Z1-PaRecPR1925492_20260422_222823_000;0.1;5.0;56.0;Pipkuh;0.94;"""";"""";"""";"""";""""
Car640380-2026-Pass2-Z1-PaRecPR1925492_20260422_222828_000;0.0;5.0;153.0;noise;0.8;"""";"""";"""";"""";""""
Car640380-2026-Pass2-Z1-PaRecPR1925492_20260422_222828_000;0.1;4.9;67.0;Pipkuh;0.86;"""";"""";"""";"""";""""
Car640380-2026-Pass2-Z1-PaRecPR1925492_20260422_222833_000;0.0;1.4;50.0;Myomys;0.07;Myoema;"""";"""";"""";""""
Car640380-2026-Pass2-Z1-PaRecPR1925492_20260422_222833_000;0.0;1.8;153.0;noise;0.97;"""";"""";"""";"""";""""
Car640380-2026-Pass2-Z1-PaRecPR1925492_20260422_222835_000;1.7;5.0;11.0;noise;0.89;"""";"""";"""";"""";""""
Car640380-2026-Pass2-Z1-PaRecPR1925492_20260422_222835_000;2.0;4.6;49.0;Pipkuh;0.92;"""";"""";"""";"""";""""
Car640380-2026-Pass2-Z1-PaRecPR1925492_20260422_222835_000;0.2;4.9;60.0;Pippip;0.87;"""";"""";"""";"""";""""
Car640380-2026-Pass2-Z1-PaRecPR1925492_20260422_222835_000;0.0;5.0;153.0;Rhihip;0.09;"""";"""";"""";"""";""""
Car640380-2026-Pass2-Z1-PaRecPR1925492_20260422_222840_000;0.9;4.6;47.0;Myomys;0.58;"""";"""";"""";"""";""""
Car640380-2026-Pass2-Z1-PaRecPR1925492_20260422_222840_000;0.0;5.0;153.0;noise;0.91;"""";"""";"""";"""";""""
Car640380-2026-Pass2-Z1-PaRecPR1925492_20260422_222840_000;0.0;4.7;61.0;Pippip;0.88;"""";"""";"""";"""";""""
Car640380-2026-Pass2-Z1-PaRecPR1925492_20260422_222845_000;0.0;5.0;153.0;noise;0.92;"""";"""";"""";"""";""""
Car640380-2026-Pass2-Z1-PaRecPR1925492_20260422_222845_000;0.5;5.0;77.0;Pipkuh;0.82;"""";"""";"""";"""";""""
Car640380-2026-Pass2-Z1-PaRecPR1925492_20260422_222850_000;0.0;5.0;153.0;noise;0.93;"""";"""";"""";"""";""""
Car640380-2026-Pass2-Z1-PaRecPR1925492_20260422_222850_000;0.3;4.8;48.0;Pipkuh;0.94;"""";"""";"""";"""";""""
Car640380-2026-Pass2-Z1-PaRecPR1925492_20260422_222850_000;0.0;5.0;75.0;Pippip;0.87;"""";"""";"""";"""";""""
Car640380-2026-Pass2-Z1-PaRecPR1925492_20260422_222855_000;0.0;5.0;153.0;noise;0.92;"""";"""";"""";"""";""""
Car640380-2026-Pass2-Z1-PaRecPR1925492_20260422_222855_000;0.5;4.4;48.0;Pipkuh;0.89;"""";"""";"""";"""";""""
Car640380-2026-Pass2-Z1-PaRecPR1925492_20260422_222855_000;0.1;4.4;76.0;Pippip;0.76;"""";"""";"""";"""";""""
Car640380-2026-Pass2-Z1-PaRecPR1925492_20260422_222900_000;0.0;1.1;153.0;noise;0.97;"""";"""";"""";"""";""""
Car640380-2026-Pass2-Z1-PaRecPR1925492_20260422_222908_000;0.0;2.0;153.0;noise;0.84;"""";"""";"""";"""";""""
Car640380-2026-Pass2-Z1-PaRecPR1925492_20260422_223005_000;0.0;5.0;153.0;noise;0.89;"""";"""";"""";"""";""""
Car640380-2026-Pass2-Z1-PaRecPR1925492_20260422_223005_000;0.0;4.9;39.0;Pipkuh;0.87;"""";"""";"""";"""";""""
Car640380-2026-Pass2-Z1-PaRecPR1925492_20260422_223010_000;0.0;3.6;153.0;noise;0.75;"""";"""";"""";"""";""""
Car640380-2026-Pass2-Z1-PaRecPR1925492_20260422_223010_000;0.0;3.3;38.0;Pipkuh;0.89;"""";"""";"""";"""";""""
Car640380-2026-Pass2-Z1-PaRecPR1925492_20260422_223041_000;0.1;4.9;153.0;noise;0.96;"""";"""";"""";"""";""""
Car640380-2026-Pass2-Z1-PaRecPR1925492_20260422_223041_000;0.0;5.0;99.0;Pippip;0.98;"""";"""";"""";"""";""""
Car640380-2026-Pass2-Z1-PaRecPR1925492_20260422_223046_000;0.0;3.3;153.0;noise;0.96;"""";"""";"""";"""";""""
Car640380-2026-Pass2-Z1-PaRecPR1925492_20260422_223046_000;0.0;2.9;50.0;Pippip;0.99;"""";"""";"""";"""";""""
Car640380-2026-Pass2-Z1-PaRecPR1925492_20260422_223122_000;0.4;5.0;153.0;noise;0.98;"""";"""";"""";"""";""""
Car640380-2026-Pass2-Z1-PaRecPR1925492_20260422_223122_000;0.1;5.0;97.0;Pippip;0.98;"""";"""";"""";"""";""""
Car640380-2026-Pass2-Z1-PaRecPR1925492_20260422_223127_000;0.0;2.2;153.0;noise;0.91;"""";"""";"""";"""";""""
Car640380-2026-Pass2-Z1-PaRecPR1925492_20260422_223127_000;0.1;1.8;52.0;Pippip;0.96;"""";"""";"""";"""";""""
Car640380-2026-Pass2-Z1-PaRecPR1925492_20260422_223135_000;0.4;5.0;154.0;noise;0.86;"""";"""";"""";"""";""""
Car640380-2026-Pass2-Z1-PaRecPR1925492_20260422_223135_000;0.0;5.0;54.0;Pippip;0.98;"""";"""";"""";"""";""""
Car640380-2026-Pass2-Z1-PaRecPR1925492_20260422_223140_000;0.0;0.5;154.0;noise;0.97;"""";"""";"""";"""";""""
Car640380-2026-Pass2-Z1-PaRecPR1925492_20260422_223140_000;0.2;0.5;48.0;Pippip;0.93;"""";"""";"""";"""";""""
Car640380-2026-Pass2-Z1-PaRecPR1925492_20260422_223412_000;0.4;4.9;153.0;noise;0.92;"""";"""";"""";"""";""""
Car640380-2026-Pass2-Z1-PaRecPR1925492_20260422_223412_000;0.4;4.9;19.0;Phogri;0.03;Tetvir, Phanan;"""";"""";"""";""""
Car640380-2026-Pass2-Z1-PaRecPR1925492_20260422_223412_000;0.1;5.0;101.0;Pippip;0.9;"""";"""";"""";"""";""""
Car640380-2026-Pass2-Z1-PaRecPR1925492_20260422_223417_000;0.0;3.9;153.0;noise;0.94;"""";"""";"""";"""";""""
Car640380-2026-Pass2-Z1-PaRecPR1925492_20260422_223417_000;0.0;2.2;55.0;Pippip;0.97;"""";"""";"""";"""";""""
Car640380-2026-Pass2-Z1-PaRecPR1925492_20260422_223436_000;0.3;5.0;153.0;noise;0.88;"""";"""";"""";"""";""""
Car640380-2026-Pass2-Z1-PaRecPR1925492_20260422_223436_000;0.2;5.0;57.0;Pippip;0.96;"""";"""";"""";"""";""""
Car640380-2026-Pass2-Z1-PaRecPR1925492_20260422_223441_000;0.0;5.0;153.0;noise;0.98;"""";"""";"""";"""";""""
Car640380-2026-Pass2-Z1-PaRecPR1925492_20260422_223441_000;0.0;5.0;100.0;Pippip;0.97;"""";"""";"""";"""";""""
Car640380-2026-Pass2-Z1-PaRecPR1925492_20260422_223446_000;0.1;1.3;154.0;noise;0.95;"""";"""";"""";"""";""""
Car640380-2026-Pass2-Z1-PaRecPR1925492_20260422_223446_000;0.0;1.5;55.0;Pippip;0.97;"""";"""";"""";"""";""""
Car640380-2026-Pass2-Z1-PaRecPR1925492_20260422_223528_000;0.0;2.1;153.0;noise;0.94;"""";"""";"""";"""";""""
Car640380-2026-Pass2-Z1-PaRecPR1925492_20260422_223613_000;0.4;2.4;154.0;noise;0.9;"""";"""";"""";"""";""""
Car640380-2026-Pass2-Z1-PaRecPR1925492_20260422_224113_000;0.4;4.9;153.0;noise;0.97;"""";"""";"""";"""";""""
Car640380-2026-Pass2-Z1-PaRecPR1925492_20260422_224113_000;0.0;5.0;99.0;Pippip;0.92;"""";"""";"""";"""";""""
Car640380-2026-Pass2-Z1-PaRecPR1925492_20260422_224118_000;0.0;1.7;154.0;noise;0.92;"""";"""";"""";"""";""""
Car640380-2026-Pass2-Z1-PaRecPR1925492_20260422_224118_000;0.0;1.7;53.0;Pippip;0.99;"""";"""";"""";"""";""""
Car640380-2026-Pass2-Z1-PaRecPR1925492_20260422_224150_000;0.4;3.5;154.0;noise;0.91;"""";"""";"""";"""";""""
Car640380-2026-Pass2-Z1-PaRecPR1925492_20260422_224150_000;0.3;1.9;25.0;Nyclei;0.99;"""";"""";"""";"""";""""
Car640380-2026-Pass2-Z1-PaRecPR1925492_20260422_224155_000;0.4;4.0;154.0;noise;0.89;"""";"""";"""";"""";""""
Car640380-2026-Pass2-Z1-PaRecPR1925492_20260422_224155_000;0.3;3.3;24.0;Nyclei;0.99;"""";"""";"""";"""";""""
Car640380-2026-Pass2-Z1-PaRecPR1925492_20260422_224159_000;0.0;2.9;153.0;noise;0.86;"""";"""";"""";"""";""""
Car640380-2026-Pass2-Z1-PaRecPR1925492_20260422_224159_000;0.2;2.7;25.0;Nyclei;0.99;"""";"""";"""";"""";""""
Car640380-2026-Pass2-Z1-PaRecPR1925492_20260422_224159_000;2.6;2.7;16.0;Phanan;0.04;Tetvir, Pippip, Phogri;"""";"""";"""";""""
Car640380-2026-Pass2-Z1-PaRecPR1925492_20260422_224213_000;0.4;2.1;154.0;noise;0.94;"""";"""";"""";"""";""""
Car640380-2026-Pass2-Z1-PaRecPR1925492_20260422_224213_000;0.3;1.0;27.0;Nyclei;0.98;"""";"""";"""";"""";""""
Car640380-2026-Pass2-Z1-PaRecPR1925492_20260422_224217_000;0.4;5.0;153.0;noise;0.91;"""";"""";"""";"""";""""
Car640380-2026-Pass2-Z1-PaRecPR1925492_20260422_224217_000;0.4;5.0;27.0;Nyclei;0.97;"""";"""";"""";"""";""""
Car640380-2026-Pass2-Z1-PaRecPR1925492_20260422_224217_000;0.4;3.0;45.0;Pippip;0.68;"""";"""";"""";"""";""""
Car640380-2026-Pass2-Z1-PaRecPR1925492_20260422_224222_000;0.0;0.9;153.0;noise;0.97;"""";"""";"""";"""";""""
Car640380-2026-Pass2-Z1-PaRecPR1925492_20260422_224231_000;0.1;5.0;154.0;noise;0.96;"""";"""";"""";"""";""""
Car640380-2026-Pass2-Z1-PaRecPR1925492_20260422_224231_000;0.0;5.0;97.0;Pippip;0.89;"""";"""";"""";"""";""""
Car640380-2026-Pass2-Z1-PaRecPR1925492_20260422_224236_000;0.0;5.0;154.0;noise;0.98;"""";"""";"""";"""";""""
Car640380-2026-Pass2-Z1-PaRecPR1925492_20260422_224236_000;0.0;5.0;55.0;Pippip;0.99;"""";"""";"""";"""";""""
Car640380-2026-Pass2-Z1-PaRecPR1925492_20260422_224241_000;0.1;4.4;153.0;noise;0.96;"""";"""";"""";"""";""""
Car640380-2026-Pass2-Z1-PaRecPR1925492_20260422_224241_000;0.0;4.4;54.0;Pippip;0.99;"""";"""";"""";"""";""""
Car640380-2026-Pass2-Z1-PaRecPR1925492_20260422_224257_000;0.4;5.0;153.0;noise;0.92;"""";"""";"""";"""";""""
Car640380-2026-Pass2-Z1-PaRecPR1925492_20260422_224257_000;0.0;5.0;99.0;Pippip;0.97;"""";"""";"""";"""";""""
Car640380-2026-Pass2-Z1-PaRecPR1925492_20260422_224302_000;0.0;0.4;154.0;noise;0.97;"""";"""";"""";"""";""""
Car640380-2026-Pass2-Z1-PaRecPR1925492_20260422_224302_000;0.0;0.3;53.0;Pippip;0.94;"""";"""";"""";"""";""""
Car640380-2026-Pass2-Z1-PaRecPR1925492_20260422_224441_000;0.4;5.0;153.0;noise;0.95;"""";"""";"""";"""";""""
Car640380-2026-Pass2-Z1-PaRecPR1925492_20260422_224441_000;0.0;5.0;55.0;Pippip;0.99;"""";"""";"""";"""";""""
Car640380-2026-Pass2-Z1-PaRecPR1925492_20260422_224446_000;0.1;5.0;153.0;noise;0.98;"""";"""";"""";"""";""""
Car640380-2026-Pass2-Z1-PaRecPR1925492_20260422_224446_000;0.0;5.0;102.0;Pippip;0.91;"""";"""";"""";"""";""""
Car640380-2026-Pass2-Z1-PaRecPR1925492_20260422_224451_000;0.0;3.4;153.0;noise;0.97;"""";"""";"""";"""";""""
Car640380-2026-Pass2-Z1-PaRecPR1925492_20260422_224451_000;0.0;2.6;56.0;Pippip;0.97;"""";"""";"""";"""";""""
Car640380-2026-Pass2-Z1-PaRecPR1925492_20260422_224510_000;0.4;5.0;154.0;noise;0.95;"""";"""";"""";"""";""""
Car640380-2026-Pass2-Z1-PaRecPR1925492_20260422_224510_000;0.0;4.6;74.0;Pippip;0.95;"""";"""";"""";"""";""""
Car640380-2026-Pass2-Z1-PaRecPR1925492_20260422_224515_000;0.0;0.4;153.0;noise;0.98;"""";"""";"""";"""";""""
Car640380-2026-Pass2-Z1-PaRecPR1925492_20260422_224554_000;0.4;2.1;153.0;noise;0.92;"""";"""";"""";"""";""""
Car640380-2026-Pass2-Z1-PaRecPR1925492_20260422_224554_000;0.0;2.0;52.0;Pippip;0.97;"""";"""";"""";"""";""""
Car640380-2026-Pass2-Z1-PaRecPR1925492_20260422_224608_000;0.4;5.0;153.0;noise;0.93;"""";"""";"""";"""";""""
Car640380-2026-Pass2-Z1-PaRecPR1925492_20260422_224608_000;0.4;4.9;25.0;Nyclei;0.98;"""";"""";"""";"""";""""
Car640380-2026-Pass2-Z1-PaRecPR1925492_20260422_224613_000;0.1;3.6;154.0;noise;0.95;"""";"""";"""";"""";""""
Car640380-2026-Pass2-Z1-PaRecPR1925492_20260422_224613_000;0.4;2.5;28.0;Nyclei;0.99;"""";"""";"""";"""";""""
Car640380-2026-Pass2-Z1-PaRecPR1925492_20260422_224617_000;0.4;2.1;154.0;noise;0.88;"""";"""";"""";"""";""""
Car640380-2026-Pass2-Z1-PaRecPR1925492_20260422_224617_000;0.2;1.0;27.0;Nyclei;0.99;"""";"""";"""";"""";""""
Car640380-2026-Pass2-Z1-PaRecPR1925492_20260422_224659_000;0.4;5.0;153.0;noise;0.96;"""";"""";"""";"""";""""
Car640380-2026-Pass2-Z1-PaRecPR1925492_20260422_224659_000;0.0;5.0;56.0;Pippip;0.98;"""";"""";"""";"""";""""
Car640380-2026-Pass2-Z1-PaRecPR1925492_20260422_224704_000;0.0;5.0;154.0;noise;0.88;"""";"""";"""";"""";""""
Car640380-2026-Pass2-Z1-PaRecPR1925492_20260422_224704_000;0.1;4.8;96.0;Pippip;0.98;"""";"""";"""";"""";""""
Car640380-2026-Pass2-Z1-PaRecPR1925492_20260422_224709_000;0.0;0.1;154.0;noise;0.97;"""";"""";"""";"""";""""
Car640380-2026-Pass2-Z1-PaRecPR1925492_20260422_224728_000;0.4;4.3;154.0;noise;0.93;"""";"""";"""";"""";""""
Car640380-2026-Pass2-Z1-PaRecPR1925492_20260422_224728_000;0.3;2.8;26.0;Nyclei;0.99;"""";"""";"""";"""";""""
Car640380-2026-Pass2-Z1-PaRecPR1925492_20260422_224728_000;3.4;4.3;50.0;Pippip;0.7;"""";"""";"""";"""";""""
Car640380-2026-Pass2-Z1-PaRecPR1925492_20260422_224733_000;0.5;5.0;154.0;noise;0.94;"""";"""";"""";"""";""""
Car640380-2026-Pass2-Z1-PaRecPR1925492_20260422_224733_000;3.2;5.0;25.0;Nyclei;0.98;"""";"""";"""";"""";""""
Car640380-2026-Pass2-Z1-PaRecPR1925492_20260422_224733_000;0.0;5.0;93.0;Pippip;0.89;"""";"""";"""";"""";""""
Car640380-2026-Pass2-Z1-PaRecPR1925492_20260422_224738_000;0.0;5.0;153.0;noise;0.92;"""";"""";"""";"""";""""
Car640380-2026-Pass2-Z1-PaRecPR1925492_20260422_224738_000;0.5;1.3;25.0;Nyclei;0.98;"""";"""";"""";"""";""""
Car640380-2026-Pass2-Z1-PaRecPR1925492_20260422_224738_000;0.0;5.0;95.0;Pippip;0.96;"""";"""";"""";"""";""""
Car640380-2026-Pass2-Z1-PaRecPR1925492_20260422_224743_000;0.0;2.3;153.0;noise;0.96;"""";"""";"""";"""";""""
Car640380-2026-Pass2-Z1-PaRecPR1925492_20260422_224743_000;0.7;0.8;23.0;Nyclei;0.99;"""";"""";"""";"""";""""
Car640380-2026-Pass2-Z1-PaRecPR1925492_20260422_224743_000;0.0;2.3;49.0;Pippip;0.99;"""";"""";"""";"""";""""
Car640380-2026-Pass2-Z1-PaRecPR1925492_20260422_224827_000;0.2;5.0;153.0;noise;0.85;"""";"""";"""";"""";""""
Car640380-2026-Pass2-Z1-PaRecPR1925492_20260422_224827_000;0.4;3.7;27.0;Nyclei;0.99;"""";"""";"""";"""";""""
Car640380-2026-Pass2-Z1-PaRecPR1925492_20260422_224827_000;4.0;4.6;50.0;Pippip;0.67;"""";"""";"""";"""";""""
Car640380-2026-Pass2-Z1-PaRecPR1925492_20260422_224832_000;0.0;0.6;153.0;noise;0.98;"""";"""";"""";"""";""""
Car640380-2026-Pass2-Z1-PaRecPR1925492_20260422_224840_000;0.3;5.0;153.0;noise;0.84;"""";"""";"""";"""";""""
Car640380-2026-Pass2-Z1-PaRecPR1925492_20260422_224840_000;0.4;4.3;14.0;Phanan;0.03;Nyclei, Tetvir, Pippip, Phogri;"""";"""";"""";""""
Car640380-2026-Pass2-Z1-PaRecPR1925492_20260422_224845_000;0.0;1.1;153.0;noise;0.96;"""";"""";"""";"""";""""
Car640380-2026-Pass2-Z1-PaRecPR1925492_20260422_224857_000;3.3;3.4;34.0;Leppun;0.07;"""";"""";"""";"""";""""
Car640380-2026-Pass2-Z1-PaRecPR1925492_20260422_224857_000;0.4;5.0;153.0;noise;0.8;"""";"""";"""";"""";""""
Car640380-2026-Pass2-Z1-PaRecPR1925492_20260422_224857_000;0.0;5.0;55.0;Pippip;0.99;"""";"""";"""";"""";""""
Car640380-2026-Pass2-Z1-PaRecPR1925492_20260422_224902_000;0.1;0.5;153.0;noise;0.98;"""";"""";"""";"""";""""
Car640380-2026-Pass2-Z1-PaRecPR1925492_20260422_224913_000;0.3;2.0;153.0;noise;0.96;"""";"""";"""";"""";""""
Car640380-2026-Pass2-Z1-PaRecPR1925492_20260422_225005_000;0.4;5.0;153.0;noise;0.93;"""";"""";"""";"""";""""
Car640380-2026-Pass2-Z1-PaRecPR1925492_20260422_225005_000;0.1;4.9;101.0;Pippip;0.92;"""";"""";"""";"""";""""
Car640380-2026-Pass2-Z1-PaRecPR1925492_20260422_225005_000;1.9;5.0;14.0;Phogri;0.04;Tadten, Tetvir, Pipkuh, Phanan;"""";"""";"""";""""
Car640380-2026-Pass2-Z1-PaRecPR1925492_20260422_225010_000;0.0;1.7;153.0;noise;0.98;"""";"""";"""";"""";""""
Car640380-2026-Pass2-Z1-PaRecPR1925492_20260422_225010_000;0.0;0.1;14.0;Tetvir;0.02;Pippip, Pipkuh, Phogri, Yposp, Yerray, Yerbey, Vesmur, Urosp, Tyllil, Thycor, Tetpyg, Tetarg, Testes, Tadten, Sepsep, Rusnit, Roeroe, Rhihip, Rhifer, Rhieur, Rhasp, Ratnor, Plemac, Pleaus, Pleaur, Plasab, Plaint, Plafal, Plaalb, Plaaff, Pippyg, Pipnat, piaf, Phofem, Phanan, Phafal, Nycnoc, Nyclei, Nyclas, Myonat, Myomys, MyoGT, Myoema, Myodau, Myogla, Myocap, Myobec, Myoalc, Mussp, Minsch, Mimasp, Micagr, Metbra, mamm, Leppun, Lepbos, Lepalb, Lamsp., Isopyr, Inssp8, Inssp7, Inssp5, Insp12, Insp11, Insp10, Hypsav, gril, Eupsp, Eptser, Eptnil, Epheph, Decalb, Cyrscu, Cympud, criq, Confus, Tetarg, Barfis, Barbar, Antsp, amph;"""";"""";"""";""""
Car640380-2026-Pass2-Z1-PaRecPR1925492_20260422_225034_000;3.1;4.8;21.0;Nyclei;0.99;"""";"""";"""";"""";""""
Car640380-2026-Pass2-Z1-PaRecPR1925492_20260422_225034_000;0.4;4.8;18.0;Phanan;0.04;Tetvir, Phogri;"""";"""";"""";""""
Car640380-2026-Pass2-Z1-PaRecPR1925492_20260422_225034_000;0.3;5.0;52.0;Pippip;0.79;"""";"""";"""";"""";""""
Car640380-2026-Pass2-Z1-PaRecPR1925492_20260422_225034_000;0.4;5.0;153.0;noise;0.36;"""";"""";"""";"""";""""
Car640380-2026-Pass2-Z1-PaRecPR1925492_20260422_225039_000;0.0;5.0;153.0;noise;0.92;"""";"""";"""";"""";""""
Car640380-2026-Pass2-Z1-PaRecPR1925492_20260422_225039_000;0.3;4.4;19.0;Nyclei;0.98;"""";"""";"""";"""";""""
Car640380-2026-Pass2-Z1-PaRecPR1925492_20260422_225039_000;2.9;3.9;19.0;Isopyr;0.76;"""";"""";"""";"""";""""
Car640380-2026-Pass2-Z1-PaRecPR1925492_20260422_225039_000;0.0;4.9;53.0;Pippip;0.96;"""";"""";"""";"""";""""
Car640380-2026-Pass2-Z1-PaRecPR1925492_20260422_225039_000;3.4;4.4;14.0;Tadten;0.32;"""";"""";"""";"""";""""
Car640380-2026-Pass2-Z1-PaRecPR1925492_20260422_225044_000;0.0;2.6;153.0;noise;0.91;"""";"""";"""";"""";""""
Car640380-2026-Pass2-Z1-PaRecPR1925492_20260422_225044_000;0.5;2.3;13.0;piaf;0.05;"""";"""";"""";"""";""""
Car640380-2026-Pass2-Z1-PaRecPR1925492_20260422_225044_000;0.1;2.6;96.0;Pippip;0.84;"""";"""";"""";"""";""""
Car640380-2026-Pass2-Z1-PaRecPR1925492_20260422_225051_000;0.0;5.0;153.0;noise;0.97;"""";"""";"""";"""";""""
Car640380-2026-Pass2-Z1-PaRecPR1925492_20260422_225051_000;0.0;4.9;101.0;Pippip;0.9;"""";"""";"""";"""";""""
Car640380-2026-Pass2-Z1-PaRecPR1925492_20260422_225056_000;0.0;2.4;153.0;noise;0.95;"""";"""";"""";"""";""""
Car640380-2026-Pass2-Z1-PaRecPR1925492_20260422_225056_000;0.0;2.3;52.0;Pippip;0.99;"""";"""";"""";"""";""""
Car640380-2026-Pass2-Z1-PaRecPR1925492_20260422_225207_000;0.1;2.1;153.0;noise;0.92;"""";"""";"""";"""";""""
Car640380-2026-Pass2-Z1-PaRecPR1925492_20260422_225207_000;0.3;1.8;24.0;Nyclei;0.99;"""";"""";"""";"""";""""
Car640380-2026-Pass2-Z1-PaRecPR1925492_20260422_225209_000;2.5;4.1;74.0;noise;0.77;"""";"""";"""";"""";""""
Car640380-2026-Pass2-Z1-PaRecPR1925492_20260422_225209_000;0.2;4.5;24.0;Nyclei;0.99;"""";"""";"""";"""";""""
Car640380-2026-Pass2-Z1-PaRecPR1925492_20260422_225209_000;0.0;5.0;153.0;Rhihip;0.09;"""";"""";"""";"""";""""
Car640380-2026-Pass2-Z1-PaRecPR1925492_20260422_225214_000;0.0;5.0;153.0;noise;0.91;"""";"""";"""";"""";""""
Car640380-2026-Pass2-Z1-PaRecPR1925492_20260422_225214_000;0.1;5.0;24.0;Nyclei;0.99;"""";"""";"""";"""";""""
Car640380-2026-Pass2-Z1-PaRecPR1925492_20260422_225219_000;0.0;4.7;153.0;noise;0.81;"""";"""";"""";"""";""""
Car640380-2026-Pass2-Z1-PaRecPR1925492_20260422_225219_000;0.5;3.4;24.0;Nyclei;0.99;"""";"""";"""";"""";""""
Car640380-2026-Pass2-Z1-PaRecPR1925492_20260422_225306_000;2.9;3.7;39.0;Antsp;0.04;Leppun, Tetvir, Pippip, Pipkuh, Phogri, Isopyr;"""";"""";"""";""""
Car640380-2026-Pass2-Z1-PaRecPR1925492_20260422_225306_000;0.1;3.5;40.0;Pipnat;0.63;Pipkuh;"""";"""";"""";""""
Car640380-2026-Pass2-Z1-PaRecPR1925492_20260422_225306_000;0.4;4.8;153.0;noise;0.37;"""";"""";"""";"""";""""
Car640380-2026-Pass2-Z1-PaRecPR1925492_20260422_225342_000;0.4;5.0;153.0;noise;0.98;"""";"""";"""";"""";""""
Car640380-2026-Pass2-Z1-PaRecPR1925492_20260422_225342_000;0.0;5.0;101.0;Pippip;0.94;"""";"""";"""";"""";""""
Car640380-2026-Pass2-Z1-PaRecPR1925492_20260422_225347_000;0.0;3.0;154.0;noise;0.93;"""";"""";"""";"""";""""
Car640380-2026-Pass2-Z1-PaRecPR1925492_20260422_225347_000;0.0;2.6;54.0;Pippip;0.97;"""";"""";"""";"""";""""
Car640380-2026-Pass2-Z1-PaRecPR1925492_20260422_225357_000;0.4;4.9;153.0;noise;0.95;"""";"""";"""";"""";""""
Car640380-2026-Pass2-Z1-PaRecPR1925492_20260422_225357_000;0.0;5.0;99.0;Pippip;0.94;"""";"""";"""";"""";""""
Car640380-2026-Pass2-Z1-PaRecPR1925492_20260422_225402_000;0.0;3.1;153.0;noise;0.93;"""";"""";"""";"""";""""
Car640380-2026-Pass2-Z1-PaRecPR1925492_20260422_225402_000;0.0;2.9;54.0;Pippip;0.98;"""";"""";"""";"""";""""
Car640380-2026-Pass2-Z1-PaRecPR1925492_20260422_225439_000;0.4;5.0;153.0;noise;0.89;"""";"""";"""";"""";""""
Car640380-2026-Pass2-Z1-PaRecPR1925492_20260422_225439_000;0.0;4.9;54.0;Pippip;0.97;"""";"""";"""";"""";""""
Car640380-2026-Pass2-Z1-PaRecPR1925492_20260422_225444_000;0.0;4.7;154.0;noise;0.92;"""";"""";"""";"""";""""
Car640380-2026-Pass2-Z1-PaRecPR1925492_20260422_225444_000;0.0;4.5;52.0;Pippip;0.96;"""";"""";"""";"""";""""
Car640380-2026-Pass2-Z1-PaRecPR1925492_20260422_225449_000;0.3;3.2;153.0;noise;0.85;"""";"""";"""";"""";""""
Car640380-2026-Pass2-Z1-PaRecPR1925492_20260422_225449_000;0.1;2.1;24.0;Nyclei;0.99;"""";"""";"""";"""";""""
Car640380-2026-Pass2-Z1-PaRecPR1925492_20260422_225452_000;0.0;5.0;153.0;noise;0.83;"""";"""";"""";"""";""""
Car640380-2026-Pass2-Z1-PaRecPR1925492_20260422_225452_000;0.0;4.7;27.0;Nyclei;0.98;"""";"""";"""";"""";""""
Car640380-2026-Pass2-Z1-PaRecPR1925492_20260422_225457_000;0.0;1.7;154.0;noise;0.97;"""";"""";"""";"""";""""
Car640380-2026-Pass2-Z1-PaRecPR1925492_20260422_225457_000;0.2;1.2;29.0;Nyclei;0.84;"""";"""";"""";"""";""""
Car640380-2026-Pass2-Z1-PaRecPR1925492_20260422_225459_000;0.0;2.4;153.0;noise;0.89;"""";"""";"""";"""";""""
Car640380-2026-Pass2-Z1-PaRecPR1925492_20260422_225459_000;0.3;1.6;27.0;Nyclei;0.99;"""";"""";"""";"""";""""
Car640380-2026-Pass2-Z1-PaRecPR1925492_20260422_225510_000;0.0;5.0;153.0;noise;0.94;"""";"""";"""";"""";""""
Car640380-2026-Pass2-Z1-PaRecPR1925492_20260422_225510_000;0.0;5.0;55.0;Pippip;0.98;"""";"""";"""";"""";""""
Car640380-2026-Pass2-Z1-PaRecPR1925492_20260422_225515_000;0.0;0.1;115.0;noise;0.97;"""";"""";"""";"""";""""
Car640380-2026-Pass2-Z1-PaRecPR1925492_20260422_225517_000;0.2;2.0;153.0;noise;0.92;"""";"""";"""";"""";""""
Car640380-2026-Pass2-Z1-PaRecPR1925492_20260422_225517_000;0.0;1.9;57.0;Pippyg;0.24;"""";"""";"""";"""";""""
Car640380-2026-Pass2-Z1-PaRecPR1925492_20260422_225533_000;0.4;2.7;153.0;noise;0.93;"""";"""";"""";"""";""""
Car640380-2026-Pass2-Z1-PaRecPR1925492_20260422_225533_000;0.0;2.2;51.0;Pippip;0.99;"""";"""";"""";"""";""""
Car640380-2026-Pass2-Z1-PaRecPR1925492_20260422_225536_000;0.4;4.9;153.0;noise;0.89;"""";"""";"""";"""";""""
Car640380-2026-Pass2-Z1-PaRecPR1925492_20260422_225536_000;2.6;4.1;27.0;Nyclei;0.99;"""";"""";"""";"""";""""
Car640380-2026-Pass2-Z1-PaRecPR1925492_20260422_225536_000;0.1;5.0;99.0;Pippip;0.97;"""";"""";"""";"""";""""
Car640380-2026-Pass2-Z1-PaRecPR1925492_20260422_225541_000;0.0;5.0;153.0;noise;0.93;"""";"""";"""";"""";""""
Car640380-2026-Pass2-Z1-PaRecPR1925492_20260422_225541_000;1.2;4.9;24.0;Nyclei;0.99;"""";"""";"""";"""";""""
Car640380-2026-Pass2-Z1-PaRecPR1925492_20260422_225541_000;0.0;4.7;91.0;Pippip;0.97;"""";"""";"""";"""";""""
Car640380-2026-Pass2-Z1-PaRecPR1925492_20260422_225546_000;0.0;2.1;153.0;noise;0.89;"""";"""";"""";"""";""""
Car640380-2026-Pass2-Z1-PaRecPR1925492_20260422_225546_000;0.0;0.4;26.0;Nyclei;0.99;"""";"""";"""";"""";""""
Car640380-2026-Pass2-Z1-PaRecPR1925492_20260422_225623_000;0.2;2.0;153.0;noise;0.9;"""";"""";"""";"""";""""
Car640380-2026-Pass2-Z1-PaRecPR1925492_20260422_225623_000;0.3;2.1;50.0;Pippip;0.98;"""";"""";"""";"""";""""
Car640380-2026-Pass2-Z1-PaRecPR1925492_20260422_225625_000;0.4;3.6;153.0;noise;0.85;"""";"""";"""";"""";""""
Car640380-2026-Pass2-Z1-PaRecPR1925492_20260422_225625_000;0.6;2.8;51.0;Pippip;0.94;"""";"""";"""";"""";""""
Car640380-2026-Pass2-Z1-PaRecPR1925492_20260422_225625_000;0.3;3.6;14.0;Tadten;0.47;"""";"""";"""";"""";""""
Car640380-2026-Pass2-Z1-PaRecPR1925492_20260422_225629_000;0.2;5.0;153.0;noise;0.97;"""";"""";"""";"""";""""
Car640380-2026-Pass2-Z1-PaRecPR1925492_20260422_225629_000;0.0;5.0;98.0;Pippip;0.81;"""";"""";"""";"""";""""
Car640380-2026-Pass2-Z1-PaRecPR1925492_20260422_225629_000;0.4;3.8;14.0;Tetvir;0.02;Tadten, Pipkuh, Phogri, Phanan, Yposp, Yerray, Yerbey, Vesmur, Urosp, Tyllil, Thycor, Tetpyg, Tetarg, Testes, Sepsep, Rusnit, Roeroe, Rhihip, Rhifer, Rhieur, Rhasp, Ratnor, Plemac, Pleaus, Pleaur, Plasab, Plaint, Plafal, Plaalb, Plaaff, Pippyg, Pipnat, piaf, Phofem, Phafal, Nycnoc, Nyclei, Nyclas, Myonat, Myomys, MyoGT, Myoema, Myodau, Myogla, Myocap, Myobec, Myoalc, Mussp, Minsch, Mimasp, Micagr, Metbra, mamm, Leppun, Lepbos, Lepalb, Lamsp., Isopyr, Inssp8, Inssp7, Inssp5, Insp12, Insp11, Insp10, Hypsav, gril, Eupsp, Eptser, Eptnil, Epheph, Decalb, Cyrscu, Cympud, criq, Confus, Tetarg, Barfis, Barbar, Antsp, amph;"""";"""";"""";""""
Car640380-2026-Pass2-Z1-PaRecPR1925492_20260422_225634_000;0.0;5.0;153.0;noise;0.92;"""";"""";"""";"""";""""
Car640380-2026-Pass2-Z1-PaRecPR1925492_20260422_225634_000;0.0;4.8;98.0;Pippip;0.96;"""";"""";"""";"""";""""
Car640380-2026-Pass2-Z1-PaRecPR1925492_20260422_225634_000;0.6;3.6;13.0;Tadten;0.04;Phanan, Tetvir, Pipkuh, Phogri, Nyclei;"""";"""";"""";""""
Car640380-2026-Pass2-Z1-PaRecPR1925492_20260422_225639_000;0.0;2.8;153.0;noise;0.91;"""";"""";"""";"""";""""
Car640380-2026-Pass2-Z1-PaRecPR1925492_20260422_225639_000;0.7;1.0;14.0;Pipkuh;0.03;Nyclei, Tetvir, Tadten, Phogri;"""";"""";"""";""""
Car640380-2026-Pass2-Z1-PaRecPR1925492_20260422_225644_000;0.1;4.0;153.0;noise;0.87;"""";"""";"""";"""";""""
Car640380-2026-Pass2-Z1-PaRecPR1925492_20260422_225644_000;0.3;2.1;14.0;Phanan;0.06;"""";"""";"""";"""";""""
Car640380-2026-Pass2-Z1-PaRecPR1925492_20260422_225644_000;1.9;2.0;18.0;piaf;0.05;"""";"""";"""";"""";""""
Car640380-2026-Pass2-Z1-PaRecPR1925492_20260422_225648_000;0.1;5.0;153.0;noise;0.95;"""";"""";"""";"""";""""
Car640380-2026-Pass2-Z1-PaRecPR1925492_20260422_225648_000;0.3;4.8;15.0;Phogri;0.03;Phanan, Tetvir, Tadten, Pippip, Pipkuh, Nyclei;"""";"""";"""";""""
Car640380-2026-Pass2-Z1-PaRecPR1925492_20260422_225653_000;0.0;3.2;153.0;noise;0.87;"""";"""";"""";"""";""""
Car640380-2026-Pass2-Z1-PaRecPR1925492_20260422_225653_000;0.2;1.4;14.0;Phanan;0.07;"""";"""";"""";"""";""""
Car640380-2026-Pass2-Z1-PaRecPR1925492_20260422_225653_000;1.2;1.4;13.0;Tetvir;0.02;Tadten, Pippip, Pipkuh, piaf, Phogri, Yposp, Yerray, Yerbey, Vesmur, Urosp, Tyllil, Thycor, Tetpyg, Tetarg, Testes, Sepsep, Rusnit, Roeroe, Rhihip, Rhifer, Rhieur, Rhasp, Ratnor, Plemac, Pleaus, Pleaur, Plasab, Plaint, Plafal, Plaalb, Plaaff, Pippyg, Pipnat, Phofem, Phafal, Nycnoc, Nyclei, Nyclas, Myonat, Myomys, MyoGT, Myoema, Myodau, Myogla, Myocap, Myobec, Myoalc, Mussp, Minsch, Mimasp, Micagr, Metbra, mamm, Leppun, Lepbos, Lepalb, Lamsp., Isopyr, Inssp8, Inssp7, Inssp5, Insp12, Insp11, Insp10, Hypsav, gril, Eupsp, Eptser, Eptnil, Epheph, Decalb, Cyrscu, Cympud, criq, Confus, Tetarg, Barfis, Barbar, Antsp, amph;"""";"""";"""";""""
Car640380-2026-Pass2-Z1-PaRecPR1925492_20260422_225657_000;0.3;2.4;154.0;noise;0.91;"""";"""";"""";"""";""""
Car640380-2026-Pass2-Z1-PaRecPR1925492_20260422_225659_000;0.0;2.0;153.0;noise;0.93;"""";"""";"""";"""";""""
Car640380-2026-Pass2-Z1-PaRecPR1925492_20260422_225659_000;0.1;0.2;10.0;piaf;0.06;"""";"""";"""";"""";""""
Car640380-2026-Pass2-Z1-PaRecPR1925492_20260422_225703_000;0.3;2.4;153.0;noise;0.91;"""";"""";"""";"""";""""
Car640380-2026-Pass2-Z1-PaRecPR1925492_20260422_225706_000;0.2;2.1;153.0;noise;0.94;"""";"""";"""";"""";""""
Car640380-2026-Pass2-Z1-PaRecPR1925492_20260422_225706_000;0.3;0.5;10.0;Tetvir;0.02;Tadten, Pipkuh, Nyclei, Yposp, Yerray, Yerbey, Vesmur, Urosp, Tyllil, Thycor, Tetpyg, Tetarg, Testes, Sepsep, Rusnit, Roeroe, Rhihip, Rhifer, Rhieur, Rhasp, Ratnor, Plemac, Pleaus, Pleaur, Plasab, Plaint, Plafal, Plaalb, Plaaff, Pippyg, Pippip, Pipnat, piaf, Phogri, Phofem, Phanan, Phafal, Nycnoc, Nyclas, Myonat, Myomys, MyoGT, Myoema, Myodau, Myogla, Myocap, Myobec, Myoalc, Mussp, Minsch, Mimasp, Micagr, Metbra, mamm, Leppun, Lepbos, Lepalb, Lamsp., Isopyr, Inssp8, Inssp7, Inssp5, Insp12, Insp11, Insp10, Hypsav, gril, Eupsp, Eptser, Eptnil, Epheph, Decalb, Cyrscu, Cympud, criq, Confus, Tetarg, Barfis, Barbar, Antsp, amph;"""";"""";"""";""""
Car640380-2026-Pass2-Z1-PaRecPR1925492_20260422_225708_000;0.0;2.4;153.0;noise;0.9;"""";"""";"""";"""";""""
Car640380-2026-Pass2-Z1-PaRecPR1925492_20260422_225708_000;0.3;0.5;14.0;Tadten;0.04;Phogri, Nyclei, Tetvir, Pipkuh;"""";"""";"""";""""
Car640380-2026-Pass2-Z1-PaRecPR1925492_20260422_225710_000;0.0;5.0;153.0;noise;0.91;"""";"""";"""";"""";""""
Car640380-2026-Pass2-Z1-PaRecPR1925492_20260422_225710_000;0.2;4.9;96.0;Pippip;0.96;"""";"""";"""";"""";""""
Car640380-2026-Pass2-Z1-PaRecPR1925492_20260422_225710_000;0.1;4.0;14.0;Tadten;0.08;"""";"""";"""";"""";""""
Car640380-2026-Pass2-Z1-PaRecPR1925492_20260422_225715_000;0.1;5.0;153.0;noise;0.88;"""";"""";"""";"""";""""
Car640380-2026-Pass2-Z1-PaRecPR1925492_20260422_225715_000;0.1;4.6;53.0;Pippip;0.98;"""";"""";"""";"""";""""
Car640380-2026-Pass2-Z1-PaRecPR1925492_20260422_225715_000;1.5;3.9;14.0;Tadten;0.36;"""";"""";"""";"""";""""
Car640380-2026-Pass2-Z1-PaRecPR1925492_20260422_225720_000;0.0;3.4;153.0;noise;0.93;"""";"""";"""";"""";""""
Car640380-2026-Pass2-Z1-PaRecPR1925492_20260422_225720_000;1.3;1.5;14.0;Tadten;0.03;Tetvir, Pipkuh, piaf, Phogri;"""";"""";"""";""""
Car640380-2026-Pass2-Z1-PaRecPR1925492_20260422_225724_000;0.0;2.0;153.0;noise;0.91;"""";"""";"""";"""";""""
Car640380-2026-Pass2-Z1-PaRecPR1925492_20260422_225728_000;0.3;5.0;153.0;noise;0.8;"""";"""";"""";"""";""""
Car640380-2026-Pass2-Z1-PaRecPR1925492_20260422_225728_000;0.4;5.0;15.0;Phanan;0.17;"""";"""";"""";"""";""""
Car640380-2026-Pass2-Z1-PaRecPR1925492_20260422_225728_000;0.4;4.9;14.0;Tadten;0.25;"""";"""";"""";"""";""""
Car640380-2026-Pass2-Z1-PaRecPR1925492_20260422_225733_000;0.0;4.9;153.0;noise;0.93;"""";"""";"""";"""";""""
Car640380-2026-Pass2-Z1-PaRecPR1925492_20260422_225733_000;0.6;3.2;14.0;Tadten;0.17;"""";"""";"""";"""";""""
Car640380-2026-Pass2-Z1-PaRecPR1925492_20260422_225738_000;0.0;0.1;150.0;noise;0.97;"""";"""";"""";"""";""""
Car640380-2026-Pass2-Z1-PaRecPR1925492_20260422_225740_000;0.3;5.0;153.0;noise;0.81;"""";"""";"""";"""";""""
Car640380-2026-Pass2-Z1-PaRecPR1925492_20260422_225740_000;0.4;4.3;14.0;Tetvir;0.02;Phogri, Yposp, Yerray, Yerbey, Vesmur, Urosp, Tyllil, Thycor, Tetpyg, Tetarg, Testes, Tadten, Sepsep, Rusnit, Roeroe, Rhihip, Rhifer, Rhieur, Rhasp, Ratnor, Plemac, Pleaus, Pleaur, Plasab, Plaint, Plafal, Plaalb, Plaaff, Pippyg, Pippip, Pipnat, Pipkuh, piaf, Phofem, Phanan, Phafal, Nycnoc, Nyclei, Nyclas, Myonat, Myomys, MyoGT, Myoema, Myodau, Myogla, Myocap, Myobec, Myoalc, Mussp, Minsch, Mimasp, Micagr, Metbra, mamm, Leppun, Lepbos, Lepalb, Lamsp., Isopyr, Inssp8, Inssp7, Inssp5, Insp12, Insp11, Insp10, Hypsav, gril, Eupsp, Eptser, Eptnil, Epheph, Decalb, Cyrscu, Cympud, criq, Confus, Tetarg, Barfis, Barbar, Antsp, amph;"""";"""";"""";""""
Car640380-2026-Pass2-Z1-PaRecPR1925492_20260422_225745_000;0.1;3.9;154.0;noise;0.9;"""";"""";"""";"""";""""
Car640380-2026-Pass2-Z1-PaRecPR1925492_20260422_225745_000;0.6;2.1;15.0;Tadten;0.36;"""";"""";"""";"""";""""
Car640380-2026-Pass2-Z1-PaRecPR1925492_20260422_225749_000;0.2;2.4;153.0;noise;0.89;"""";"""";"""";"""";""""
Car640380-2026-Pass2-Z1-PaRecPR1925492_20260422_225752_000;0.4;5.0;154.0;noise;0.97;"""";"""";"""";"""";""""
Car640380-2026-Pass2-Z1-PaRecPR1925492_20260422_225752_000;0.3;4.8;14.0;Nyclei;0.05;Tadten, Phogri;"""";"""";"""";""""
Car640380-2026-Pass2-Z1-PaRecPR1925492_20260422_225757_000;0.0;3.1;153.0;noise;0.92;"""";"""";"""";"""";""""
Car640380-2026-Pass2-Z1-PaRecPR1925492_20260422_225757_000;1.0;1.2;13.0;Tadten;0.03;Tetvir, Pipkuh, Nyclei;"""";"""";"""";""""
Car640380-2026-Pass2-Z1-PaRecPR1925492_20260422_225806_000;0.4;5.0;153.0;noise;0.9;"""";"""";"""";"""";""""
Car640380-2026-Pass2-Z1-PaRecPR1925492_20260422_225806_000;0.4;3.2;14.0;Phanan;0.04;Tetvir, Phogri;"""";"""";"""";""""
Car640380-2026-Pass2-Z1-PaRecPR1925492_20260422_225806_000;0.3;4.9;49.0;Pippip;0.85;"""";"""";"""";"""";""""
Car640380-2026-Pass2-Z1-PaRecPR1925492_20260422_225811_000;0.0;5.0;153.0;noise;0.97;"""";"""";"""";"""";""""
Car640380-2026-Pass2-Z1-PaRecPR1925492_20260422_225811_000;0.1;3.4;15.0;Tetvir;0.03;Phanan, Phogri;"""";"""";"""";""""
Car640380-2026-Pass2-Z1-PaRecPR1925492_20260422_225811_000;0.6;1.7;46.0;Pippip;0.95;"""";"""";"""";"""";""""
Car640380-2026-Pass2-Z1-PaRecPR1925492_20260422_225811_000;0.1;3.3;14.0;Phogri;0.04;Tetvir, Pipkuh, Nyclei;"""";"""";"""";""""
Car640380-2026-Pass2-Z1-PaRecPR1925492_20260422_225816_000;0.0;0.2;153.0;noise;0.98;"""";"""";"""";"""";""""
Car640380-2026-Pass2-Z1-PaRecPR1925492_20260422_225816_000;0.1;0.2;47.0;Pippip;0.77;"""";"""";"""";"""";""""
Car640380-2026-Pass2-Z1-PaRecPR1925492_20260422_225819_000;0.2;5.0;153.0;noise;0.96;"""";"""";"""";"""";""""
Car640380-2026-Pass2-Z1-PaRecPR1925492_20260422_225819_000;1.0;3.6;14.0;Phanan;0.04;Tetvir, Pippip, Phogri;"""";"""";"""";""""
Car640380-2026-Pass2-Z1-PaRecPR1925492_20260422_225819_000;2.2;3.5;12.0;Tadten;0.04;Tetvir, Pipkuh, piaf, Nyclei;"""";"""";"""";""""
Car640380-2026-Pass2-Z1-PaRecPR1925492_20260422_225824_000;0.0;0.5;154.0;noise;0.95;"""";"""";"""";"""";""""
Car640380-2026-Pass2-Z1-PaRecPR1925492_20260422_225825_000;0.4;5.0;153.0;noise;0.9;"""";"""";"""";"""";""""
Car640380-2026-Pass2-Z1-PaRecPR1925492_20260422_225825_000;0.3;3.4;14.0;Tadten;0.3;"""";"""";"""";"""";""""
Car640380-2026-Pass2-Z1-PaRecPR1925492_20260422_225830_000;0.1;2.0;154.0;noise;0.97;"""";"""";"""";"""";""""
Car640380-2026-Pass2-Z1-PaRecPR1925492_20260422_225830_000;0.0;0.1;14.0;Phanan;0.03;Tetvir, Pippip, Phogri;"""";"""";"""";""""
Car640380-2026-Pass2-Z1-PaRecPR1925492_20260422_225833_000;0.3;2.1;154.0;noise;0.87;"""";"""";"""";"""";""""
Car640380-2026-Pass2-Z1-PaRecPR1925492_20260422_225833_000;0.3;0.5;13.0;Tetvir;0.02;Pippip, Pipkuh, piaf, Mimasp, Yposp, Yerray, Yerbey, Vesmur, Urosp, Tyllil, Thycor, Tetpyg, Tetarg, Testes, Tadten, Sepsep, Rusnit, Roeroe, Rhihip, Rhifer, Rhieur, Rhasp, Ratnor, Plemac, Pleaus, Pleaur, Plasab, Plaint, Plafal, Plaalb, Plaaff, Pippyg, Pipnat, Phogri, Phofem, Phanan, Phafal, Nycnoc, Nyclei, Nyclas, Myonat, Myomys, MyoGT, Myoema, Myodau, Myogla, Myocap, Myobec, Myoalc, Mussp, Minsch, Micagr, Metbra, mamm, Leppun, Lepbos, Lepalb, Lamsp., Isopyr, Inssp8, Inssp7, Inssp5, Insp12, Insp11, Insp10, Hypsav, gril, Eupsp, Eptser, Eptnil, Epheph, Decalb, Cyrscu, Cympud, criq, Confus, Tetarg, Barfis, Barbar, Antsp, amph;"""";"""";"""";""""
Car640380-2026-Pass2-Z1-PaRecPR1925492_20260422_225834_000;0.0;3.2;154.0;noise;0.93;"""";"""";"""";"""";""""
Car640380-2026-Pass2-Z1-PaRecPR1925492_20260422_225834_000;0.0;1.4;14.0;Phanan;0.04;Tetvir, Pippip, Phogri;"""";"""";"""";""""
Car640380-2026-Pass2-Z1-PaRecPR1925492_20260422_225842_000;0.0;2.4;154.0;noise;0.96;"""";"""";"""";"""";""""
Car640380-2026-Pass2-Z1-PaRecPR1925492_20260422_225849_000;0.2;5.0;153.0;noise;0.88;"""";"""";"""";"""";""""
Car640380-2026-Pass2-Z1-PaRecPR1925492_20260422_225849_000;0.3;4.5;14.0;Tadten;0.22;"""";"""";"""";"""";""""
Car640380-2026-Pass2-Z1-PaRecPR1925492_20260422_225854_000;0.0;5.0;153.0;noise;0.86;"""";"""";"""";"""";""""
Car640380-2026-Pass2-Z1-PaRecPR1925492_20260422_225854_000;1.5;4.5;14.0;Tadten;0.36;"""";"""";"""";"""";""""
Car640380-2026-Pass2-Z1-PaRecPR1925492_20260422_225859_000;0.1;4.2;102.0;noise;0.76;"""";"""";"""";"""";""""
Car640380-2026-Pass2-Z1-PaRecPR1925492_20260422_225859_000;0.6;5.0;14.0;Phanan;0.04;Tetvir, Phogri;"""";"""";"""";""""
Car640380-2026-Pass2-Z1-PaRecPR1925492_20260422_225859_000;0.0;5.0;153.0;Rusnit;0.04;Tetvir, Pippip, Phogri;"""";"""";"""";""""
Car640380-2026-Pass2-Z1-PaRecPR1925492_20260422_225859_000;0.5;3.5;14.0;Tadten;0.07;"""";"""";"""";"""";""""
Car640380-2026-Pass2-Z1-PaRecPR1925492_20260422_225904_000;0.0;5.0;154.0;noise;0.86;"""";"""";"""";"""";""""
Car640380-2026-Pass2-Z1-PaRecPR1925492_20260422_225904_000;0.3;4.6;11.0;Tetvir;0.02;Tadten, Pippip, Phanan, Yposp, Yerray, Yerbey, Vesmur, Urosp, Tyllil, Thycor, Tetpyg, Tetarg, Testes, Sepsep, Rusnit, Roeroe, Rhihip, Rhifer, Rhieur, Rhasp, Ratnor, Plemac, Pleaus, Pleaur, Plasab, Plaint, Plafal, Plaalb, Plaaff, Pippyg, Pipnat, Pipkuh, piaf, Phogri, Phofem, Phafal, Nycnoc, Nyclei, Nyclas, Myonat, Myomys, MyoGT, Myoema, Myodau, Myogla, Myocap, Myobec, Myoalc, Mussp, Minsch, Mimasp, Micagr, Metbra, mamm, Leppun, Lepbos, Lepalb, Lamsp., Isopyr, Inssp8, Inssp7, Inssp5, Insp12, Insp11, Insp10, Hypsav, gril, Eupsp, Eptser, Eptnil, Epheph, Decalb, Cyrscu, Cympud, criq, Confus, Tetarg, Barfis, Barbar, Antsp, amph;"""";"""";"""";""""
Car640380-2026-Pass2-Z1-PaRecPR1925492_20260422_225909_000;0.1;5.0;153.0;noise;0.95;"""";"""";"""";"""";""""
Car640380-2026-Pass2-Z1-PaRecPR1925492_20260422_225909_000;1.4;4.8;14.0;Phanan;0.04;Tetvir, Pippip, piaf, Phogri;"""";"""";"""";""""
Car640380-2026-Pass2-Z1-PaRecPR1925492_20260422_225909_000;1.3;2.6;13.0;Nyclei;0.06;Tadten;"""";"""";"""";""""
Car640380-2026-Pass2-Z1-PaRecPR1925492_20260422_225914_000;0.0;5.0;153.0;noise;0.91;"""";"""";"""";"""";""""
Car640380-2026-Pass2-Z1-PaRecPR1925492_20260422_225914_000;2.0;4.9;14.0;Phanan;0.1;"""";"""";"""";"""";""""
Car640380-2026-Pass2-Z1-PaRecPR1925492_20260422_225914_000;1.9;2.1;16.0;Tadten;0.03;Nyclei, Tetvir, Pipkuh;"""";"""";"""";""""
Car640380-2026-Pass2-Z1-PaRecPR1925492_20260422_225919_000;0.0;0.1;123.0;noise;0.98;"""";"""";"""";"""";""""
Car640380-2026-Pass2-Z1-PaRecPR1925492_20260422_225920_000;0.3;2.0;154.0;noise;0.97;"""";"""";"""";"""";""""
Car640380-2026-Pass2-Z1-PaRecPR1925492_20260422_225922_000;0.0;2.1;154.0;noise;0.88;"""";"""";"""";"""";""""
Car640380-2026-Pass2-Z1-PaRecPR1925492_20260422_225925_000;0.3;5.0;153.0;noise;0.86;"""";"""";"""";"""";""""
Car640380-2026-Pass2-Z1-PaRecPR1925492_20260422_225925_000;0.4;4.9;15.0;Phanan;0.04;Tetvir, Pippip, Phogri;"""";"""";"""";""""
Car640380-2026-Pass2-Z1-PaRecPR1925492_20260422_225925_000;1.5;4.9;10.0;Tadten;0.05;"""";"""";"""";"""";""""
Car640380-2026-Pass2-Z1-PaRecPR1925492_20260422_225930_000;0.0;5.0;153.0;noise;0.89;"""";"""";"""";"""";""""
Car640380-2026-Pass2-Z1-PaRecPR1925492_20260422_225930_000;0.8;2.5;14.0;piaf;0.03;Tetvir, Pippip;"""";"""";"""";""""
Car640380-2026-Pass2-Z1-PaRecPR1925492_20260422_225935_000;0.0;2.4;153.0;noise;0.97;"""";"""";"""";"""";""""
Car640380-2026-Pass2-Z1-PaRecPR1925492_20260422_225940_000;0.3;5.0;153.0;noise;0.82;"""";"""";"""";"""";""""
Car640380-2026-Pass2-Z1-PaRecPR1925492_20260422_225940_000;0.4;4.0;14.0;Phogri;0.03;Epheph, Tetvir, Pipkuh, piaf, Phanan;"""";"""";"""";""""
Car640380-2026-Pass2-Z1-PaRecPR1925492_20260422_225945_000;0.0;5.0;153.0;noise;0.88;"""";"""";"""";"""";""""
Car640380-2026-Pass2-Z1-PaRecPR1925492_20260422_225945_000;2.0;5.0;14.0;Tadten;0.03;Tetvir, Pippip, Pipkuh, Phogri, Phanan, Nyclei;"""";"""";"""";""""
Car640380-2026-Pass2-Z1-PaRecPR1925492_20260422_225950_000;0.0;5.0;153.0;noise;0.92;"""";"""";"""";"""";""""
Car640380-2026-Pass2-Z1-PaRecPR1925492_20260422_225950_000;0.9;4.9;14.0;Phanan;0.04;Tetvir, Pippip, Phogri;"""";"""";"""";""""
Car640380-2026-Pass2-Z1-PaRecPR1925492_20260422_225950_000;0.8;3.8;11.0;piaf;0.05;"""";"""";"""";"""";""""
Car640380-2026-Pass2-Z1-PaRecPR1925492_20260422_225955_000;0.0;0.7;153.0;noise;0.98;"""";"""";"""";"""";""""
Car640380-2026-Pass2-Z1-PaRecPR1925492_20260422_230007_000;0.3;2.1;153.0;noise;0.94;"""";"""";"""";"""";""""
Car640380-2026-Pass2-Z1-PaRecPR1925492_20260422_230007_000;0.4;0.5;14.0;Phanan;0.04;Tetvir, Pippip, Phogri;"""";"""";"""";""""
Car640380-2026-Pass2-Z1-PaRecPR1925492_20260422_230020_000;0.0;5.0;153.0;noise;0.84;"""";"""";"""";"""";""""
Car640380-2026-Pass2-Z1-PaRecPR1925492_20260422_230020_000;0.3;4.3;14.0;Tadten;0.03;Phogri, Tetvir, Pippip, Pipkuh, piaf, Phanan, Nyclei;"""";"""";"""";""""
Car640380-2026-Pass2-Z1-PaRecPR1925492_20260422_230025_000;0.0;2.5;153.0;noise;0.93;"""";"""";"""";"""";""""
Car640380-2026-Pass2-Z1-PaRecPR1925492_20260422_230025_000;0.4;0.6;12.0;Tadten;0.04;Tetvir, Pipkuh, piaf, Nyclei;"""";"""";"""";""""
Car640380-2026-Pass2-Z1-PaRecPR1925492_20260422_230030_000;0.3;2.4;154.0;noise;0.93;"""";"""";"""";"""";""""
Car640380-2026-Pass2-Z1-PaRecPR1925492_20260422_230040_000;2.9;3.1;10.0;noise;0.06;"""";"""";"""";"""";""""
Car640380-2026-Pass2-Z1-PaRecPR1925492_20260422_230040_000;0.3;4.7;13.0;Phanan;0.03;Tetvir, Pippip, Phogri;"""";"""";"""";""""
Car640380-2026-Pass2-Z1-PaRecPR1925492_20260422_230040_000;0.4;5.0;153.0;Rhihip;0.42;noise;"""";"""";"""";""""
Car640380-2026-Pass2-Z1-PaRecPR1925492_20260422_230045_000;0.0;1.6;153.0;noise;0.97;"""";"""";"""";"""";""""
Car640380-2026-Pass2-Z1-PaRecPR1925492_20260422_230050_000;0.2;2.4;153.0;noise;0.95;"""";"""";"""";"""";""""
Car640380-2026-Pass2-Z1-PaRecPR1925492_20260422_230055_000;0.4;2.0;154.0;noise;0.96;"""";"""";"""";"""";""""
Car640380-2026-Pass2-Z1-PaRecPR1925492_20260422_230055_000;0.3;1.7;14.0;Tadten;0.03;Tetvir, Pipkuh;"""";"""";"""";""""
Car640380-2026-Pass2-Z1-PaRecPR1925492_20260422_230057_000;0.0;5.0;153.0;noise;0.92;"""";"""";"""";"""";""""
Car640380-2026-Pass2-Z1-PaRecPR1925492_20260422_230057_000;0.3;3.0;10.0;piaf;0.04;Tetvir, Tadten, Pippip;"""";"""";"""";""""
Car640380-2026-Pass2-Z1-PaRecPR1925492_20260422_230102_000;0.0;1.3;154.0;noise;0.99;"""";"""";"""";"""";""""
Car640380-2026-Pass2-Z1-PaRecPR1925492_20260422_230110_000;0.1;2.0;153.0;noise;0.95;"""";"""";"""";"""";""""
Car640380-2026-Pass2-Z1-PaRecPR1925492_20260422_230111_000;0.0;3.6;153.0;noise;0.95;"""";"""";"""";"""";""""
Car640380-2026-Pass2-Z1-PaRecPR1925492_20260422_230111_000;0.0;1.7;14.0;piaf;0.13;"""";"""";"""";"""";""""
Car640380-2026-Pass2-Z1-PaRecPR1925492_20260422_230118_000;0.0;3.7;153.0;noise;0.85;"""";"""";"""";"""";""""
Car640380-2026-Pass2-Z1-PaRecPR1925492_20260422_230123_000;0.3;2.4;154.0;noise;0.97;"""";"""";"""";"""";""""
Car640380-2026-Pass2-Z1-PaRecPR1925492_20260422_230126_000;0.4;4.9;154.0;noise;0.97;"""";"""";"""";"""";""""
Car640380-2026-Pass2-Z1-PaRecPR1925492_20260422_230126_000;0.3;1.7;14.0;Tadten;0.26;"""";"""";"""";"""";""""
Car640380-2026-Pass2-Z1-PaRecPR1925492_20260422_230131_000;0.0;0.3;115.0;noise;0.97;"""";"""";"""";"""";""""
Car640380-2026-Pass2-Z1-PaRecPR1925492_20260422_230133_000;0.3;3.4;153.0;noise;0.95;"""";"""";"""";"""";""""
Car640380-2026-Pass2-Z1-PaRecPR1925492_20260422_230137_000;0.4;3.9;153.0;noise;0.89;"""";"""";"""";"""";""""
Car640380-2026-Pass2-Z1-PaRecPR1925492_20260422_230137_000;0.3;2.0;11.0;Tetvir;0.02;Tadten, Pippip, Pipkuh, piaf, Yposp, Yerray, Yerbey, Vesmur, Urosp, Tyllil, Thycor, Tetpyg, Tetarg, Testes, Sepsep, Rusnit, Roeroe, Rhihip, Rhifer, Rhieur, Rhasp, Ratnor, Plemac, Pleaus, Pleaur, Plasab, Plaint, Plafal, Plaalb, Plaaff, Pippyg, Pipnat, Phogri, Phofem, Phanan, Phafal, Nycnoc, Nyclei, Nyclas, Myonat, Myomys, MyoGT, Myoema, Myodau, Myogla, Myocap, Myobec, Myoalc, Mussp, Minsch, Mimasp, Micagr, Metbra, mamm, Leppun, Lepbos, Lepalb, Lamsp., Isopyr, Inssp8, Inssp7, Inssp5, Insp12, Insp11, Insp10, Hypsav, gril, Eupsp, Eptser, Eptnil, Epheph, Decalb, Cyrscu, Cympud, criq, Confus, Tetarg, Barfis, Barbar, Antsp, amph;"""";"""";"""";""""
Car640380-2026-Pass2-Z1-PaRecPR1925492_20260422_230141_000;0.0;2.0;153.0;noise;0.98;"""";"""";"""";"""";""""
Car640380-2026-Pass2-Z1-PaRecPR1925492_20260422_230147_000;0.4;5.0;153.0;noise;0.97;"""";"""";"""";"""";""""
Car640380-2026-Pass2-Z1-PaRecPR1925492_20260422_230147_000;0.4;3.9;15.0;Phanan;0.04;Tetvir, Pippip, Phogri;"""";"""";"""";""""
Car640380-2026-Pass2-Z1-PaRecPR1925492_20260422_230147_000;0.3;3.9;11.0;Tetvir;0.02;Tadten, Pippip, Pipkuh, Yposp, Yerray, Yerbey, Vesmur, Urosp, Tyllil, Thycor, Tetpyg, Tetarg, Testes, Sepsep, Rusnit, Roeroe, Rhihip, Rhifer, Rhieur, Rhasp, Ratnor, Plemac, Pleaus, Pleaur, Plasab, Plaint, Plafal, Plaalb, Plaaff, Pippyg, Pipnat, piaf, Phogri, Phofem, Phafal, Nycnoc, Nyclei, Nyclas, Myonat, Myomys, MyoGT, Myoema, Myodau, Myogla, Myocap, Myobec, Myoalc, Mussp, Minsch, Mimasp, Micagr, Metbra, mamm, Leppun, Lepbos, Lepalb, Lamsp., Isopyr, Inssp8, Inssp7, Inssp5, Insp12, Insp11, Insp10, Hypsav, gril, Eupsp, Eptser, Eptnil, Epheph, Decalb, Cyrscu, Cympud, criq, Confus, Tetarg, Barfis, Barbar, Antsp, amph;"""";"""";"""";""""
Car640380-2026-Pass2-Z1-PaRecPR1925492_20260422_230152_000;0.0;0.8;153.0;noise;0.98;"""";"""";"""";"""";""""
Car640380-2026-Pass2-Z1-PaRecPR1925492_20260422_230157_000;0.0;2.0;154.0;noise;0.94;"""";"""";"""";"""";""""
Car640380-2026-Pass2-Z1-PaRecPR1925492_20260422_230201_000;0.0;5.0;153.0;noise;0.83;"""";"""";"""";"""";""""
Car640380-2026-Pass2-Z1-PaRecPR1925492_20260422_230201_000;0.4;2.7;14.0;Tadten;0.07;"""";"""";"""";"""";""""
Car640380-2026-Pass2-Z1-PaRecPR1925492_20260422_230206_000;0.0;1.0;153.0;noise;0.94;"""";"""";"""";"""";""""
Car640380-2026-Pass2-Z1-PaRecPR1925492_20260422_230207_000;0.3;3.1;15.0;Tetvir;0.02;Phogri, Yposp, Yerray, Yerbey, Vesmur, Urosp, Tyllil, Thycor, Tetpyg, Tetarg, Testes, Tadten, Sepsep, Rusnit, Roeroe, Rhihip, Rhifer, Rhieur, Rhasp, Ratnor, Plemac, Pleaus, Pleaur, Plasab, Plaint, Plafal, Plaalb, Plaaff, Pippyg, Pipnat, Pipkuh, piaf, Phofem, Phanan, Phafal, Nycnoc, Nyclei, Nyclas, Myonat, Myomys, MyoGT, Myoema, Myodau, Myogla, Myocap, Myobec, Myoalc, Mussp, Minsch, Mimasp, Micagr, Metbra, mamm, Leppun, Lepbos, Lepalb, Lamsp., Isopyr, Inssp8, Inssp7, Inssp5, Insp12, Insp11, Insp10, Hypsav, gril, Eupsp, Eptser, Eptnil, Epheph, Decalb, Cyrscu, Cympud, criq, Confus, Tetarg, Barfis, Barbar, Antsp, amph;"""";"""";"""";""""
Car640380-2026-Pass2-Z1-PaRecPR1925492_20260422_230207_000;0.2;2.2;14.0;piaf;0.12;"""";"""";"""";"""";""""
Car640380-2026-Pass2-Z1-PaRecPR1925492_20260422_230207_000;0.4;0.7;52.0;Pippip;0.83;"""";"""";"""";"""";""""
Car640380-2026-Pass2-Z1-PaRecPR1925492_20260422_230207_000;0.0;4.1;154.0;noise;0.57;"""";"""";"""";"""";""""
Car640380-2026-Pass2-Z1-PaRecPR1925492_20260422_230216_000;0.0;2.0;153.0;noise;0.97;"""";"""";"""";"""";""""
Car640380-2026-Pass2-Z1-PaRecPR1925492_20260422_230216_000;0.3;0.5;16.0;Tetvir;0.02;Phogri, Phanan, Yposp, Yerray, Yerbey, Vesmur, Urosp, Tyllil, Thycor, Tetpyg, Tetarg, Testes, Tadten, Sepsep, Rusnit, Roeroe, Rhihip, Rhifer, Rhieur, Rhasp, Ratnor, Plemac, Pleaus, Pleaur, Plasab, Plaint, Plafal, Plaalb, Plaaff, Pippyg, Pipnat, Pipkuh, piaf, Phofem, Phafal, Nycnoc, Nyclei, Nyclas, Myonat, Myomys, MyoGT, Myoema, Myodau, Myogla, Myocap, Myobec, Myoalc, Mussp, Minsch, Mimasp, Micagr, Metbra, mamm, Leppun, Lepbos, Lepalb, Lamsp., Isopyr, Inssp8, Inssp7, Inssp5, Insp12, Insp11, Insp10, Hypsav, gril, Eupsp, Eptser, Eptnil, Epheph, Decalb, Cyrscu, Cympud, criq, Confus, Tetarg, Barfis, Barbar, Antsp, amph;"""";"""";"""";""""
Car640380-2026-Pass2-Z1-PaRecPR1925492_20260422_230216_000;1.4;1.5;47.0;Pippip;0.8;"""";"""";"""";"""";""""
Car640380-2026-Pass2-Z1-PaRecPR1925492_20260422_230219_000;0.3;4.9;14.0;Phanan;0.07;"""";"""";"""";"""";""""
Car640380-2026-Pass2-Z1-PaRecPR1925492_20260422_230219_000;0.0;4.9;47.0;Pippip;0.98;"""";"""";"""";"""";""""
Car640380-2026-Pass2-Z1-PaRecPR1925492_20260422_230219_000;0.4;5.0;154.0;noise;0.29;"""";"""";"""";"""";""""
Car640380-2026-Pass2-Z1-PaRecPR1925492_20260422_230219_000;4.3;4.9;11.0;Phogri;0.03;Tetvir, Tadten;"""";"""";"""";""""
Car640380-2026-Pass2-Z1-PaRecPR1925492_20260422_230224_000;0.0;1.8;153.0;noise;0.98;"""";"""";"""";"""";""""
Car640380-2026-Pass2-Z1-PaRecPR1925492_20260422_230226_000;0.4;2.0;153.0;noise;0.96;"""";"""";"""";"""";""""
Car640380-2026-Pass2-Z1-PaRecPR1925492_20260422_230226_000;0.4;0.5;15.0;Phogri;0.03;Phanan, Tetvir;"""";"""";"""";""""
Car640380-2026-Pass2-Z1-PaRecPR1925492_20260422_230226_000;0.1;1.4;51.0;Pippip;0.99;"""";"""";"""";"""";""""
Car640380-2026-Pass2-Z1-PaRecPR1925492_20260422_230231_000;0.4;5.0;153.0;noise;0.89;"""";"""";"""";"""";""""
Car640380-2026-Pass2-Z1-PaRecPR1925492_20260422_230231_000;0.3;4.1;14.0;Tadten;0.04;Phanan, Tetvir, Pippip, Pipkuh, Phogri, Nyclei;"""";"""";"""";""""
Car640380-2026-Pass2-Z1-PaRecPR1925492_20260422_230236_000;0.0;2.6;153.0;noise;0.96;"""";"""";"""";"""";""""
Car640380-2026-Pass2-Z1-PaRecPR1925492_20260422_230236_000;0.5;0.7;15.0;Tadten;0.03;Tetvir, Pipkuh, piaf;"""";"""";"""";""""
Car640380-2026-Pass2-Z1-PaRecPR1925492_20260422_230243_000;0.4;5.0;153.0;noise;0.9;"""";"""";"""";"""";""""
Car640380-2026-Pass2-Z1-PaRecPR1925492_20260422_230243_000;0.3;4.1;14.0;Tetvir;0.02;Pippip, Phogri, Yposp, Yerray, Yerbey, Vesmur, Urosp, Tyllil, Thycor, Tetpyg, Tetarg, Testes, Tadten, Sepsep, Rusnit, Roeroe, Rhihip, Rhifer, Rhieur, Rhasp, Ratnor, Plemac, Pleaus, Pleaur, Plasab, Plaint, Plafal, Plaalb, Plaaff, Pippyg, Pipnat, Pipkuh, piaf, Phofem, Phanan, Phafal, Nycnoc, Nyclei, Nyclas, Myonat, Myomys, MyoGT, Myoema, Myodau, Myogla, Myocap, Myobec, Myoalc, Mussp, Minsch, Mimasp, Micagr, Metbra, mamm, Leppun, Lepbos, Lepalb, Lamsp., Isopyr, Inssp8, Inssp7, Inssp5, Insp12, Insp11, Insp10, Hypsav, gril, Eupsp, Eptser, Eptnil, Epheph, Decalb, Cyrscu, Cympud, criq, Confus, Tetarg, Barfis, Barbar, Antsp, amph;"""";"""";"""";""""
Car640380-2026-Pass2-Z1-PaRecPR1925492_20260422_230248_000;0.0;1.0;153.0;noise;0.95;"""";"""";"""";"""";""""
Car640380-2026-Pass2-Z1-PaRecPR1925492_20260422_230248_000;0.0;0.2;11.0;piaf;0.05;"""";"""";"""";"""";""""
Car640380-2026-Pass2-Z1-PaRecPR1925492_20260422_230252_000;0.0;4.0;153.0;noise;0.84;"""";"""";"""";"""";""""
Car640380-2026-Pass2-Z1-PaRecPR1925492_20260422_230252_000;0.2;2.2;14.0;Phanan;0.03;Tetvir, Pippip, Phogri, Epheph;"""";"""";"""";""""
Car640380-2026-Pass2-Z1-PaRecPR1925492_20260422_230256_000;0.1;5.0;153.0;noise;0.84;"""";"""";"""";"""";""""
Car640380-2026-Pass2-Z1-PaRecPR1925492_20260422_230256_000;1.9;3.4;15.0;Nyclei;0.11;"""";"""";"""";"""";""""
Car640380-2026-Pass2-Z1-PaRecPR1925492_20260422_230256_000;2.0;3.4;15.0;Phogri;0.05;Tetvir;"""";"""";"""";""""
Car640380-2026-Pass2-Z1-PaRecPR1925492_20260422_230301_000;0.0;0.3;154.0;noise;0.97;"""";"""";"""";"""";""""
Car640380-2026-Pass2-Z1-PaRecPR1925492_20260422_230305_000;0.3;5.0;153.0;noise;0.82;"""";"""";"""";"""";""""
Car640380-2026-Pass2-Z1-PaRecPR1925492_20260422_230305_000;1.8;3.5;11.0;Tadten;0.05;"""";"""";"""";"""";""""
Car640380-2026-Pass2-Z1-PaRecPR1925492_20260422_230310_000;0.1;3.4;153.0;noise;0.97;"""";"""";"""";"""";""""
Car640380-2026-Pass2-Z1-PaRecPR1925492_20260422_230310_000;0.0;1.6;11.0;Tadten;0.05;"""";"""";"""";"""";""""
Car640380-2026-Pass2-Z1-PaRecPR1925492_20260422_230314_000;0.0;4.3;154.0;noise;0.89;"""";"""";"""";"""";""""
Car640380-2026-Pass2-Z1-PaRecPR1925492_20260422_230314_000;0.4;2.4;15.0;Tetvir;0.02;Tadten, Pipkuh, Phogri, Yposp, Yerray, Yerbey, Vesmur, Urosp, Tyllil, Thycor, Tetpyg, Tetarg, Testes, Sepsep, Rusnit, Roeroe, Rhihip, Rhifer, Rhieur, Rhasp, Ratnor, Plemac, Pleaus, Pleaur, Plasab, Plaint, Plafal, Plaalb, Plaaff, Pippyg, Pippip, Pipnat, piaf, Phofem, Phanan, Phafal, Nycnoc, Nyclei, Nyclas, Myonat, Myomys, MyoGT, Myoema, Myodau, Myogla, Myocap, Myobec, Myoalc, Mussp, Minsch, Mimasp, Micagr, Metbra, mamm, Leppun, Lepbos, Lepalb, Lamsp., Isopyr, Inssp8, Inssp7, Inssp5, Insp12, Insp11, Insp10, Hypsav, gril, Eupsp, Eptser, Eptnil, Epheph, Decalb, Cyrscu, Cympud, criq, Confus, Tetarg, Barfis, Barbar, Antsp, amph;"""";"""";"""";""""
Car640380-2026-Pass2-Z1-PaRecPR1925492_20260422_230318_000;0.4;3.9;153.0;noise;0.86;"""";"""";"""";"""";""""
Car640380-2026-Pass2-Z1-PaRecPR1925492_20260422_230318_000;0.3;2.0;14.0;Tadten;0.04;Phogri, Tetvir, Pipkuh, Phanan, Nyclei;"""";"""";"""";""""
Car640380-2026-Pass2-Z1-PaRecPR1925492_20260422_230322_000;0.3;4.2;154.0;noise;0.95;"""";"""";"""";"""";""""
Car640380-2026-Pass2-Z1-PaRecPR1925492_20260422_230322_000;2.2;2.3;15.0;piaf;0.03;Tetvir, Phanan;"""";"""";"""";""""
Car640380-2026-Pass2-Z1-PaRecPR1925492_20260422_230331_000;0.1;5.0;153.0;noise;0.98;"""";"""";"""";"""";""""
Car640380-2026-Pass2-Z1-PaRecPR1925492_20260422_230331_000;0.3;4.9;12.0;Phogri;0.03;Tetvir, Tadten, Pippip, Pipkuh, Nyclei;"""";"""";"""";""""
Car640380-2026-Pass2-Z1-PaRecPR1925492_20260422_230336_000;0.0;3.4;153.0;noise;0.92;"""";"""";"""";"""";""""
Car640380-2026-Pass2-Z1-PaRecPR1925492_20260422_230336_000;1.3;1.5;14.0;Tadten;0.05;"""";"""";"""";"""";""""
Car640380-2026-Pass2-Z1-PaRecPR1925492_20260422_230339_000;0.0;5.0;153.0;noise;0.78;"""";"""";"""";"""";""""
Car640380-2026-Pass2-Z1-PaRecPR1925492_20260422_230339_000;2.1;2.6;29.0;Pippip;0.62;"""";"""";"""";"""";""""
Car640380-2026-Pass2-Z1-PaRecPR1925492_20260422_230339_000;1.4;4.0;14.0;Phanan;0.03;Tetvir, Tadten, Pipkuh, Phogri;"""";"""";"""";""""
Car640380-2026-Pass2-Z1-PaRecPR1925492_20260422_230344_000;0.0;2.3;154.0;noise;0.96;"""";"""";"""";"""";""""
Car640380-2026-Pass2-Z1-PaRecPR1925492_20260422_230344_000;0.3;0.4;10.0;Tetvir;0.02;Tadten, Pipkuh, piaf, Yposp, Yerray, Yerbey, Vesmur, Urosp, Tyllil, Thycor, Tetpyg, Tetarg, Testes, Sepsep, Rusnit, Roeroe, Rhihip, Rhifer, Rhieur, Rhasp, Ratnor, Plemac, Pleaus, Pleaur, Plasab, Plaint, Plafal, Plaalb, Plaaff, Pippyg, Pippip, Pipnat, Phogri, Phofem, Phanan, Phafal, Nycnoc, Nyclei, Nyclas, Myonat, Myomys, MyoGT, Myoema, Myodau, Myogla, Myocap, Myobec, Myoalc, Mussp, Minsch, Mimasp, Micagr, Metbra, mamm, Leppun, Lepbos, Lepalb, Lamsp., Isopyr, Inssp8, Inssp7, Inssp5, Insp12, Insp11, Insp10, Hypsav, gril, Eupsp, Eptser, Eptnil, Epheph, Decalb, Cyrscu, Cympud, criq, Confus, Tetarg, Barfis, Barbar, Antsp, amph;"""";"""";"""";""""
Car640380-2026-Pass2-Z1-PaRecPR1925492_20260422_230347_000;0.3;2.4;153.0;noise;0.88;"""";"""";"""";"""";""""
Car640380-2026-Pass2-Z1-PaRecPR1925492_20260422_230347_000;0.8;1.4;46.0;Pippip;0.84;"""";"""";"""";"""";""""
Car640380-2026-Pass2-Z1-PaRecPR1925492_20260422_230350_000;0.3;3.5;154.0;noise;0.91;"""";"""";"""";"""";""""
Car640380-2026-Pass2-Z1-PaRecPR1925492_20260422_230350_000;1.5;2.6;12.0;piaf;0.04;Tetvir, Tadten;"""";"""";"""";""""
Car640380-2026-Pass2-Z1-PaRecPR1925492_20260422_230350_000;0.0;1.7;48.0;Pippip;0.96;"""";"""";"""";"""";""""
Car640380-2026-Pass2-Z1-PaRecPR1925492_20260422_230354_000;0.0;4.0;153.0;noise;0.89;"""";"""";"""";"""";""""
Car640380-2026-Pass2-Z1-PaRecPR1925492_20260422_230354_000;2.0;2.1;14.0;Phanan;0.03;Tetvir, Pippip, Phogri;"""";"""";"""";""""
Car640380-2026-Pass2-Z1-PaRecPR1925492_20260422_230354_000;1.9;2.1;11.0;Tetvir;0.02;Tadten, Pipkuh, piaf, Yposp, Yerray, Yerbey, Vesmur, Urosp, Tyllil, Thycor, Tetpyg, Tetarg, Testes, Sepsep, Rusnit, Roeroe, Rhihip, Rhifer, Rhieur, Rhasp, Ratnor, Plemac, Pleaus, Pleaur, Plasab, Plaint, Plafal, Plaalb, Plaaff, Pippyg, Pippip, Pipnat, Phogri, Phofem, Phafal, Nycnoc, Nyclei, Nyclas, Myonat, Myomys, MyoGT, Myoema, Myodau, Myogla, Myocap, Myobec, Myoalc, Mussp, Minsch, Mimasp, Micagr, Metbra, mamm, Leppun, Lepbos, Lepalb, Lamsp., Isopyr, Inssp8, Inssp7, Inssp5, Insp12, Insp11, Insp10, Hypsav, gril, Eupsp, Eptser, Eptnil, Epheph, Decalb, Cyrscu, Cympud, criq, Confus, Tetarg, Barfis, Barbar, Antsp, amph;"""";"""";"""";""""
Car640380-2026-Pass2-Z1-PaRecPR1925492_20260422_230354_000;3.9;4.0;18.0;Urosp;0.02;Tetvir, Tetpyg, Yposp, Yerray, Yerbey, Vesmur, Tyllil, Thycor, Tetarg, Testes, Tadten, Sepsep, Rusnit, Roeroe, Rhihip, Rhifer, Rhieur, Rhasp, Ratnor, Plemac, Pleaus, Pleaur, Plasab, Plaint, Plafal, Plaalb, Plaaff, Pippyg, Pippip, Pipnat, Pipkuh, Phogri, Phofem, Phafal, Nycnoc, Nyclei, Nyclas, Myonat, Myomys, MyoGT, Myoema, Myodau, Myogla, Myocap, Myobec, Myoalc, Mussp, Minsch, Mimasp, Micagr, Metbra, mamm, Leppun, Lepbos, Lepalb, Lamsp., Isopyr, Inssp8, Inssp7, Inssp5, Insp12, Insp11, Insp10, Hypsav, gril, Eupsp, Eptser, Eptnil, Epheph, Decalb, Cyrscu, Cympud, criq, Confus, Tetarg, Barfis, Barbar, Antsp, amph;"""";"""";"""";""""
Car640380-2026-Pass2-Z1-PaRecPR1925492_20260422_230358_000;0.0;5.0;153.0;noise;0.91;"""";"""";"""";"""";""""
Car640380-2026-Pass2-Z1-PaRecPR1925492_20260422_230358_000;1.5;5.0;101.0;Pippip;0.86;"""";"""";"""";"""";""""
Car640380-2026-Pass2-Z1-PaRecPR1925492_20260422_230358_000;0.3;4.1;14.0;Tadten;0.03;Tetvir, Pipkuh, Phogri, Phanan, Nyclei;"""";"""";"""";""""
Car640380-2026-Pass2-Z1-PaRecPR1925492_20260422_230403_000;0.2;4.7;153.0;noise;0.94;"""";"""";"""";"""";""""
Car640380-2026-Pass2-Z1-PaRecPR1925492_20260422_230403_000;0.0;4.2;62.0;Pippip;0.97;"""";"""";"""";"""";""""
Car640380-2026-Pass2-Z1-PaRecPR1925492_20260422_230403_000;0.2;2.8;14.0;Phogri;0.04;Tetvir, Tadten, Pipkuh, Phanan;"""";"""";"""";""""
Car640380-2026-Pass2-Z1-PaRecPR1925492_20260422_230410_000;0.3;4.4;153.0;noise;0.94;"""";"""";"""";"""";""""
Car640380-2026-Pass2-Z1-PaRecPR1925492_20260422_230410_000;1.5;2.6;12.0;piaf;0.03;Tetvir, Pippip;"""";"""";"""";""""
Car640380-2026-Pass2-Z1-PaRecPR1925492_20260422_230414_000;0.4;5.0;153.0;noise;0.72;"""";"""";"""";"""";""""
Car640380-2026-Pass2-Z1-PaRecPR1925492_20260422_230414_000;0.3;4.3;14.0;Tadten;0.08;Nyclei;"""";"""";"""";""""
Car640380-2026-Pass2-Z1-PaRecPR1925492_20260422_230419_000;0.0;5.0;153.0;noise;0.91;"""";"""";"""";"""";""""
Car640380-2026-Pass2-Z1-PaRecPR1925492_20260422_230419_000;0.3;5.0;14.0;Tadten;0.04;Nyclei, Tetvir, Pipkuh, piaf, Phogri;"""";"""";"""";""""
Car640380-2026-Pass2-Z1-PaRecPR1925492_20260422_230424_000;0.0;5.0;153.0;noise;0.96;"""";"""";"""";"""";""""
Car640380-2026-Pass2-Z1-PaRecPR1925492_20260422_230424_000;3.9;4.9;52.0;Pippip;0.95;"""";"""";"""";"""";""""
Car640380-2026-Pass2-Z1-PaRecPR1925492_20260422_230424_000;0.0;3.9;14.0;Tadten;0.03;Tetvir, Pipkuh, Phogri, Phanan, Leppun;"""";"""";"""";""""
Car640380-2026-Pass2-Z1-PaRecPR1925492_20260422_230429_000;0.0;0.8;154.0;noise;0.97;"""";"""";"""";"""";""""
Car640380-2026-Pass2-Z1-PaRecPR1925492_20260422_230430_000;0.0;2.4;154.0;noise;0.94;"""";"""";"""";"""";""""
Car640380-2026-Pass2-Z1-PaRecPR1925492_20260422_230430_000;0.4;1.1;50.0;Pippip;0.85;"""";"""";"""";"""";""""
Car640380-2026-Pass2-Z1-PaRecPR1925492_20260422_230435_000;0.0;4.3;17.0;noise;0.81;"""";"""";"""";"""";""""
Car640380-2026-Pass2-Z1-PaRecPR1925492_20260422_230435_000;0.4;5.0;154.0;Rhihip;0.22;"""";"""";"""";"""";""""
Car640380-2026-Pass2-Z1-PaRecPR1925492_20260422_230435_000;0.3;4.3;14.0;Tadten;0.05;"""";"""";"""";"""";""""
Car640380-2026-Pass2-Z1-PaRecPR1925492_20260422_230440_000;0.0;1.2;154.0;noise;0.95;"""";"""";"""";"""";""""
Car640380-2026-Pass2-Z1-PaRecPR1925492_20260422_230442_000;3.8;3.9;39.0;Leppun;0.07;"""";"""";"""";"""";""""
Car640380-2026-Pass2-Z1-PaRecPR1925492_20260422_230442_000;0.3;5.0;154.0;noise;0.78;"""";"""";"""";"""";""""
Car640380-2026-Pass2-Z1-PaRecPR1925492_20260422_230442_000;0.1;0.2;49.0;Pippip;0.7;"""";"""";"""";"""";""""
Car640380-2026-Pass2-Z1-PaRecPR1925492_20260422_230442_000;0.4;3.1;14.0;Phogri;0.03;Phanan, Tetvir, Tadten, Pipkuh;"""";"""";"""";""""
Car640380-2026-Pass2-Z1-PaRecPR1925492_20260422_230447_000;0.4;5.0;153.0;noise;0.87;"""";"""";"""";"""";""""
Car640380-2026-Pass2-Z1-PaRecPR1925492_20260422_230447_000;0.3;4.1;14.0;Tadten;0.16;"""";"""";"""";"""";""""
Car640380-2026-Pass2-Z1-PaRecPR1925492_20260422_230452_000;0.1;4.9;153.0;noise;0.86;"""";"""";"""";"""";""""
Car640380-2026-Pass2-Z1-PaRecPR1925492_20260422_230452_000;0.0;3.5;10.0;piaf;0.05;"""";"""";"""";"""";""""
Car640380-2026-Pass2-Z1-PaRecPR1925492_20260422_230452_000;1.4;4.8;51.0;Pippip;0.9;"""";"""";"""";"""";""""
Car640380-2026-Pass2-Z1-PaRecPR1925492_20260422_230457_000;0.0;5.0;153.0;noise;0.97;"""";"""";"""";"""";""""
Car640380-2026-Pass2-Z1-PaRecPR1925492_20260422_230457_000;0.4;3.5;14.0;Tetvir;0.02;Tadten, Pippip, Pipkuh, Phogri, Yposp, Yerray, Yerbey, Vesmur, Urosp, Tyllil, Thycor, Tetpyg, Tetarg, Testes, Sepsep, Rusnit, Roeroe, Rhihip, Rhifer, Rhieur, Rhasp, Ratnor, Plemac, Pleaus, Pleaur, Plasab, Plaint, Plafal, Plaalb, Plaaff, Pippyg, Pipnat, piaf, Phofem, Phanan, Phafal, Nycnoc, Nyclei, Nyclas, Myonat, Myomys, MyoGT, Myoema, Myodau, Myogla, Myocap, Myobec, Myoalc, Mussp, Minsch, Mimasp, Micagr, Metbra, mamm, Leppun, Lepbos, Lepalb, Lamsp., Isopyr, Inssp8, Inssp7, Inssp5, Insp12, Insp11, Insp10, Hypsav, gril, Eupsp, Eptser, Eptnil, Epheph, Decalb, Cyrscu, Cympud, criq, Confus, Tetarg, Barfis, Barbar, Antsp, amph;"""";"""";"""";""""
Car640380-2026-Pass2-Z1-PaRecPR1925492_20260422_230502_000;0.0;5.0;153.0;noise;0.82;"""";"""";"""";"""";""""
Car640380-2026-Pass2-Z1-PaRecPR1925492_20260422_230502_000;0.0;3.3;15.0;Tadten;0.04;Nyclei, Tetvir, Pipkuh, Phogri, Phanan;"""";"""";"""";""""
Car640380-2026-Pass2-Z1-PaRecPR1925492_20260422_230507_000;0.0;0.2;154.0;noise;0.98;"""";"""";"""";"""";""""
Car640380-2026-Pass2-Z1-PaRecPR1925492_20260422_230510_000;3.7;3.9;14.0;amph;0.97;"""";"""";"""";"""";""""
Car640380-2026-Pass2-Z1-PaRecPR1925492_20260422_230510_000;0.4;5.0;153.0;noise;0.85;"""";"""";"""";"""";""""
Car640380-2026-Pass2-Z1-PaRecPR1925492_20260422_230510_000;2.5;2.7;14.0;Phanan;0.05;"""";"""";"""";"""";""""
Car640380-2026-Pass2-Z1-PaRecPR1925492_20260422_230510_000;2.4;2.6;11.0;Tadten;0.03;Tetvir, Pipkuh, Nyclei;"""";"""";"""";""""
Car640380-2026-Pass2-Z1-PaRecPR1925492_20260422_230515_000;0.0;3.7;154.0;noise;0.84;"""";"""";"""";"""";""""
Car640380-2026-Pass2-Z1-PaRecPR1925492_20260422_230515_000;0.0;1.8;14.0;Tadten;0.07;"""";"""";"""";"""";""""
Car640380-2026-Pass2-Z1-PaRecPR1925492_20260422_230519_000;0.1;5.0;154.0;noise;0.89;"""";"""";"""";"""";""""
Car640380-2026-Pass2-Z1-PaRecPR1925492_20260422_230519_000;0.4;3.9;14.0;Phogri;0.03;Tetvir, Pippip, Phanan, Nyclei;"""";"""";"""";""""
Car640380-2026-Pass2-Z1-PaRecPR1925492_20260422_230519_000;0.3;0.5;11.0;piaf;0.04;Tetvir;"""";"""";"""";""""
Car640380-2026-Pass2-Z1-PaRecPR1925492_20260422_230524_000;0.0;0.8;153.0;noise;0.98;"""";"""";"""";"""";""""
Car640380-2026-Pass2-Z1-PaRecPR1925492_20260422_230526_000;0.1;5.0;154.0;noise;0.89;"""";"""";"""";"""";""""
Car640380-2026-Pass2-Z1-PaRecPR1925492_20260422_230526_000;0.4;3.4;14.0;Tetvir;0.02;Tadten, Pipkuh, piaf, Phogri, Phanan, Yposp, Yerray, Yerbey, Vesmur, Urosp, Tyllil, Thycor, Tetpyg, Tetarg, Testes, Sepsep, Rusnit, Roeroe, Rhihip, Rhifer, Rhieur, Rhasp, Ratnor, Plemac, Pleaus, Pleaur, Plasab, Plaint, Plafal, Plaalb, Plaaff, Pippyg, Pippip, Pipnat, Phofem, Phafal, Nycnoc, Nyclei, Nyclas, Myonat, Myomys, MyoGT, Myoema, Myodau, Myogla, Myocap, Myobec, Myoalc, Mussp, Minsch, Mimasp, Micagr, Metbra, mamm, Leppun, Lepbos, Lepalb, Lamsp., Isopyr, Inssp8, Inssp7, Inssp5, Insp12, Insp11, Insp10, Hypsav, gril, Eupsp, Eptser, Eptnil, Epheph, Decalb, Cyrscu, Cympud, criq, Confus, Tetarg, Barfis, Barbar, Antsp, amph;"""";"""";"""";""""
Car640380-2026-Pass2-Z1-PaRecPR1925492_20260422_230531_000;0.1;0.3;154.0;noise;0.97;"""";"""";"""";"""";""""
Car640380-2026-Pass2-Z1-PaRecPR1925492_20260422_230539_000;2.9;5.0;52.0;Pippip;0.16;Minsch;"""";"""";"""";""""
Car640380-2026-Pass2-Z1-PaRecPR1925492_20260422_230539_000;0.3;4.9;153.0;noise;0.86;"""";"""";"""";"""";""""
Car640380-2026-Pass2-Z1-PaRecPR1925492_20260422_230539_000;0.4;4.3;14.0;Tadten;0.06;Phanan;"""";"""";"""";""""
Car640380-2026-Pass2-Z1-PaRecPR1925492_20260422_230544_000;0.0;1.2;153.0;noise;0.97;"""";"""";"""";"""";""""
Car640380-2026-Pass2-Z1-PaRecPR1925492_20260422_230544_000;0.0;0.7;54.0;Pippip;0.95;"""";"""";"""";"""";""""
Car640380-2026-Pass2-Z1-PaRecPR1925492_20260422_230546_000;0.4;5.0;153.0;noise;0.94;"""";"""";"""";"""";""""
Car640380-2026-Pass2-Z1-PaRecPR1925492_20260422_230546_000;0.0;5.0;61.0;Pippip;0.94;"""";"""";"""";"""";""""
Car640380-2026-Pass2-Z1-PaRecPR1925492_20260422_230551_000;0.0;3.7;153.0;noise;0.94;"""";"""";"""";"""";""""
Car640380-2026-Pass2-Z1-PaRecPR1925492_20260422_230551_000;0.0;3.7;54.0;Pippip;0.23;"""";"""";"""";"""";""""
Car640380-2026-Pass2-Z1-PaRecPR1925492_20260422_230556_000;0.4;2.1;153.0;noise;0.97;"""";"""";"""";"""";""""
Car640380-2026-Pass2-Z1-PaRecPR1925492_20260422_230556_000;0.3;0.5;11.0;piaf;0.07;"""";"""";"""";"""";""""
Car640380-2026-Pass2-Z1-PaRecPR1925492_20260422_230558_000;0.4;3.7;153.0;noise;0.91;"""";"""";"""";"""";""""
Car640380-2026-Pass2-Z1-PaRecPR1925492_20260422_230558_000;0.3;1.9;14.0;Tetvir;0.02;Tadten, Pippip, Pipkuh, Nyclei, Yposp, Yerray, Yerbey, Vesmur, Urosp, Tyllil, Thycor, Tetpyg, Tetarg, Testes, Sepsep, Rusnit, Roeroe, Rhihip, Rhifer, Rhieur, Rhasp, Ratnor, Plemac, Pleaus, Pleaur, Plasab, Plaint, Plafal, Plaalb, Plaaff, Pippyg, Pipnat, piaf, Phogri, Phofem, Phanan, Phafal, Nycnoc, Nyclas, Myonat, Myomys, MyoGT, Myoema, Myodau, Myogla, Myocap, Myobec, Myoalc, Mussp, Minsch, Mimasp, Micagr, Metbra, mamm, Leppun, Lepbos, Lepalb, Lamsp., Isopyr, Inssp8, Inssp7, Inssp5, Insp12, Insp11, Insp10, Hypsav, gril, Eupsp, Eptser, Eptnil, Epheph, Decalb, Cyrscu, Cympud, criq, Confus, Tetarg, Barfis, Barbar, Antsp, amph;"""";"""";"""";""""
Car640380-2026-Pass2-Z1-PaRecPR1925492_20260422_230604_000;0.3;2.4;154.0;noise;0.92;"""";"""";"""";"""";""""
Car640380-2026-Pass2-Z1-PaRecPR1925492_20260422_230604_000;1.7;1.8;49.0;Pippip;0.62;"""";"""";"""";"""";""""
Car640380-2026-Pass2-Z1-PaRecPR1925492_20260422_230609_000;0.1;4.4;25.0;noise;0.85;"""";"""";"""";"""";""""
Car640380-2026-Pass2-Z1-PaRecPR1925492_20260422_230609_000;0.4;5.0;154.0;Rusnit;0.08;"""";"""";"""";"""";""""
Car640380-2026-Pass2-Z1-PaRecPR1925492_20260422_230609_000;0.3;4.2;14.0;Tadten;0.03;Tetvir, Pippip, Pipkuh, Phogri, Nyclei;"""";"""";"""";""""
Car640380-2026-Pass2-Z1-PaRecPR1925492_20260422_230614_000;0.0;1.0;153.0;noise;0.98;"""";"""";"""";"""";""""
Car640380-2026-Pass2-Z1-PaRecPR1925492_20260422_230614_000;0.2;1.0;52.0;Pippip;0.84;"""";"""";"""";"""";""""
Car640380-2026-Pass2-Z1-PaRecPR1925492_20260422_230617_000;0.4;5.0;153.0;noise;0.94;"""";"""";"""";"""";""""
Car640380-2026-Pass2-Z1-PaRecPR1925492_20260422_230617_000;0.3;5.0;14.0;Nyclei;0.27;"""";"""";"""";"""";""""
Car640380-2026-Pass2-Z1-PaRecPR1925492_20260422_230617_000;0.4;5.0;14.0;Phogri;0.04;Tetvir, Eupsp, amph, piaf, Epheph;"""";"""";"""";""""
Car640380-2026-Pass2-Z1-PaRecPR1925492_20260422_230617_000;0.2;5.0;75.0;Pippip;0.93;"""";"""";"""";"""";""""
Car640380-2026-Pass2-Z1-PaRecPR1925492_20260422_230622_000;0.0;5.0;153.0;noise;0.85;"""";"""";"""";"""";""""
Car640380-2026-Pass2-Z1-PaRecPR1925492_20260422_230622_000;0.1;2.1;57.0;Pippip;0.91;"""";"""";"""";"""";""""
Car640380-2026-Pass2-Z1-PaRecPR1925492_20260422_230627_000;0.0;1.6;153.0;noise;0.98;"""";"""";"""";"""";""""
Car640380-2026-Pass2-Z1-PaRecPR1925492_20260422_230628_000;0.0;4.9;52.0;noise;0.78;"""";"""";"""";"""";""""
Car640380-2026-Pass2-Z1-PaRecPR1925492_20260422_230628_000;0.0;5.0;154.0;Rusnit;0.06;"""";"""";"""";"""";""""
Car640380-2026-Pass2-Z1-PaRecPR1925492_20260422_230633_000;0.0;5.0;153.0;noise;0.98;"""";"""";"""";"""";""""
Car640380-2026-Pass2-Z1-PaRecPR1925492_20260422_230633_000;0.6;3.0;11.0;Nyclei;0.05;"""";"""";"""";"""";""""
Car640380-2026-Pass2-Z1-PaRecPR1925492_20260422_230633_000;1.7;4.1;14.0;Tetvir;0.03;Pipkuh, Phogri;"""";"""";"""";""""
Car640380-2026-Pass2-Z1-PaRecPR1925492_20260422_230638_000;0.0;1.0;154.0;noise;0.97;"""";"""";"""";"""";""""
Car640380-2026-Pass2-Z1-PaRecPR1925492_20260422_230640_000;0.3;2.4;153.0;noise;0.95;"""";"""";"""";"""";""""
Car640380-2026-Pass2-Z1-PaRecPR1925492_20260422_230642_000;0.0;5.0;154.0;noise;0.89;"""";"""";"""";"""";""""
Car640380-2026-Pass2-Z1-PaRecPR1925492_20260422_230642_000;0.0;4.9;14.0;Tetvir;0.04;Phogri, Phanan;"""";"""";"""";""""
Car640380-2026-Pass2-Z1-PaRecPR1925492_20260422_230642_000;0.0;5.0;96.0;Pippip;0.95;"""";"""";"""";"""";""""
Car640380-2026-Pass2-Z1-PaRecPR1925492_20260422_230647_000;0.0;3.3;153.0;noise;0.92;"""";"""";"""";"""";""""
Car640380-2026-Pass2-Z1-PaRecPR1925492_20260422_230647_000;1.3;1.4;14.0;Tetvir;0.02;Phogri, Yposp, Yerray, Yerbey, Vesmur, Urosp, Tyllil, Thycor, Tetpyg, Tetarg, Testes, Tadten, Sepsep, Rusnit, Roeroe, Rhihip, Rhifer, Rhieur, Rhasp, Ratnor, Plemac, Pleaus, Pleaur, Plasab, Plaint, Plafal, Plaalb, Plaaff, Pippyg, Pipnat, Pipkuh, piaf, Phofem, Phanan, Phafal, Nycnoc, Nyclei, Nyclas, Myonat, Myomys, MyoGT, Myoema, Myodau, Myogla, Myocap, Myobec, Myoalc, Mussp, Minsch, Mimasp, Micagr, Metbra, mamm, Leppun, Lepbos, Lepalb, Lamsp., Isopyr, Inssp8, Inssp7, Inssp5, Insp12, Insp11, Insp10, Hypsav, gril, Eupsp, Eptser, Eptnil, Epheph, Decalb, Cyrscu, Cympud, criq, Confus, Tetarg, Barfis, Barbar, Antsp, amph;"""";"""";"""";""""
Car640380-2026-Pass2-Z1-PaRecPR1925492_20260422_230647_000;0.2;2.9;52.0;Pippip;0.98;"""";"""";"""";"""";""""
Car640380-2026-Pass2-Z1-PaRecPR1925492_20260422_230651_000;0.3;2.4;154.0;noise;0.94;"""";"""";"""";"""";""""
Car640380-2026-Pass2-Z1-PaRecPR1925492_20260422_230653_000;0.0;5.0;153.0;noise;0.89;"""";"""";"""";"""";""""
Car640380-2026-Pass2-Z1-PaRecPR1925492_20260422_230653_000;0.1;4.7;14.0;Phogri;0.04;Phanan, Tetvir, Pippip, Epheph;"""";"""";"""";""""
Car640380-2026-Pass2-Z1-PaRecPR1925492_20260422_230658_000;0.0;1.6;153.0;noise;0.88;"""";"""";"""";"""";""""
Car640380-2026-Pass2-Z1-PaRecPR1925492_20260422_230702_000;0.4;5.0;153.0;noise;0.88;"""";"""";"""";"""";""""
Car640380-2026-Pass2-Z1-PaRecPR1925492_20260422_230702_000;0.3;4.3;11.0;Tetvir;0.02;Tadten, Pipkuh, Phogri, Yposp, Yerray, Yerbey, Vesmur, Urosp, Tyllil, Thycor, Tetpyg, Tetarg, Testes, Sepsep, Rusnit, Roeroe, Rhihip, Rhifer, Rhieur, Rhasp, Ratnor, Plemac, Pleaus, Pleaur, Plasab, Plaint, Plafal, Plaalb, Plaaff, Pippyg, Pippip, Pipnat, piaf, Phofem, Phanan, Phafal, Nycnoc, Nyclei, Nyclas, Myonat, Myomys, MyoGT, Myoema, Myodau, Myogla, Myocap, Myobec, Myoalc, Mussp, Minsch, Mimasp, Micagr, Metbra, mamm, Leppun, Lepbos, Lepalb, Lamsp., Isopyr, Inssp8, Inssp7, Inssp5, Insp12, Insp11, Insp10, Hypsav, gril, Eupsp, Eptser, Eptnil, Epheph, Decalb, Cyrscu, Cympud, criq, Confus, Tetarg, Barfis, Barbar, Antsp, amph;"""";"""";"""";""""
Car640380-2026-Pass2-Z1-PaRecPR1925492_20260422_230707_000;0.1;5.0;153.0;noise;0.97;"""";"""";"""";"""";""""
Car640380-2026-Pass2-Z1-PaRecPR1925492_20260422_230707_000;0.7;0.8;14.0;Tetvir;0.02;Tadten, Pipkuh, Phogri, Yposp, Yerray, Yerbey, Vesmur, Urosp, Tyllil, Thycor, Tetpyg, Tetarg, Testes, Sepsep, Rusnit, Roeroe, Rhihip, Rhifer, Rhieur, Rhasp, Ratnor, Plemac, Pleaus, Pleaur, Plasab, Plaint, Plafal, Plaalb, Plaaff, Pippyg, Pippip, Pipnat, piaf, Phofem, Phanan, Phafal, Nycnoc, Nyclei, Nyclas, Myonat, Myomys, MyoGT, Myoema, Myodau, Myogla, Myocap, Myobec, Myoalc, Mussp, Minsch, Mimasp, Micagr, Metbra, mamm, Leppun, Lepbos, Lepalb, Lamsp., Isopyr, Inssp8, Inssp7, Inssp5, Insp12, Insp11, Insp10, Hypsav, gril, Eupsp, Eptser, Eptnil, Epheph, Decalb, Cyrscu, Cympud, criq, Confus, Tetarg, Barfis, Barbar, Antsp, amph;"""";"""";"""";""""
Car640380-2026-Pass2-Z1-PaRecPR1925492_20260422_230712_000;0.0;2.4;153.0;noise;0.98;"""";"""";"""";"""";""""
Car640380-2026-Pass2-Z1-PaRecPR1925492_20260422_230715_000;0.3;5.0;154.0;noise;0.94;"""";"""";"""";"""";""""
Car640380-2026-Pass2-Z1-PaRecPR1925492_20260422_230720_000;0.0;0.7;153.0;noise;0.98;"""";"""";"""";"""";""""
Car640380-2026-Pass2-Z1-PaRecPR1925492_20260422_230723_000;0.3;2.1;153.0;noise;0.94;"""";"""";"""";"""";""""
Car640380-2026-Pass2-Z1-PaRecPR1925492_20260422_230725_000;1.9;2.7;15.0;noise;0.69;"""";"""";"""";"""";""""
Car640380-2026-Pass2-Z1-PaRecPR1925492_20260422_230725_000;0.3;2.1;14.0;Phogri;0.03;Phanan, Tetvir, Pippip;"""";"""";"""";""""
Car640380-2026-Pass2-Z1-PaRecPR1925492_20260422_230725_000;0.0;4.0;153.0;Rhihip;0.23;"""";"""";"""";"""";""""
Car640380-2026-Pass2-Z1-PaRecPR1925492_20260422_230730_000;0.3;2.4;154.0;noise;0.94;"""";"""";"""";"""";""""
Car640380-2026-Pass2-Z1-PaRecPR1925492_20260422_230732_000;0.4;2.4;154.0;noise;0.95;"""";"""";"""";"""";""""
Car640380-2026-Pass2-Z1-PaRecPR1925492_20260422_230732_000;0.3;0.5;14.0;Tadten;0.03;Phogri, Tetvir, Pipkuh, Nyclei;"""";"""";"""";""""
Car640380-2026-Pass2-Z1-PaRecPR1925492_20260422_230742_000;0.4;0.5;15.0;Phogri;0.03;Epheph, Tetvir;"""";"""";"""";""""
Car640380-2026-Pass2-Z1-PaRecPR1925492_20260422_230742_000;0.3;2.4;154.0;noise;0.87;"""";"""";"""";"""";""""
Car640380-2026-Pass2-Z1-PaRecPR1925492_20260422_230742_000;0.3;0.5;12.0;piaf;0.11;"""";"""";"""";"""";""""
Car640380-2026-Pass2-Z1-PaRecPR1925492_20260422_230750_000;0.3;1.2;14.0;noise;0.82;"""";"""";"""";"""";""""
Car640380-2026-Pass2-Z1-PaRecPR1925492_20260422_230750_000;0.2;3.9;153.0;Rhihip;0.11;"""";"""";"""";"""";""""
Car640380-2026-Pass2-Z1-PaRecPR1925492_20260422_230750_000;1.9;2.1;11.0;Tetvir;0.02;Pipkuh, Nyclei, Yposp, Yerray, Yerbey, Vesmur, Urosp, Tyllil, Thycor, Tetpyg, Tetarg, Testes, Tadten, Sepsep, Rusnit, Roeroe, Rhifer, Rhieur, Rhasp, Ratnor, Plemac, Pleaus, Pleaur, Plasab, Plaint, Plafal, Plaalb, Plaaff, Pippyg, Pippip, Pipnat, piaf, Phogri, Phofem, Phanan, Phafal, Nycnoc, Nyclas, Myonat, Myomys, MyoGT, Myoema, Myodau, Myogla, Myocap, Myobec, Myoalc, Mussp, Minsch, Mimasp, Micagr, Metbra, mamm, Leppun, Lepbos, Lepalb, Lamsp., Isopyr, Inssp8, Inssp7, Inssp5, Insp12, Insp11, Insp10, Hypsav, gril, Eupsp, Eptser, Eptnil, Epheph, Decalb, Cyrscu, Cympud, criq, Confus, Tetarg, Barfis, Barbar, Antsp, amph;"""";"""";"""";""""
Car640380-2026-Pass2-Z1-PaRecPR1925492_20260422_230803_000;0.4;5.0;154.0;noise;0.97;"""";"""";"""";"""";""""
Car640380-2026-Pass2-Z1-PaRecPR1925492_20260422_230803_000;0.3;4.8;11.0;Tetvir;0.02;Tadten, Pipkuh, Nyclei, Yposp, Yerray, Yerbey, Vesmur, Urosp, Tyllil, Thycor, Tetpyg, Tetarg, Testes, Sepsep, Rusnit, Roeroe, Rhihip, Rhifer, Rhieur, Rhasp, Ratnor, Plemac, Pleaus, Pleaur, Plasab, Plaint, Plafal, Plaalb, Plaaff, Pippyg, Pippip, Pipnat, piaf, Phogri, Phofem, Phanan, Phafal, Nycnoc, Nyclas, Myonat, Myomys, MyoGT, Myoema, Myodau, Myogla, Myocap, Myobec, Myoalc, Mussp, Minsch, Mimasp, Micagr, Metbra, mamm, Leppun, Lepbos, Lepalb, Lamsp., Isopyr, Inssp8, Inssp7, Inssp5, Insp12, Insp11, Insp10, Hypsav, gril, Eupsp, Eptser, Eptnil, Epheph, Decalb, Cyrscu, Cympud, criq, Confus, Tetarg, Barfis, Barbar, Antsp, amph;"""";"""";"""";""""
Car640380-2026-Pass2-Z1-PaRecPR1925492_20260422_230808_000;0.0;1.7;153.0;noise;0.95;"""";"""";"""";"""";""""
Car640380-2026-Pass2-Z1-PaRecPR1925492_20260422_230812_000;0.4;2.0;154.0;noise;0.9;"""";"""";"""";"""";""""
Car640380-2026-Pass2-Z1-PaRecPR1925492_20260422_230812_000;0.3;0.5;10.0;piaf;0.08;"""";"""";"""";"""";""""
Car640380-2026-Pass2-Z1-PaRecPR1925492_20260422_230812_000;1.8;1.9;50.0;Pippip;0.76;"""";"""";"""";"""";""""
Car640380-2026-Pass2-Z1-PaRecPR1925492_20260422_230816_000;0.4;5.0;153.0;noise;0.96;"""";"""";"""";"""";""""
Car640380-2026-Pass2-Z1-PaRecPR1925492_20260422_230816_000;0.0;5.0;77.0;Pippip;0.98;"""";"""";"""";"""";""""
Car640380-2026-Pass2-Z1-PaRecPR1925492_20260422_230821_000;0.0;5.0;153.0;noise;0.97;"""";"""";"""";"""";""""
Car640380-2026-Pass2-Z1-PaRecPR1925492_20260422_230821_000;0.1;4.9;48.0;Pippip;0.99;"""";"""";"""";"""";""""
Car640380-2026-Pass2-Z1-PaRecPR1925492_20260422_230821_000;0.8;4.2;12.0;Tetvir;0.02;Tadten, Pipkuh, piaf, Phogri, Yposp, Yerray, Yerbey, Vesmur, Urosp, Tyllil, Thycor, Tetpyg, Tetarg, Testes, Sepsep, Rusnit, Roeroe, Rhihip, Rhifer, Rhieur, Rhasp, Ratnor, Plemac, Pleaus, Pleaur, Plasab, Plaint, Plafal, Plaalb, Plaaff, Pippyg, Pipnat, Phofem, Phanan, Phafal, Nycnoc, Nyclei, Nyclas, Myonat, Myomys, MyoGT, Myoema, Myodau, Myogla, Myocap, Myobec, Myoalc, Mussp, Minsch, Mimasp, Micagr, Metbra, mamm, Leppun, Lepbos, Lepalb, Lamsp., Isopyr, Inssp8, Inssp7, Inssp5, Insp12, Insp11, Insp10, Hypsav, gril, Eupsp, Eptser, Eptnil, Epheph, Decalb, Cyrscu, Cympud, criq, Confus, Tetarg, Barfis, Barbar, Antsp, amph;"""";"""";"""";""""
Car640380-2026-Pass2-Z1-PaRecPR1925492_20260422_230826_000;0.0;4.5;154.0;noise;0.98;"""";"""";"""";"""";""""
Car640380-2026-Pass2-Z1-PaRecPR1925492_20260422_230826_000;0.0;2.7;11.0;Tadten;0.04;Tetvir, Pipkuh, piaf, Phogri;"""";"""";"""";""""
Car640380-2026-Pass2-Z1-PaRecPR1925492_20260422_230831_000;0.4;4.0;153.0;noise;0.92;"""";"""";"""";"""";""""
Car640380-2026-Pass2-Z1-PaRecPR1925492_20260422_230831_000;2.0;2.1;14.0;Phogri;0.05;"""";"""";"""";"""";""""
Car640380-2026-Pass2-Z1-PaRecPR1925492_20260422_230831_000;0.3;2.1;14.0;Tadten;0.05;"""";"""";"""";"""";""""
Car640380-2026-Pass2-Z1-PaRecPR1925492_20260422_230835_000;0.0;2.3;153.0;noise;0.98;"""";"""";"""";"""";""""
Car640380-2026-Pass2-Z1-PaRecPR1925492_20260422_230835_000;0.1;0.3;10.0;Tetvir;0.02;Tadten, Pipkuh, Nyclei, Yposp, Yerray, Yerbey, Vesmur, Urosp, Tyllil, Thycor, Tetpyg, Tetarg, Testes, Sepsep, Rusnit, Roeroe, Rhihip, Rhifer, Rhieur, Rhasp, Ratnor, Plemac, Pleaus, Pleaur, Plasab, Plaint, Plafal, Plaalb, Plaaff, Pippyg, Pippip, Pipnat, piaf, Phogri, Phofem, Phanan, Phafal, Nycnoc, Nyclas, Myonat, Myomys, MyoGT, Myoema, Myodau, Myogla, Myocap, Myobec, Myoalc, Mussp, Minsch, Mimasp, Micagr, Metbra, mamm, Leppun, Lepbos, Lepalb, Lamsp., Isopyr, Inssp8, Inssp7, Inssp5, Insp12, Insp11, Insp10, Hypsav, gril, Eupsp, Eptser, Eptnil, Epheph, Decalb, Cyrscu, Cympud, criq, Confus, Tetarg, Barfis, Barbar, Antsp, amph;"""";"""";"""";""""
Car640380-2026-Pass2-Z1-PaRecPR1925492_20260422_230839_000;0.2;5.0;153.0;noise;0.98;"""";"""";"""";"""";""""
Car640380-2026-Pass2-Z1-PaRecPR1925492_20260422_230839_000;0.2;4.9;77.0;Pippip;0.96;"""";"""";"""";"""";""""
Car640380-2026-Pass2-Z1-PaRecPR1925492_20260422_230844_000;0.0;0.9;153.0;noise;0.95;"""";"""";"""";"""";""""
Car640380-2026-Pass2-Z1-PaRecPR1925492_20260422_230844_000;0.0;0.6;53.0;Pippip;0.96;"""";"""";"""";"""";""""
Car640380-2026-Pass2-Z1-PaRecPR1925492_20260422_230845_000;0.4;4.8;22.0;noise;0.68;"""";"""";"""";"""";""""
Car640380-2026-Pass2-Z1-PaRecPR1925492_20260422_230845_000;0.1;4.9;51.0;Pippip;0.98;"""";"""";"""";"""";""""
Car640380-2026-Pass2-Z1-PaRecPR1925492_20260422_230845_000;0.4;5.0;154.0;Tetvir;0.02;Rusnit, Yposp, Yerray, Yerbey, Vesmur, Urosp, Tyllil, Thycor, Tetpyg, Tetarg, Testes, Tadten, Sepsep, Roeroe, Rhihip, Rhifer, Rhieur, Rhasp, Ratnor, Plemac, Pleaus, Pleaur, Plasab, Plaint, Plafal, Plaalb, Plaaff, Pippyg, Pipnat, Pipkuh, piaf, Phogri, Phofem, Phanan, Phafal, Nycnoc, Nyclei, Nyclas, Myonat, Myomys, MyoGT, Myoema, Myodau, Myogla, Myocap, Myobec, Myoalc, Mussp, Minsch, Mimasp, Micagr, Metbra, mamm, Leppun, Lepbos, Lepalb, Lamsp., Isopyr, Inssp8, Inssp7, Inssp5, Insp12, Insp11, Insp10, Hypsav, gril, Eupsp, Eptser, Eptnil, Epheph, Decalb, Cyrscu, Cympud, criq, Confus, Tetarg, Barfis, Barbar, Antsp, amph;"""";"""";"""";""""
Car640380-2026-Pass2-Z1-PaRecPR1925492_20260422_230845_000;0.3;4.2;14.0;Tadten;0.05;amph;"""";"""";"""";""""
Car640380-2026-Pass2-Z1-PaRecPR1925492_20260422_230850_000;0.3;4.7;24.0;noise;0.78;"""";"""";"""";"""";""""
Car640380-2026-Pass2-Z1-PaRecPR1925492_20260422_230850_000;0.0;4.8;48.0;Pippip;0.99;"""";"""";"""";"""";""""
Car640380-2026-Pass2-Z1-PaRecPR1925492_20260422_230850_000;0.0;5.0;154.0;Rusnit;0.04;Tetvir;"""";"""";"""";""""
Car640380-2026-Pass2-Z1-PaRecPR1925492_20260422_230850_000;2.1;4.0;12.0;Tadten;0.08;"""";"""";"""";"""";""""
Car640380-2026-Pass2-Z1-PaRecPR1925492_20260422_230855_000;0.0;0.9;153.0;noise;0.95;"""";"""";"""";"""";""""
Car640380-2026-Pass2-Z1-PaRecPR1925492_20260422_230855_000;0.0;0.3;50.0;Pippip;0.9;"""";"""";"""";"""";""""
Car640380-2026-Pass2-Z1-PaRecPR1925492_20260422_230856_000;0.0;2.1;154.0;noise;0.93;"""";"""";"""";"""";""""
Car640380-2026-Pass2-Z1-PaRecPR1925492_20260422_230856_000;0.1;0.3;13.0;Nyclei;0.08;"""";"""";"""";"""";""""
Car640380-2026-Pass2-Z1-PaRecPR1925492_20260422_230858_000;0.1;2.4;153.0;noise;0.94;"""";"""";"""";"""";""""
Car640380-2026-Pass2-Z1-PaRecPR1925492_20260422_230900_000;0.0;5.0;153.0;noise;0.86;"""";"""";"""";"""";""""
Car640380-2026-Pass2-Z1-PaRecPR1925492_20260422_230900_000;1.2;4.5;13.0;Tadten;0.06;"""";"""";"""";"""";""""
Car640380-2026-Pass2-Z1-PaRecPR1925492_20260422_230905_000;0.1;2.7;153.0;noise;0.96;"""";"""";"""";"""";""""
Car640380-2026-Pass2-Z1-PaRecPR1925492_20260422_230905_000;0.7;0.9;14.0;Tetvir;0.02;Tadten, Pipkuh, Yposp, Yerray, Yerbey, Vesmur, Urosp, Tyllil, Thycor, Tetpyg, Tetarg, Testes, Sepsep, Rusnit, Roeroe, Rhihip, Rhifer, Rhieur, Rhasp, Ratnor, Plemac, Pleaus, Pleaur, Plasab, Plaint, Plafal, Plaalb, Plaaff, Pippyg, Pippip, Pipnat, piaf, Phogri, Phofem, Phanan, Phafal, Nycnoc, Nyclei, Nyclas, Myonat, Myomys, MyoGT, Myoema, Myodau, Myogla, Myocap, Myobec, Myoalc, Mussp, Minsch, Mimasp, Micagr, Metbra, mamm, Leppun, Lepbos, Lepalb, Lamsp., Isopyr, Inssp8, Inssp7, Inssp5, Insp12, Insp11, Insp10, Hypsav, gril, Eupsp, Eptser, Eptnil, Epheph, Decalb, Cyrscu, Cympud, criq, Confus, Tetarg, Barfis, Barbar, Antsp, amph;"""";"""";"""";""""
Car640380-2026-Pass2-Z1-PaRecPR1925492_20260422_230913_000;0.4;4.6;153.0;noise;0.92;"""";"""";"""";"""";""""
Car640380-2026-Pass2-Z1-PaRecPR1925492_20260422_230913_000;0.3;1.7;12.0;Tetvir;0.02;Pippip, Yposp, Yerray, Yerbey, Vesmur, Urosp, Tyllil, Thycor, Tetpyg, Tetarg, Testes, Tadten, Sepsep, Rusnit, Roeroe, Rhihip, Rhifer, Rhieur, Rhasp, Ratnor, Plemac, Pleaus, Pleaur, Plasab, Plaint, Plafal, Plaalb, Plaaff, Pippyg, Pipnat, Pipkuh, piaf, Phogri, Phofem, Phanan, Phafal, Nycnoc, Nyclei, Nyclas, Myonat, Myomys, MyoGT, Myoema, Myodau, Myogla, Myocap, Myobec, Myoalc, Mussp, Minsch, Mimasp, Micagr, Metbra, mamm, Leppun, Lepbos, Lepalb, Lamsp., Isopyr, Inssp8, Inssp7, Inssp5, Insp12, Insp11, Insp10, Hypsav, gril, Eupsp, Eptser, Eptnil, Epheph, Decalb, Cyrscu, Cympud, criq, Confus, Tetarg, Barfis, Barbar, Antsp, amph;"""";"""";"""";""""
Car640380-2026-Pass2-Z1-PaRecPR1925492_20260422_230917_000;0.0;5.0;153.0;noise;0.92;"""";"""";"""";"""";""""
Car640380-2026-Pass2-Z1-PaRecPR1925492_20260422_230917_000;0.3;4.1;14.0;Tadten;0.03;Tetvir, Pipkuh, Phogri, Phanan;"""";"""";"""";""""
Car640380-2026-Pass2-Z1-PaRecPR1925492_20260422_230922_000;0.0;1.0;153.0;noise;0.99;"""";"""";"""";"""";""""
Car640380-2026-Pass2-Z1-PaRecPR1925492_20260422_230925_000;0.3;5.0;153.0;noise;0.93;"""";"""";"""";"""";""""
Car640380-2026-Pass2-Z1-PaRecPR1925492_20260422_230925_000;0.3;5.0;14.0;Tadten;0.06;Phanan;"""";"""";"""";""""
Car640380-2026-Pass2-Z1-PaRecPR1925492_20260422_230930_000;0.0;5.0;153.0;noise;0.83;"""";"""";"""";"""";""""
Car640380-2026-Pass2-Z1-PaRecPR1925492_20260422_230930_000;0.9;4.8;14.0;Phanan;0.04;Tetvir, Tadten, Pippip, Phogri;"""";"""";"""";""""
Car640380-2026-Pass2-Z1-PaRecPR1925492_20260422_230930_000;3.1;4.8;12.0;Tadten;0.04;Tetvir, Pipkuh, piaf, Nyclei;"""";"""";"""";""""
Car640380-2026-Pass2-Z1-PaRecPR1925492_20260422_230935_000;0.0;1.7;153.0;noise;0.99;"""";"""";"""";"""";""""
Car640380-2026-Pass2-Z1-PaRecPR1925492_20260422_230935_000;0.7;1.3;48.0;Pippip;0.91;"""";"""";"""";"""";""""
Car640380-2026-Pass2-Z1-PaRecPR1925492_20260422_230936_000;0.0;2.0;153.0;noise;0.96;"""";"""";"""";"""";""""
Car640380-2026-Pass2-Z1-PaRecPR1925492_20260422_230936_000;0.4;0.5;15.0;piaf;0.05;"""";"""";"""";"""";""""
Car640380-2026-Pass2-Z1-PaRecPR1925492_20260422_230940_000;0.4;5.0;153.0;noise;0.8;"""";"""";"""";"""";""""
Car640380-2026-Pass2-Z1-PaRecPR1925492_20260422_230940_000;1.8;4.3;50.0;Pippip;0.99;"""";"""";"""";"""";""""
Car640380-2026-Pass2-Z1-PaRecPR1925492_20260422_230940_000;0.3;4.5;13.0;Tadten;0.08;"""";"""";"""";"""";""""
Car640380-2026-Pass2-Z1-PaRecPR1925492_20260422_230945_000;0.0;1.3;153.0;noise;0.97;"""";"""";"""";"""";""""
Car640380-2026-Pass2-Z1-PaRecPR1925492_20260422_230945_000;0.0;0.2;48.0;Pippip;0.96;"""";"""";"""";"""";""""
Car640380-2026-Pass2-Z1-PaRecPR1925492_20260422_230948_000;0.3;3.6;153.0;noise;0.94;"""";"""";"""";"""";""""
Car640380-2026-Pass2-Z1-PaRecPR1925492_20260422_230948_000;3.5;3.6;48.0;Pippip;0.74;"""";"""";"""";"""";""""
Car640380-2026-Pass2-Z1-PaRecPR1925492_20260422_230948_000;0.4;1.6;14.0;Tadten;0.03;Tetvir, Pipkuh, piaf, Phogri;"""";"""";"""";""""
Car640380-2026-Pass2-Z1-PaRecPR1925492_20260422_230952_000;0.0;2.0;154.0;noise;0.93;"""";"""";"""";"""";""""
Car640380-2026-Pass2-Z1-PaRecPR1925492_20260422_230952_000;0.3;1.8;47.0;Pippip;0.98;"""";"""";"""";"""";""""
Car640380-2026-Pass2-Z1-PaRecPR1925492_20260422_230956_000;0.1;5.0;153.0;noise;0.86;"""";"""";"""";"""";""""
Car640380-2026-Pass2-Z1-PaRecPR1925492_20260422_230956_000;1.4;4.7;50.0;Pippip;0.97;"""";"""";"""";"""";""""
Car640380-2026-Pass2-Z1-PaRecPR1925492_20260422_230956_000;0.3;4.7;11.0;Tetvir;0.02;Tadten, Pipkuh, piaf, Yposp, Yerray, Yerbey, Vesmur, Urosp, Tyllil, Thycor, Tetpyg, Tetarg, Testes, Sepsep, Rusnit, Roeroe, Rhihip, Rhifer, Rhieur, Rhasp, Ratnor, Plemac, Pleaus, Pleaur, Plasab, Plaint, Plafal, Plaalb, Plaaff, Pippyg, Pipnat, Phogri, Phofem, Phanan, Phafal, Nycnoc, Nyclei, Nyclas, Myonat, Myomys, MyoGT, Myoema, Myodau, Myogla, Myocap, Myobec, Myoalc, Mussp, Minsch, Mimasp, Micagr, Metbra, mamm, Leppun, Lepbos, Lepalb, Lamsp., Isopyr, Inssp8, Inssp7, Inssp5, Insp12, Insp11, Insp10, Hypsav, gril, Eupsp, Eptser, Eptnil, Epheph, Decalb, Cyrscu, Cympud, criq, Confus, Tetarg, Barfis, Barbar, Antsp, amph;"""";"""";"""";""""
Car640380-2026-Pass2-Z1-PaRecPR1925492_20260422_231001_000;0.1;3.2;153.0;noise;0.93;"""";"""";"""";"""";""""
Car640380-2026-Pass2-Z1-PaRecPR1925492_20260422_231001_000;1.2;1.4;10.0;piaf;0.07;"""";"""";"""";"""";""""
Car640380-2026-Pass2-Z1-PaRecPR1925492_20260422_231007_000;0.0;5.0;154.0;noise;0.77;"""";"""";"""";"""";""""
Car640380-2026-Pass2-Z1-PaRecPR1925492_20260422_231007_000;0.0;5.0;46.0;Pippip;0.95;"""";"""";"""";"""";""""
Car640380-2026-Pass2-Z1-PaRecPR1925492_20260422_231007_000;2.8;2.9;154.0;Rusnit;0.04;Tetvir, Pipkuh;"""";"""";"""";""""
Car640380-2026-Pass2-Z1-PaRecPR1925492_20260422_231007_000;0.3;4.2;14.0;Tadten;0.42;"""";"""";"""";"""";""""
Car640380-2026-Pass2-Z1-PaRecPR1925492_20260422_231012_000;0.0;5.0;154.0;noise;0.77;"""";"""";"""";"""";""""
Car640380-2026-Pass2-Z1-PaRecPR1925492_20260422_231012_000;1.4;4.6;51.0;Pippip;0.98;"""";"""";"""";"""";""""
Car640380-2026-Pass2-Z1-PaRecPR1925492_20260422_231012_000;0.0;4.4;13.0;Phogri;0.04;Tetvir, Tadten, Pipkuh, piaf;"""";"""";"""";""""
Car640380-2026-Pass2-Z1-PaRecPR1925492_20260422_231017_000;0.0;5.0;154.0;noise;0.81;"""";"""";"""";"""";""""
Car640380-2026-Pass2-Z1-PaRecPR1925492_20260422_231017_000;2.4;3.9;14.0;Phogri;0.04;Tetvir, Pippip;"""";"""";"""";""""
Car640380-2026-Pass2-Z1-PaRecPR1925492_20260422_231022_000;0.0;0.8;154.0;noise;0.98;"""";"""";"""";"""";""""
Car640380-2026-Pass2-Z1-PaRecPR1925492_20260422_231024_000;0.4;4.8;153.0;noise;0.91;"""";"""";"""";"""";""""
Car640380-2026-Pass2-Z1-PaRecPR1925492_20260422_231024_000;0.3;0.5;11.0;Tetvir;0.02;Tadten, Pipkuh, piaf, Yposp, Yerray, Yerbey, Vesmur, Urosp, Tyllil, Thycor, Tetpyg, Tetarg, Testes, Sepsep, Rusnit, Roeroe, Rhihip, Rhifer, Rhieur, Rhasp, Ratnor, Plemac, Pleaus, Pleaur, Plasab, Plaint, Plafal, Plaalb, Plaaff, Pippyg, Pippip, Pipnat, Phogri, Phofem, Phanan, Phafal, Nycnoc, Nyclei, Nyclas, Myonat, Myomys, MyoGT, Myoema, Myodau, Myogla, Myocap, Myobec, Myoalc, Mussp, Minsch, Mimasp, Micagr, Metbra, mamm, Leppun, Lepbos, Lepalb, Lamsp., Isopyr, Inssp8, Inssp7, Inssp5, Insp12, Insp11, Insp10, Hypsav, gril, Eupsp, Eptser, Eptnil, Epheph, Decalb, Cyrscu, Cympud, criq, Confus, Tetarg, Barfis, Barbar, Antsp, amph;"""";"""";"""";""""
Car640380-2026-Pass2-Z1-PaRecPR1925492_20260422_231029_000;0.0;0.2;154.0;noise;0.97;"""";"""";"""";"""";""""
Car640380-2026-Pass2-Z1-PaRecPR1925492_20260422_231030_000;0.3;3.6;14.0;Tetvir;0.02;Phogri, Yposp, Yerray, Yerbey, Vesmur, Urosp, Tyllil, Thycor, Tetpyg, Tetarg, Testes, Tadten, Sepsep, Rusnit, Roeroe, Rhihip, Rhifer, Rhieur, Rhasp, Ratnor, Plemac, Pleaus, Pleaur, Plasab, Plaint, Plafal, Plaalb, Plaaff, Pippyg, Pippip, Pipnat, Pipkuh, piaf, Phofem, Phanan, Phafal, Nycnoc, Nyclei, Nyclas, Myonat, Myomys, MyoGT, Myoema, Myodau, Myogla, Myocap, Myobec, Myoalc, Mussp, Minsch, Mimasp, Micagr, Metbra, mamm, Leppun, Lepbos, Lepalb, Lamsp., Isopyr, Inssp8, Inssp7, Inssp5, Insp12, Insp11, Insp10, Hypsav, gril, Eupsp, Eptser, Eptnil, Epheph, Decalb, Cyrscu, Cympud, criq, Confus, Tetarg, Barfis, Barbar, Antsp, amph;"""";"""";"""";""""
Car640380-2026-Pass2-Z1-PaRecPR1925492_20260422_231030_000;0.4;5.0;153.0;noise;0.62;"""";"""";"""";"""";""""
Car640380-2026-Pass2-Z1-PaRecPR1925492_20260422_231030_000;1.7;1.9;11.0;Tetvir;0.02;Tadten, Pipkuh, Yposp, Yerray, Yerbey, Vesmur, Urosp, Tyllil, Thycor, Tetpyg, Tetarg, Testes, Sepsep, Rusnit, Roeroe, Rhihip, Rhifer, Rhieur, Rhasp, Ratnor, Plemac, Pleaus, Pleaur, Plasab, Plaint, Plafal, Plaalb, Plaaff, Pippyg, Pippip, Pipnat, piaf, Phofem, Phanan, Phafal, Nycnoc, Nyclei, Nyclas, Myonat, Myomys, MyoGT, Myoema, Myodau, Myogla, Myocap, Myobec, Myoalc, Mussp, Minsch, Mimasp, Micagr, Metbra, mamm, Leppun, Lepbos, Lepalb, Lamsp., Isopyr, Inssp8, Inssp7, Inssp5, Insp12, Insp11, Insp10, Hypsav, gril, Eupsp, Eptser, Eptnil, Epheph, Decalb, Cyrscu, Cympud, criq, Confus, Tetarg, Barfis, Barbar, Antsp, amph;"""";"""";"""";""""
Car640380-2026-Pass2-Z1-PaRecPR1925492_20260422_231035_000;0.0;0.2;153.0;noise;0.97;"""";"""";"""";"""";""""
Car640380-2026-Pass2-Z1-PaRecPR1925492_20260422_231040_000;0.3;2.1;153.0;noise;0.96;"""";"""";"""";"""";""""
Car640380-2026-Pass2-Z1-PaRecPR1925492_20260422_231042_000;0.4;2.4;153.0;noise;0.94;"""";"""";"""";"""";""""
Car640380-2026-Pass2-Z1-PaRecPR1925492_20260422_231042_000;0.4;0.5;14.0;Phogri;0.07;"""";"""";"""";"""";""""
Car640380-2026-Pass2-Z1-PaRecPR1925492_20260422_231042_000;0.3;0.5;11.0;piaf;0.04;Tetvir;"""";"""";"""";""""
Car640380-2026-Pass2-Z1-PaRecPR1925492_20260422_231052_000;0.3;2.1;153.0;noise;0.97;"""";"""";"""";"""";""""
Car640380-2026-Pass2-Z1-PaRecPR1925492_20260422_231052_000;0.4;0.5;14.0;Phanan;0.03;Tetvir, Pippip, Phogri;"""";"""";"""";""""
Car640380-2026-Pass2-Z1-PaRecPR1925492_20260422_231052_000;0.3;0.5;10.0;piaf;0.05;"""";"""";"""";"""";""""
Car640380-2026-Pass2-Z1-PaRecPR1925492_20260422_231055_000;0.1;3.2;19.0;noise;0.86;"""";"""";"""";"""";""""
Car640380-2026-Pass2-Z1-PaRecPR1925492_20260422_231055_000;2.0;2.2;10.0;Nyclei;0.14;"""";"""";"""";"""";""""
Car640380-2026-Pass2-Z1-PaRecPR1925492_20260422_231055_000;0.4;2.2;14.0;Phogri;0.03;Phanan, Tetvir, Pippip;"""";"""";"""";""""
Car640380-2026-Pass2-Z1-PaRecPR1925492_20260422_231055_000;0.4;4.0;154.0;Rhihip;0.07;"""";"""";"""";"""";""""
Car640380-2026-Pass2-Z1-PaRecPR1925492_20260422_231100_000;0.3;5.0;153.0;noise;0.96;"""";"""";"""";"""";""""
Car640380-2026-Pass2-Z1-PaRecPR1925492_20260422_231100_000;0.3;3.7;14.0;Tadten;0.05;"""";"""";"""";"""";""""
Car640380-2026-Pass2-Z1-PaRecPR1925492_20260422_231105_000;0.0;5.0;153.0;noise;0.94;"""";"""";"""";"""";""""
Car640380-2026-Pass2-Z1-PaRecPR1925492_20260422_231105_000;0.2;0.3;14.0;Phogri;0.04;Tetvir, Tadten, Pipkuh;"""";"""";"""";""""
Car640380-2026-Pass2-Z1-PaRecPR1925492_20260422_231110_000;0.0;2.7;153.0;noise;0.95;"""";"""";"""";"""";""""
Car640380-2026-Pass2-Z1-PaRecPR1925492_20260422_231117_000;0.0;4.9;77.0;noise;0.69;"""";"""";"""";"""";""""
Car640380-2026-Pass2-Z1-PaRecPR1925492_20260422_231117_000;0.3;5.0;153.0;Rusnit;0.05;"""";"""";"""";"""";""""
Car640380-2026-Pass2-Z1-PaRecPR1925492_20260422_231117_000;0.3;4.4;14.0;Phogri;0.03;Tetvir, Tadten, piaf, Phanan;"""";"""";"""";""""
Car640380-2026-Pass2-Z1-PaRecPR1925492_20260422_231122_000;0.0;2.7;153.0;noise;0.89;"""";"""";"""";"""";""""
Car640380-2026-Pass2-Z1-PaRecPR1925492_20260422_231122_000;0.7;0.9;11.0;Tadten;0.04;Pipkuh, Nyclei;"""";"""";"""";""""
Car640380-2026-Pass2-Z1-PaRecPR1925492_20260422_231126_000;0.4;4.1;14.0;noise;0.77;"""";"""";"""";"""";""""
Car640380-2026-Pass2-Z1-PaRecPR1925492_20260422_231126_000;0.1;5.0;154.0;Rhihip;0.27;"""";"""";"""";"""";""""
Car640380-2026-Pass2-Z1-PaRecPR1925492_20260422_231131_000;0.0;2.1;153.0;noise;0.96;"""";"""";"""";"""";""""
Car640380-2026-Pass2-Z1-PaRecPR1925492_20260422_231131_000;0.0;0.2;14.0;Tetvir;0.02;Pipkuh, Nyclei, Yposp, Yerray, Yerbey, Vesmur, Urosp, Tyllil, Thycor, Tetpyg, Tetarg, Testes, Tadten, Sepsep, Rusnit, Roeroe, Rhihip, Rhifer, Rhieur, Rhasp, Ratnor, Plemac, Pleaus, Pleaur, Plasab, Plaint, Plafal, Plaalb, Plaaff, Pippyg, Pippip, Pipnat, piaf, Phogri, Phofem, Phanan, Phafal, Nycnoc, Nyclas, Myonat, Myomys, MyoGT, Myoema, Myodau, Myogla, Myocap, Myobec, Myoalc, Mussp, Minsch, Mimasp, Micagr, Metbra, mamm, Leppun, Lepbos, Lepalb, Lamsp., Isopyr, Inssp8, Inssp7, Inssp5, Insp12, Insp11, Insp10, Hypsav, gril, Eupsp, Eptser, Eptnil, Epheph, Decalb, Cyrscu, Cympud, criq, Confus, Tetarg, Barfis, Barbar, Antsp, amph;"""";"""";"""";""""
Car640380-2026-Pass2-Z1-PaRecPR1925492_20260422_231205_000;0.3;2.1;153.0;noise;0.93;"""";"""";"""";"""";""""
Car640380-2026-Pass2-Z1-PaRecPR1925492_20260422_231205_000;0.4;0.5;14.0;Phogri;0.06;Tetvir;"""";"""";"""";""""
Car640380-2026-Pass2-Z1-PaRecPR1925492_20260422_231211_000;0.4;5.0;153.0;noise;0.98;"""";"""";"""";"""";""""
Car640380-2026-Pass2-Z1-PaRecPR1925492_20260422_231211_000;0.0;5.0;100.0;Pippip;0.97;"""";"""";"""";"""";""""
Car640380-2026-Pass2-Z1-PaRecPR1925492_20260422_231216_000;0.0;2.0;154.0;noise;0.88;"""";"""";"""";"""";""""
Car640380-2026-Pass2-Z1-PaRecPR1925492_20260422_231216_000;0.0;1.9;52.0;Pippip;0.98;"""";"""";"""";"""";""""
Car640380-2026-Pass2-Z1-PaRecPR1925492_20260422_231221_000;0.3;2.0;154.0;noise;0.91;"""";"""";"""";"""";""""
Car640380-2026-Pass2-Z1-PaRecPR1925492_20260422_231259_000;0.4;3.9;153.0;noise;0.89;"""";"""";"""";"""";""""
Car640380-2026-Pass2-Z1-PaRecPR1925492_20260422_231259_000;0.3;0.5;11.0;Nyclei;0.11;"""";"""";"""";"""";""""
Car640380-2026-Pass2-Z1-PaRecPR1925492_20260422_231259_000;2.0;2.2;13.0;Phogri;0.1;"""";"""";"""";"""";""""
Car640380-2026-Pass2-Z1-PaRecPR1925492_20260422_231303_000;0.0;2.2;153.0;noise;0.95;"""";"""";"""";"""";""""
Car640380-2026-Pass2-Z1-PaRecPR1925492_20260422_231303_000;0.1;0.3;11.0;piaf;0.11;"""";"""";"""";"""";""""
Car640380-2026-Pass2-Z1-PaRecPR1925492_20260422_231309_000;0.1;4.9;153.0;noise;0.87;"""";"""";"""";"""";""""
Car640380-2026-Pass2-Z1-PaRecPR1925492_20260422_231309_000;0.3;4.7;12.0;Tadten;0.03;Tetvir, Pippip, Pipkuh, piaf, Phogri, Phanan, Nyclei;"""";"""";"""";""""
Car640380-2026-Pass2-Z1-PaRecPR1925492_20260422_231314_000;0.0;3.4;153.0;noise;0.96;"""";"""";"""";"""";""""
Car640380-2026-Pass2-Z1-PaRecPR1925492_20260422_231314_000;1.4;1.5;13.0;piaf;0.03;Tetvir, Phogri;"""";"""";"""";""""
Car640380-2026-Pass2-Z1-PaRecPR1925492_20260422_231321_000;0.3;5.0;153.0;noise;0.92;"""";"""";"""";"""";""""
Car640380-2026-Pass2-Z1-PaRecPR1925492_20260422_231321_000;0.3;4.5;12.0;Tadten;0.04;Tetvir, Pipkuh, piaf, Phogri;"""";"""";"""";""""
Car640380-2026-Pass2-Z1-PaRecPR1925492_20260422_231326_000;0.0;1.4;154.0;noise;0.95;"""";"""";"""";"""";""""
Car640380-2026-Pass2-Z1-PaRecPR1925492_20260422_231334_000;0.3;4.9;18.0;Tetvir;0.04;Pippip, Phogri;"""";"""";"""";""""
Car640380-2026-Pass2-Z1-PaRecPR1925492_20260422_231334_000;0.4;5.0;154.0;noise;0.41;"""";"""";"""";"""";""""
Car640380-2026-Pass2-Z1-PaRecPR1925492_20260422_231334_000;0.3;5.0;11.0;Pippip;0.02;Phogri, Yposp, Yerray, Yerbey, Vesmur, Urosp, Tyllil, Thycor, Tetpyg, Tetarg, Testes, Tadten, Sepsep, Rusnit, Roeroe, Rhihip, Rhifer, Rhieur, Rhasp, Ratnor, Plemac, Pleaus, Pleaur, Plasab, Plaint, Plafal, Plaalb, Plaaff, Pippyg, Pipnat, Pipkuh, piaf, Phofem, Phanan, Phafal, Nycnoc, Nyclei, Nyclas, Myonat, Myomys, MyoGT, Myoema, Myodau, Myogla, Myocap, Myobec, Myoalc, Mussp, Minsch, Mimasp, Micagr, Metbra, mamm, Leppun, Lepbos, Lepalb, Lamsp., Isopyr, Inssp8, Inssp7, Inssp5, Insp12, Insp11, Insp10, Hypsav, gril, Eupsp, Eptser, Eptnil, Epheph, Decalb, Cyrscu, Cympud, criq, Confus, Tetarg, Barfis, Barbar, Antsp, amph;"""";"""";"""";""""
Car640380-2026-Pass2-Z1-PaRecPR1925492_20260422_231339_000;0.0;5.0;153.0;noise;0.94;"""";"""";"""";"""";""""
Car640380-2026-Pass2-Z1-PaRecPR1925492_20260422_231339_000;0.0;3.8;12.0;Tadten;0.03;Tetvir, Pipkuh, piaf;"""";"""";"""";""""
Car640380-2026-Pass2-Z1-PaRecPR1925492_20260422_231344_000;0.0;0.7;154.0;noise;0.95;"""";"""";"""";"""";""""
Car640380-2026-Pass2-Z1-PaRecPR1925492_20260422_231347_000;0.4;3.4;153.0;noise;0.91;"""";"""";"""";"""";""""
Car640380-2026-Pass2-Z1-PaRecPR1925492_20260422_231347_000;0.3;1.5;14.0;Tadten;0.03;Tetvir, Pipkuh, Phogri, Phanan, Nyclei;"""";"""";"""";""""
Car640380-2026-Pass2-Z1-PaRecPR1925492_20260422_231414_000;0.1;5.0;34.0;Eptser;0.92;"""";"""";"""";"""";""""
Car640380-2026-Pass2-Z1-PaRecPR1925492_20260422_231414_000;0.0;4.9;153.0;noise;0.94;"""";"""";"""";"""";""""
Car640380-2026-Pass2-Z1-PaRecPR1925492_20260422_231414_000;0.0;5.0;93.0;Pippip;0.9;"""";"""";"""";"""";""""
Car640380-2026-Pass2-Z1-PaRecPR1925492_20260422_231419_000;0.0;5.0;154.0;noise;0.92;"""";"""";"""";"""";""""
Car640380-2026-Pass2-Z1-PaRecPR1925492_20260422_231419_000;0.1;4.6;29.0;Nyclei;0.99;"""";"""";"""";"""";""""
Car640380-2026-Pass2-Z1-PaRecPR1925492_20260422_231419_000;0.0;3.7;52.0;Pippip;0.88;"""";"""";"""";"""";""""
Car640380-2026-Pass2-Z1-PaRecPR1925492_20260422_231424_000;0.0;2.2;154.0;noise;0.98;"""";"""";"""";"""";""""
Car640380-2026-Pass2-Z1-PaRecPR1925492_20260422_231424_000;0.2;0.3;25.0;Nyclei;0.98;"""";"""";"""";"""";""""
Car640380-2026-Pass2-Z1-PaRecPR1925492_20260422_231457_000;0.4;5.0;154.0;noise;0.97;"""";"""";"""";"""";""""
Car640380-2026-Pass2-Z1-PaRecPR1925492_20260422_231457_000;0.0;5.0;52.0;Pippip;0.98;"""";"""";"""";"""";""""
Car640380-2026-Pass2-Z1-PaRecPR1925492_20260422_231502_000;0.0;2.9;153.0;noise;0.98;"""";"""";"""";"""";""""
Car640380-2026-Pass2-Z1-PaRecPR1925492_20260422_231502_000;0.0;2.9;45.0;Pippip;0.98;"""";"""";"""";"""";""""
Car640380-2026-Pass2-Z1-PaRecPR1925492_20260422_231528_000;0.4;5.0;153.0;noise;0.96;"""";"""";"""";"""";""""
Car640380-2026-Pass2-Z1-PaRecPR1925492_20260422_231528_000;0.0;5.0;76.0;Pippip;0.99;"""";"""";"""";"""";""""
Car640380-2026-Pass2-Z1-PaRecPR1925492_20260422_231533_000;0.0;5.0;153.0;noise;0.97;"""";"""";"""";"""";""""
Car640380-2026-Pass2-Z1-PaRecPR1925492_20260422_231533_000;0.0;5.0;98.0;Pippip;0.96;"""";"""";"""";"""";""""
Car640380-2026-Pass2-Z1-PaRecPR1925492_20260422_231538_000;0.4;3.3;52.0;noise;0.8;"""";"""";"""";"""";""""
Car640380-2026-Pass2-Z1-PaRecPR1925492_20260422_231538_000;0.0;4.2;58.0;Pippip;0.98;"""";"""";"""";"""";""""
Car640380-2026-Pass2-Z1-PaRecPR1925492_20260422_231538_000;0.0;4.3;153.0;Rhihip;0.08;"""";"""";"""";"""";""""
Car640380-2026-Pass2-Z1-PaRecPR1925492_20260422_231603_000;0.4;2.1;153.0;noise;0.9;"""";"""";"""";"""";""""
Car640380-2026-Pass2-Z1-PaRecPR1925492_20260422_231603_000;0.3;0.7;27.0;Nyclei;0.96;"""";"""";"""";"""";""""
Car640380-2026-Pass2-Z1-PaRecPR1925492_20260422_231608_000;0.4;4.3;153.0;noise;0.85;"""";"""";"""";"""";""""
Car640380-2026-Pass2-Z1-PaRecPR1925492_20260422_231608_000;0.3;3.9;26.0;Nyclei;0.99;"""";"""";"""";"""";""""
Car640380-2026-Pass2-Z1-PaRecPR1925492_20260422_231613_000;0.4;2.1;153.0;noise;0.9;"""";"""";"""";"""";""""
Car640380-2026-Pass2-Z1-PaRecPR1925492_20260422_231613_000;0.3;1.1;25.0;Nyclei;0.99;"""";"""";"""";"""";""""
Car640380-2026-Pass2-Z1-PaRecPR1925492_20260422_231613_000;0.0;0.1;48.0;Pippip;0.61;"""";"""";"""";"""";""""
Car640380-2026-Pass2-Z1-PaRecPR1925492_20260422_231620_000;0.4;2.1;154.0;noise;0.91;"""";"""";"""";"""";""""
Car640380-2026-Pass2-Z1-PaRecPR1925492_20260422_231620_000;0.3;0.7;23.0;Nyclei;0.99;"""";"""";"""";"""";""""
Car640380-2026-Pass2-Z1-PaRecPR1925492_20260422_231624_000;0.4;2.9;153.0;noise;0.97;"""";"""";"""";"""";""""
Car640380-2026-Pass2-Z1-PaRecPR1925492_20260422_231624_000;0.3;2.1;23.0;Nyclei;0.99;"""";"""";"""";"""";""""
Car640380-2026-Pass2-Z1-PaRecPR1925492_20260422_231629_000;0.0;2.7;154.0;noise;0.87;"""";"""";"""";"""";""""
Car640380-2026-Pass2-Z1-PaRecPR1925492_20260422_231629_000;0.3;1.8;23.0;Nyclei;0.99;"""";"""";"""";"""";""""
Car640380-2026-Pass2-Z1-PaRecPR1925492_20260422_231646_000;0.4;3.9;153.0;noise;0.85;"""";"""";"""";"""";""""
Car640380-2026-Pass2-Z1-PaRecPR1925492_20260422_231646_000;0.3;2.0;25.0;Nyclei;0.99;"""";"""";"""";"""";""""
Car640380-2026-Pass2-Z1-PaRecPR1925492_20260422_231651_000;0.3;1.0;30.0;Eptser;0.7;"""";"""";"""";"""";""""
Car640380-2026-Pass2-Z1-PaRecPR1925492_20260422_231651_000;0.4;2.4;154.0;noise;0.94;"""";"""";"""";"""";""""
Car640380-2026-Pass2-Z1-PaRecPR1925492_20260422_231713_000;0.4;2.9;48.0;noise;0.71;"""";"""";"""";"""";""""
Car640380-2026-Pass2-Z1-PaRecPR1925492_20260422_231713_000;0.0;1.1;52.0;Pippip;0.21;"""";"""";"""";"""";""""
Car640380-2026-Pass2-Z1-PaRecPR1925492_20260422_231713_000;0.6;1.6;42.0;Testes;0.04;Yposp, Inssp7, Tetvir, Pipkuh, Leppun;"""";"""";"""";""""
Car640380-2026-Pass2-Z1-PaRecPR1925492_20260422_231838_000;0.4;4.9;153.0;noise;0.88;"""";"""";"""";"""";""""
Car640380-2026-Pass2-Z1-PaRecPR1925492_20260422_231838_000;0.4;4.6;26.0;Nyclei;0.99;"""";"""";"""";"""";""""
Car640380-2026-Pass2-Z1-PaRecPR1925492_20260422_231838_000;0.4;4.9;137.0;Rhifer;0.76;"""";"""";"""";"""";""""
Car640380-2026-Pass2-Z1-PaRecPR1925492_20260422_231843_000;0.0;1.5;153.0;noise;0.96;"""";"""";"""";"""";""""
Car640380-2026-Pass2-Z1-PaRecPR1925492_20260422_231843_000;0.0;1.0;30.0;Nyclei;0.51;"""";"""";"""";"""";""""
Car640380-2026-Pass2-Z1-PaRecPR1925492_20260422_231844_000;0.0;2.1;154.0;noise;0.87;"""";"""";"""";"""";""""
Car640380-2026-Pass2-Z1-PaRecPR1925492_20260422_231844_000;0.0;0.4;28.0;Nyclei;0.98;"""";"""";"""";"""";""""
Car640380-2026-Pass2-Z1-PaRecPR1925492_20260422_231900_000;0.4;2.1;153.0;noise;0.85;"""";"""";"""";"""";""""
Car640380-2026-Pass2-Z1-PaRecPR1925492_20260422_231900_000;0.1;1.9;28.0;Nyclei;0.99;"""";"""";"""";"""";""""
Car640380-2026-Pass2-Z1-PaRecPR1925492_20260422_231909_000;0.0;2.0;102.0;Rhihip;0.98;"""";"""";"""";"""";""""
Car640380-2026-Pass2-Z1-PaRecPR1925492_20260422_232036_000;1.2;2.8;21.0;noise;0.51;"""";"""";"""";"""";""""
Car640380-2026-Pass2-Z1-PaRecPR1925492_20260422_232036_000;0.3;2.9;30.0;Nyclei;0.92;"""";"""";"""";"""";""""
Car640380-2026-Pass2-Z1-PaRecPR1925492_20260422_232036_000;0.3;5.0;77.0;Pippip;0.89;"""";"""";"""";"""";""""
Car640380-2026-Pass2-Z1-PaRecPR1925492_20260422_232036_000;0.3;4.9;153.0;Rhihip;0.09;"""";"""";"""";"""";""""
Car640380-2026-Pass2-Z1-PaRecPR1925492_20260422_232041_000;0.0;4.9;153.0;noise;0.93;"""";"""";"""";"""";""""
Car640380-2026-Pass2-Z1-PaRecPR1925492_20260422_232041_000;1.9;3.6;27.0;Nyclei;0.99;"""";"""";"""";"""";""""
Car640380-2026-Pass2-Z1-PaRecPR1925492_20260422_232041_000;0.0;4.5;100.0;Pippip;0.97;"""";"""";"""";"""";""""
Car640380-2026-Pass2-Z1-PaRecPR1925492_20260422_232047_000;0.4;5.0;153.0;noise;0.93;"""";"""";"""";"""";""""
Car640380-2026-Pass2-Z1-PaRecPR1925492_20260422_232047_000;0.0;4.9;65.0;Pippip;0.98;"""";"""";"""";"""";""""
Car640380-2026-Pass2-Z1-PaRecPR1925492_20260422_232052_000;0.1;1.4;153.0;noise;0.97;"""";"""";"""";"""";""""
Car640380-2026-Pass2-Z1-PaRecPR1925492_20260422_232052_000;0.0;0.1;51.0;Pippip;0.54;"""";"""";"""";"""";""""
Car640380-2026-Pass2-Z1-PaRecPR1925492_20260422_232055_000;0.4;3.8;153.0;noise;0.87;"""";"""";"""";"""";""""
Car640380-2026-Pass2-Z1-PaRecPR1925492_20260422_232055_000;0.3;2.3;26.0;Nyclei;0.99;"""";"""";"""";"""";""""
Car640380-2026-Pass2-Z1-PaRecPR1925492_20260422_232156_000;0.4;5.0;153.0;noise;0.86;"""";"""";"""";"""";""""
Car640380-2026-Pass2-Z1-PaRecPR1925492_20260422_232156_000;0.3;4.8;26.0;Nyclei;0.97;"""";"""";"""";"""";""""
Car640380-2026-Pass2-Z1-PaRecPR1925492_20260422_232201_000;0.1;2.1;154.0;noise;0.94;"""";"""";"""";"""";""""
Car640380-2026-Pass2-Z1-PaRecPR1925492_20260422_232201_000;0.0;2.1;29.0;Nyclei;0.98;"""";"""";"""";"""";""""
Car640380-2026-Pass2-Z1-PaRecPR1925492_20260422_232208_000;0.0;2.1;153.0;noise;0.95;"""";"""";"""";"""";""""
Car640380-2026-Pass2-Z1-PaRecPR1925492_20260422_232208_000;0.3;1.0;29.0;Nyclei;0.96;"""";"""";"""";"""";""""
Car640380-2026-Pass2-Z1-PaRecPR1925492_20260422_232212_000;0.4;3.5;153.0;noise;0.94;"""";"""";"""";"""";""""
Car640380-2026-Pass2-Z1-PaRecPR1925492_20260422_232212_000;0.3;2.8;15.0;Tadten;0.1;"""";"""";"""";"""";""""
Car640380-2026-Pass2-Z1-PaRecPR1925492_20260422_232216_000;0.3;4.9;154.0;noise;0.93;"""";"""";"""";"""";""""
Car640380-2026-Pass2-Z1-PaRecPR1925492_20260422_232216_000;0.0;5.0;89.0;Pippip;0.97;"""";"""";"""";"""";""""
Car640380-2026-Pass2-Z1-PaRecPR1925492_20260422_232221_000;0.0;5.0;154.0;noise;0.96;"""";"""";"""";"""";""""
Car640380-2026-Pass2-Z1-PaRecPR1925492_20260422_232221_000;0.0;4.9;48.0;Pippip;0.98;"""";"""";"""";"""";""""
Car640380-2026-Pass2-Z1-PaRecPR1925492_20260422_232226_000;0.0;0.1;154.0;noise;0.95;"""";"""";"""";"""";""""
Car640380-2026-Pass2-Z1-PaRecPR1925492_20260422_232236_000;0.4;5.0;153.0;noise;0.94;"""";"""";"""";"""";""""
Car640380-2026-Pass2-Z1-PaRecPR1925492_20260422_232236_000;0.0;5.0;92.0;Pippip;0.97;"""";"""";"""";"""";""""
Car640380-2026-Pass2-Z1-PaRecPR1925492_20260422_232241_000;0.1;4.3;153.0;noise;0.98;"""";"""";"""";"""";""""
Car640380-2026-Pass2-Z1-PaRecPR1925492_20260422_232241_000;0.0;3.7;86.0;Pippip;0.97;"""";"""";"""";"""";""""
Car640380-2026-Pass2-Z1-PaRecPR1925492_20260422_232249_000;0.4;5.0;153.0;noise;0.98;"""";"""";"""";"""";""""
Car640380-2026-Pass2-Z1-PaRecPR1925492_20260422_232249_000;0.0;5.0;103.0;Pippip;0.9;"""";"""";"""";"""";""""
Car640380-2026-Pass2-Z1-PaRecPR1925492_20260422_232254_000;0.1;4.8;154.0;noise;0.95;"""";"""";"""";"""";""""
Car640380-2026-Pass2-Z1-PaRecPR1925492_20260422_232254_000;0.0;4.4;77.0;Pippip;0.98;"""";"""";"""";"""";""""
Car640380-2026-Pass2-Z1-PaRecPR1925492_20260422_232306_000;0.0;5.0;153.0;noise;0.96;"""";"""";"""";"""";""""
Car640380-2026-Pass2-Z1-PaRecPR1925492_20260422_232306_000;0.0;5.0;77.0;Pippip;0.94;"""";"""";"""";"""";""""
Car640380-2026-Pass2-Z1-PaRecPR1925492_20260422_232311_000;0.1;5.0;153.0;noise;0.98;"""";"""";"""";"""";""""
Car640380-2026-Pass2-Z1-PaRecPR1925492_20260422_232311_000;0.0;5.0;100.0;Pippip;0.95;"""";"""";"""";"""";""""
Car640380-2026-Pass2-Z1-PaRecPR1925492_20260422_232316_000;0.0;4.3;154.0;noise;0.95;"""";"""";"""";"""";""""
Car640380-2026-Pass2-Z1-PaRecPR1925492_20260422_232316_000;0.0;4.2;57.0;Pippip;0.99;"""";"""";"""";"""";""""
Car640380-2026-Pass2-Z1-PaRecPR1925492_20260422_232325_000;0.1;2.1;154.0;noise;0.91;"""";"""";"""";"""";""""
Car640380-2026-Pass2-Z1-PaRecPR1925492_20260422_232325_000;0.6;1.8;51.0;Pippip;0.99;"""";"""";"""";"""";""""
Car640380-2026-Pass2-Z1-PaRecPR1925492_20260422_232338_000;0.4;3.8;153.0;noise;0.89;"""";"""";"""";"""";""""
Car640380-2026-Pass2-Z1-PaRecPR1925492_20260422_232338_000;0.2;3.6;54.0;Pippip;0.64;"""";"""";"""";"""";""""
Car640380-2026-Pass2-Z1-PaRecPR1925492_20260422_232345_000;0.4;2.9;153.0;noise;0.93;"""";"""";"""";"""";""""
Car640380-2026-Pass2-Z1-PaRecPR1925492_20260422_232345_000;0.0;2.9;52.0;Pippip;0.97;"""";"""";"""";"""";""""
Car640380-2026-Pass2-Z1-PaRecPR1925492_20260422_232350_000;0.4;3.2;153.0;noise;0.97;"""";"""";"""";"""";""""
Car640380-2026-Pass2-Z1-PaRecPR1925492_20260422_232350_000;0.0;3.3;53.0;Pippip;0.99;"""";"""";"""";"""";""""
Car640380-2026-Pass2-Z1-PaRecPR1925492_20260422_232355_000;0.0;0.1;29.0;Leppun;0.07;"""";"""";"""";"""";""""
Car640380-2026-Pass2-Z1-PaRecPR1925492_20260422_232355_000;0.0;5.0;153.0;noise;0.96;"""";"""";"""";"""";""""
Car640380-2026-Pass2-Z1-PaRecPR1925492_20260422_232355_000;0.0;5.0;55.0;Pippip;0.97;"""";"""";"""";"""";""""
Car640380-2026-Pass2-Z1-PaRecPR1925492_20260422_232400_000;0.1;5.0;154.0;noise;0.96;"""";"""";"""";"""";""""
Car640380-2026-Pass2-Z1-PaRecPR1925492_20260422_232400_000;0.0;4.7;54.0;Pippip;0.96;"""";"""";"""";"""";""""
Car640380-2026-Pass2-Z1-PaRecPR1925492_20260422_232405_000;0.0;5.0;153.0;noise;0.94;"""";"""";"""";"""";""""
Car640380-2026-Pass2-Z1-PaRecPR1925492_20260422_232405_000;0.0;5.0;54.0;Pippip;0.99;"""";"""";"""";"""";""""
Car640380-2026-Pass2-Z1-PaRecPR1925492_20260422_232410_000;0.1;3.2;154.0;noise;0.96;"""";"""";"""";"""";""""
Car640380-2026-Pass2-Z1-PaRecPR1925492_20260422_232410_000;0.0;3.2;54.0;Pippip;0.99;"""";"""";"""";"""";""""
Car640380-2026-Pass2-Z1-PaRecPR1925492_20260422_232413_000;0.4;3.3;153.0;noise;0.85;"""";"""";"""";"""";""""
Car640380-2026-Pass2-Z1-PaRecPR1925492_20260422_232413_000;0.0;3.2;54.0;Pippip;0.99;"""";"""";"""";"""";""""
Car640380-2026-Pass2-Z1-PaRecPR1925492_20260422_232420_000;0.4;2.0;154.0;noise;0.95;"""";"""";"""";"""";""""
Car640380-2026-Pass2-Z1-PaRecPR1925492_20260422_232420_000;0.0;1.3;53.0;Pippip;0.99;"""";"""";"""";"""";""""
Car640380-2026-Pass2-Z1-PaRecPR1925492_20260422_232436_000;2.4;2.6;39.0;Yerray;0.1;"""";"""";"""";"""";""""
Car640380-2026-Pass2-Z1-PaRecPR1925492_20260422_232436_000;0.4;5.0;154.0;noise;0.88;"""";"""";"""";"""";""""
Car640380-2026-Pass2-Z1-PaRecPR1925492_20260422_232436_000;0.0;4.9;63.0;Pippip;0.97;"""";"""";"""";"""";""""
Car640380-2026-Pass2-Z1-PaRecPR1925492_20260422_232500_000;0.4;1.8;153.0;noise;0.94;"""";"""";"""";"""";""""
Car640380-2026-Pass2-Z1-PaRecPR1925492_20260422_232500_000;0.3;0.5;17.0;Tadten;0.03;Pippip, Pipkuh;"""";"""";"""";""""
Car640380-2026-Pass2-Z1-PaRecPR1925492_20260422_232501_000;0.0;4.9;153.0;noise;0.81;"""";"""";"""";"""";""""
Car640380-2026-Pass2-Z1-PaRecPR1925492_20260422_232501_000;0.1;3.1;14.0;Phanan;0.06;Phogri;"""";"""";"""";""""
Car640380-2026-Pass2-Z1-PaRecPR1925492_20260422_232518_000;0.5;2.3;76.0;noise;0.8;"""";"""";"""";"""";""""
Car640380-2026-Pass2-Z1-PaRecPR1925492_20260422_232518_000;0.3;3.0;14.0;Nyclei;0.33;"""";"""";"""";"""";""""
Car640380-2026-Pass2-Z1-PaRecPR1925492_20260422_232518_000;1.8;1.9;15.0;Phanan;0.04;Tetvir, Pippip, Phogri;"""";"""";"""";""""
Car640380-2026-Pass2-Z1-PaRecPR1925492_20260422_232518_000;0.1;4.8;154.0;Rhihip;0.09;"""";"""";"""";"""";""""
Car640380-2026-Pass2-Z1-PaRecPR1925492_20260422_232538_000;0.4;2.0;154.0;noise;0.98;"""";"""";"""";"""";""""
Car640380-2026-Pass2-Z1-PaRecPR1925492_20260422_232538_000;0.4;0.5;15.0;Phanan;0.07;"""";"""";"""";"""";""""
Car640380-2026-Pass2-Z1-PaRecPR1925492_20260422_232538_000;0.3;0.5;12.0;Tadten;0.03;Tetvir, Pipkuh, piaf, Nyclei;"""";"""";"""";""""
Car640380-2026-Pass2-Z1-PaRecPR1925492_20260422_232545_000;0.4;2.0;153.0;noise;0.85;"""";"""";"""";"""";""""
Car640380-2026-Pass2-Z1-PaRecPR1925492_20260422_232545_000;0.3;2.1;15.0;Tadten;0.46;"""";"""";"""";"""";""""
Car640380-2026-Pass2-Z1-PaRecPR1925492_20260422_232550_000;0.0;3.5;153.0;noise;0.85;"""";"""";"""";"""";""""
Car640380-2026-Pass2-Z1-PaRecPR1925492_20260422_232550_000;0.3;1.6;14.0;Tadten;0.03;Tetvir, Pipkuh, piaf, Phogri, Nyclei;"""";"""";"""";""""
Car640380-2026-Pass2-Z1-PaRecPR1925492_20260422_232627_000;0.1;3.0;153.0;noise;0.82;"""";"""";"""";"""";""""
Car640380-2026-Pass2-Z1-PaRecPR1925492_20260422_232627_000;0.1;1.1;29.0;Nyclei;0.94;"""";"""";"""";"""";""""
Car640380-2026-Pass2-Z1-PaRecPR1925492_20260422_232645_000;0.1;3.8;153.0;noise;0.88;"""";"""";"""";"""";""""
Car640380-2026-Pass2-Z1-PaRecPR1925492_20260422_232645_000;0.3;2.9;26.0;Nyclei;0.99;"""";"""";"""";"""";""""
Car640380-2026-Pass2-Z1-PaRecPR1925492_20260422_232650_000;0.1;5.0;153.0;noise;0.82;"""";"""";"""";"""";""""
Car640380-2026-Pass2-Z1-PaRecPR1925492_20260422_232650_000;0.3;4.8;27.0;Nyclei;0.97;"""";"""";"""";"""";""""
Car640380-2026-Pass2-Z1-PaRecPR1925492_20260422_232655_000;0.0;2.4;153.0;noise;0.94;"""";"""";"""";"""";""""
Car640380-2026-Pass2-Z1-PaRecPR1925492_20260422_232655_000;0.3;2.3;27.0;Nyclei;0.99;"""";"""";"""";"""";""""
Car640380-2026-Pass2-Z1-PaRecPR1925492_20260422_232704_000;0.3;5.0;153.0;noise;0.79;"""";"""";"""";"""";""""
Car640380-2026-Pass2-Z1-PaRecPR1925492_20260422_232704_000;0.3;5.0;28.0;Nyclei;0.99;"""";"""";"""";"""";""""
Car640380-2026-Pass2-Z1-PaRecPR1925492_20260422_232709_000;0.0;4.5;28.0;Nyclei;0.99;"""";"""";"""";"""";""""
Car640380-2026-Pass2-Z1-PaRecPR1925492_20260422_232709_000;0.0;5.0;153.0;noise;0.5;"""";"""";"""";"""";""""
Car640380-2026-Pass2-Z1-PaRecPR1925492_20260422_232714_000;0.0;1.4;154.0;noise;0.9;"""";"""";"""";"""";""""
Car640380-2026-Pass2-Z1-PaRecPR1925492_20260422_232714_000;0.2;0.3;27.0;Nyclei;0.47;"""";"""";"""";"""";""""
Car640380-2026-Pass2-Z1-PaRecPR1925492_20260422_232747_000;0.4;5.0;153.0;noise;0.93;"""";"""";"""";"""";""""
Car640380-2026-Pass2-Z1-PaRecPR1925492_20260422_232747_000;0.0;4.8;64.0;Pippip;0.97;"""";"""";"""";"""";""""
Car640380-2026-Pass2-Z1-PaRecPR1925492_20260422_232747_000;3.3;3.4;15.0;Tadten;0.03;Pipkuh, Tetvir, Phanan;"""";"""";"""";""""
Car640380-2026-Pass2-Z1-PaRecPR1925492_20260422_232752_000;0.0;0.8;154.0;noise;0.91;"""";"""";"""";"""";""""
Car640380-2026-Pass2-Z1-PaRecPR1925492_20260422_232752_000;0.0;0.3;54.0;Pippip;0.65;"""";"""";"""";"""";""""
Car640380-2026-Pass2-Z1-PaRecPR1925492_20260422_232817_000;0.2;1.8;153.0;noise;0.97;"""";"""";"""";"""";""""
Car640380-2026-Pass2-Z1-PaRecPR1925492_20260422_232817_000;1.8;1.9;20.0;Phogri;0.05;Tetvir;"""";"""";"""";""""
Car640380-2026-Pass2-Z1-PaRecPR1925492_20260422_232817_000;0.3;2.0;15.0;Phanan;0.03;Tetvir, Pippip, Pipkuh, Nyclei;"""";"""";"""";""""
Car640380-2026-Pass2-Z1-PaRecPR1925492_20260422_232819_000;1.6;4.7;77.0;noise;0.45;"""";"""";"""";"""";""""
Car640380-2026-Pass2-Z1-PaRecPR1925492_20260422_232819_000;0.4;5.0;153.0;Rhihip;0.09;"""";"""";"""";"""";""""
Car640380-2026-Pass2-Z1-PaRecPR1925492_20260422_232819_000;0.3;4.7;15.0;Tadten;0.06;Phanan;"""";"""";"""";""""
Car640380-2026-Pass2-Z1-PaRecPR1925492_20260422_232824_000;0.1;5.0;153.0;noise;0.97;"""";"""";"""";"""";""""
Car640380-2026-Pass2-Z1-PaRecPR1925492_20260422_232824_000;0.5;4.5;15.0;Tadten;0.24;"""";"""";"""";"""";""""
Car640380-2026-Pass2-Z1-PaRecPR1925492_20260422_232829_000;0.0;3.8;154.0;noise;0.97;"""";"""";"""";"""";""""
Car640380-2026-Pass2-Z1-PaRecPR1925492_20260422_232829_000;0.9;2.9;12.0;Nyclei;0.09;"""";"""";"""";"""";""""
Car640380-2026-Pass2-Z1-PaRecPR1925492_20260422_232829_000;0.2;2.9;15.0;Phanan;0.04;Tetvir, Pippip, Phogri;"""";"""";"""";""""
Car640380-2026-Pass2-Z1-PaRecPR1925492_20260422_232834_000;0.4;2.0;153.0;noise;0.9;"""";"""";"""";"""";""""
Car640380-2026-Pass2-Z1-PaRecPR1925492_20260422_232834_000;0.3;0.5;15.0;Tadten;0.15;"""";"""";"""";"""";""""
Car640380-2026-Pass2-Z1-PaRecPR1925492_20260422_232838_000;0.3;0.4;21.0;Isopyr;0.8;"""";"""";"""";"""";""""
Car640380-2026-Pass2-Z1-PaRecPR1925492_20260422_232838_000;0.2;1.3;24.0;noise;0.82;"""";"""";"""";"""";""""
Car640380-2026-Pass2-Z1-PaRecPR1925492_20260422_232838_000;0.2;0.4;21.0;Phanan;0.03;Tetvir;"""";"""";"""";""""
Car640380-2026-Pass2-Z1-PaRecPR1925492_20260422_232838_000;0.4;2.1;154.0;Rhihip;0.46;"""";"""";"""";"""";""""
Car640380-2026-Pass2-Z1-PaRecPR1925492_20260422_232846_000;0.3;2.8;14.0;Tetvir;0.02;Pippip, Pipkuh, Nycnoc, Nyclei, Yposp, Yerray, Yerbey, Vesmur, Urosp, Tyllil, Thycor, Tetpyg, Tetarg, Testes, Tadten, Sepsep, Rusnit, Roeroe, Rhihip, Rhifer, Rhieur, Rhasp, Ratnor, Plemac, Pleaus, Pleaur, Plasab, Plaint, Plafal, Plaalb, Plaaff, Pippyg, Pipnat, piaf, Phofem, Phanan, Phafal, Nyclas, Myonat, Myomys, MyoGT, Myoema, Myodau, Myogla, Myocap, Myobec, Myoalc, Mussp, Minsch, Mimasp, Micagr, Metbra, mamm, Leppun, Lepbos, Lepalb, Lamsp., Isopyr, Inssp8, Inssp7, Inssp5, Insp12, Insp11, Insp10, Hypsav, gril, Eupsp, Eptser, Eptnil, Epheph, Decalb, Cyrscu, Cympud, criq, Confus, Tetarg, Barfis, Barbar, Antsp, amph;"""";"""";"""";""""
Car640380-2026-Pass2-Z1-PaRecPR1925492_20260422_232846_000;0.3;4.7;154.0;noise;0.4;"""";"""";"""";"""";""""
Car640380-2026-Pass2-Z1-PaRecPR1925492_20260422_232846_000;0.4;1.6;14.0;Phogri;0.04;Tetvir, Pipkuh, Phanan, Nyclei;"""";"""";"""";""""
Car640380-2026-Pass2-Z1-PaRecPR1925492_20260422_232859_000;0.0;2.1;153.0;noise;0.95;"""";"""";"""";"""";""""
Car640380-2026-Pass2-Z1-PaRecPR1925492_20260422_232859_000;0.3;0.5;16.0;Tadten;0.04;Tetvir, Pippip, Pipkuh, Phanan, Nyclei;"""";"""";"""";""""
Car640380-2026-Pass2-Z1-PaRecPR1925492_20260422_232933_000;0.2;5.0;154.0;noise;0.85;"""";"""";"""";"""";""""
Car640380-2026-Pass2-Z1-PaRecPR1925492_20260422_232933_000;0.3;4.8;14.0;Tadten;0.04;Phanan, Nyclei, Tetvir, Pipkuh, Phogri;"""";"""";"""";""""
Car640380-2026-Pass2-Z1-PaRecPR1925492_20260422_232938_000;0.0;4.9;153.0;noise;0.91;"""";"""";"""";"""";""""
Car640380-2026-Pass2-Z1-PaRecPR1925492_20260422_232938_000;0.5;4.1;14.0;Tadten;0.13;"""";"""";"""";"""";""""
Car640380-2026-Pass2-Z1-PaRecPR1925492_20260422_232943_000;0.0;3.8;153.0;noise;0.97;"""";"""";"""";"""";""""
Car640380-2026-Pass2-Z1-PaRecPR1925492_20260422_232943_000;1.8;1.9;20.0;piaf;0.06;"""";"""";"""";"""";""""
Car640380-2026-Pass2-Z1-PaRecPR1925492_20260422_232943_000;0.4;2.0;14.0;Tadten;0.03;Phogri, Tetvir, Pipkuh, Phanan, Nyclei;"""";"""";"""";""""
Car640380-2026-Pass2-Z1-PaRecPR1925492_20260422_232947_000;0.0;4.4;153.0;noise;0.93;"""";"""";"""";"""";""""
Car640380-2026-Pass2-Z1-PaRecPR1925492_20260422_232947_000;1.4;3.5;14.0;Phanan;0.25;"""";"""";"""";"""";""""
Car640380-2026-Pass2-Z1-PaRecPR1925492_20260422_232947_000;0.2;3.5;13.0;Nyclei;0.08;"""";"""";"""";"""";""""
Car640380-2026-Pass2-Z1-PaRecPR1925492_20260422_232951_000;0.0;2.1;154.0;noise;0.91;"""";"""";"""";"""";""""
Car640380-2026-Pass2-Z1-PaRecPR1925492_20260422_232951_000;0.1;0.3;11.0;Nyclei;0.03;Tetvir, Tadten, Pipkuh;"""";"""";"""";""""
Car640380-2026-Pass2-Z1-PaRecPR1925492_20260422_232956_000;0.4;2.5;153.0;noise;0.93;"""";"""";"""";"""";""""
Car640380-2026-Pass2-Z1-PaRecPR1925492_20260422_232956_000;0.3;0.5;14.0;Tetvir;0.02;Pippip, Phogri, Phanan, Yposp, Yerray, Yerbey, Vesmur, Urosp, Tyllil, Thycor, Tetpyg, Tetarg, Testes, Tadten, Sepsep, Rusnit, Roeroe, Rhihip, Rhifer, Rhieur, Rhasp, Ratnor, Plemac, Pleaus, Pleaur, Plasab, Plaint, Plafal, Plaalb, Plaaff, Pippyg, Pipnat, Pipkuh, piaf, Phofem, Phafal, Nycnoc, Nyclei, Nyclas, Myonat, Myomys, MyoGT, Myoema, Myodau, Myogla, Myocap, Myobec, Myoalc, Mussp, Minsch, Mimasp, Micagr, Metbra, mamm, Leppun, Lepbos, Lepalb, Lamsp., Isopyr, Inssp8, Inssp7, Inssp5, Insp12, Insp11, Insp10, Hypsav, gril, Eupsp, Eptser, Eptnil, Epheph, Decalb, Cyrscu, Cympud, criq, Confus, Tetarg, Barfis, Barbar, Antsp, amph;"""";"""";"""";""""
Car640380-2026-Pass2-Z1-PaRecPR1925492_20260422_233016_000;0.0;5.0;153.0;noise;0.97;"""";"""";"""";"""";""""
Car640380-2026-Pass2-Z1-PaRecPR1925492_20260422_233016_000;1.2;5.0;100.0;Pippip;0.93;"""";"""";"""";"""";""""
Car640380-2026-Pass2-Z1-PaRecPR1925492_20260422_233016_000;1.6;3.5;14.0;Tadten;0.04;Tetvir, Pipkuh, Phogri, Phanan, Nyclei;"""";"""";"""";""""
Car640380-2026-Pass2-Z1-PaRecPR1925492_20260422_233021_000;0.0;3.1;153.0;noise;0.94;"""";"""";"""";"""";""""
Car640380-2026-Pass2-Z1-PaRecPR1925492_20260422_233021_000;1.8;3.2;47.0;Pippip;0.75;"""";"""";"""";"""";""""
Car640380-2026-Pass2-Z1-PaRecPR1925492_20260422_233030_000;0.3;3.5;21.0;noise;0.79;"""";"""";"""";"""";""""
Car640380-2026-Pass2-Z1-PaRecPR1925492_20260422_233030_000;1.5;3.0;14.0;Nyclei;0.12;"""";"""";"""";"""";""""
Car640380-2026-Pass2-Z1-PaRecPR1925492_20260422_233030_000;0.1;3.6;153.0;Rhihip;0.1;"""";"""";"""";"""";""""
Car640380-2026-Pass2-Z1-PaRecPR1925492_20260422_233034_000;0.4;2.0;154.0;noise;0.96;"""";"""";"""";"""";""""
Car640380-2026-Pass2-Z1-PaRecPR1925492_20260422_233034_000;0.3;0.5;13.0;Tadten;0.03;Tetvir, Pipkuh, Nyclei;"""";"""";"""";""""
Car640380-2026-Pass2-Z1-PaRecPR1925492_20260422_233036_000;0.0;2.1;153.0;noise;0.99;"""";"""";"""";"""";""""
Car640380-2026-Pass2-Z1-PaRecPR1925492_20260422_233042_000;0.4;2.0;153.0;noise;0.95;"""";"""";"""";"""";""""
Car640380-2026-Pass2-Z1-PaRecPR1925492_20260422_233042_000;0.3;0.5;16.0;Tadten;0.04;Pipkuh;"""";"""";"""";""""
Car640380-2026-Pass2-Z1-PaRecPR1925492_20260422_233044_000;0.0;2.0;153.0;noise;0.93;"""";"""";"""";"""";""""
Car640380-2026-Pass2-Z1-PaRecPR1925492_20260422_233044_000;0.0;0.2;13.0;piaf;0.05;"""";"""";"""";"""";""""
Car640380-2026-Pass2-Z1-PaRecPR1925492_20260422_233048_000;0.4;2.0;153.0;noise;0.91;"""";"""";"""";"""";""""
Car640380-2026-Pass2-Z1-PaRecPR1925492_20260422_233048_000;0.3;0.5;14.0;Nyclei;0.03;Tetvir, Pippip;"""";"""";"""";""""
Car640380-2026-Pass2-Z1-PaRecPR1925492_20260422_233048_000;0.4;0.5;16.0;piaf;0.03;Tetvir;"""";"""";"""";""""
Car640380-2026-Pass2-Z1-PaRecPR1925492_20260422_233050_000;0.4;2.0;153.0;noise;0.97;"""";"""";"""";"""";""""
Car640380-2026-Pass2-Z1-PaRecPR1925492_20260422_233050_000;0.3;0.5;15.0;Tadten;0.03;Pipkuh, Tetvir, Phanan;"""";"""";"""";""""
Car640380-2026-Pass2-Z1-PaRecPR1925492_20260422_233106_000;0.4;5.0;154.0;noise;0.96;"""";"""";"""";"""";""""
Car640380-2026-Pass2-Z1-PaRecPR1925492_20260422_233106_000;0.0;5.0;99.0;Pippip;0.98;"""";"""";"""";"""";""""
Car640380-2026-Pass2-Z1-PaRecPR1925492_20260422_233111_000;0.0;0.7;154.0;noise;0.98;"""";"""";"""";"""";""""
Car640380-2026-Pass2-Z1-PaRecPR1925492_20260422_233111_000;0.0;0.4;53.0;Pippip;0.55;"""";"""";"""";"""";""""
Car640380-2026-Pass2-Z1-PaRecPR1925492_20260422_233114_000;0.4;2.1;154.0;noise;0.86;"""";"""";"""";"""";""""
Car640380-2026-Pass2-Z1-PaRecPR1925492_20260422_233114_000;0.6;0.8;16.0;Tetvir;0.02;Pipkuh, Nyclei, Yposp, Yerray, Yerbey, Vesmur, Urosp, Tyllil, Thycor, Tetpyg, Tetarg, Testes, Tadten, Sepsep, Rusnit, Roeroe, Rhihip, Rhifer, Rhieur, Rhasp, Ratnor, Plemac, Pleaus, Pleaur, Plasab, Plaint, Plafal, Plaalb, Plaaff, Pippyg, Pipnat, piaf, Phogri, Phofem, Phanan, Phafal, Nycnoc, Nyclas, Myonat, Myomys, MyoGT, Myoema, Myodau, Myogla, Myocap, Myobec, Myoalc, Mussp, Minsch, Mimasp, Micagr, Metbra, mamm, Leppun, Lepbos, Lepalb, Lamsp., Isopyr, Inssp8, Inssp7, Inssp5, Insp12, Insp11, Insp10, Hypsav, gril, Eupsp, Eptser, Eptnil, Epheph, Decalb, Cyrscu, Cympud, criq, Confus, Tetarg, Barfis, Barbar, Antsp, amph;"""";"""";"""";""""
Car640380-2026-Pass2-Z1-PaRecPR1925492_20260422_233114_000;0.0;2.0;52.0;Pippip;0.98;"""";"""";"""";"""";""""
Car640380-2026-Pass2-Z1-PaRecPR1925492_20260422_233116_000;0.0;5.0;153.0;noise;0.93;"""";"""";"""";"""";""""
Car640380-2026-Pass2-Z1-PaRecPR1925492_20260422_233116_000;0.0;2.3;50.0;Pippip;0.63;"""";"""";"""";"""";""""
Car640380-2026-Pass2-Z1-PaRecPR1925492_20260422_233116_000;0.0;4.6;14.0;Tadten;0.04;Tetvir, Pipkuh, Phogri, Nyclei;"""";"""";"""";""""
Car640380-2026-Pass2-Z1-PaRecPR1925492_20260422_233121_000;0.0;1.5;153.0;noise;0.96;"""";"""";"""";"""";""""
Car640380-2026-Pass2-Z1-PaRecPR1925492_20260422_233125_000;0.4;5.0;153.0;noise;0.78;"""";"""";"""";"""";""""
Car640380-2026-Pass2-Z1-PaRecPR1925492_20260422_233125_000;0.3;4.5;22.0;Nyclei;0.99;"""";"""";"""";"""";""""
Car640380-2026-Pass2-Z1-PaRecPR1925492_20260422_233125_000;0.6;5.0;50.0;Pippip;0.98;"""";"""";"""";"""";""""
Car640380-2026-Pass2-Z1-PaRecPR1925492_20260422_233130_000;0.1;4.9;153.0;noise;0.94;"""";"""";"""";"""";""""
Car640380-2026-Pass2-Z1-PaRecPR1925492_20260422_233130_000;0.1;4.8;52.0;Pippip;0.99;"""";"""";"""";"""";""""
Car640380-2026-Pass2-Z1-PaRecPR1925492_20260422_233130_000;0.9;1.9;12.0;Tadten;0.1;"""";"""";"""";"""";""""
Car640380-2026-Pass2-Z1-PaRecPR1925492_20260422_233135_000;0.0;0.1;153.0;noise;0.98;"""";"""";"""";"""";""""
Car640380-2026-Pass2-Z1-PaRecPR1925492_20260422_233135_000;0.0;0.1;46.0;Pippip;0.89;"""";"""";"""";"""";""""
Car640380-2026-Pass2-Z1-PaRecPR1925492_20260422_233201_000;0.0;2.8;154.0;noise;0.88;"""";"""";"""";"""";""""
Car640380-2026-Pass2-Z1-PaRecPR1925492_20260422_233201_000;0.0;2.7;51.0;Pippip;0.99;"""";"""";"""";"""";""""
Car640380-2026-Pass2-Z1-PaRecPR1925492_20260422_233223_000;0.1;2.0;153.0;noise;0.97;"""";"""";"""";"""";""""
Car640380-2026-Pass2-Z1-PaRecPR1925492_20260422_233223_000;0.3;1.9;26.0;Nyclei;0.99;"""";"""";"""";"""";""""
Car640380-2026-Pass2-Z1-PaRecPR1925492_20260422_233227_000;2.2;4.3;34.0;Barbar;0.99;"""";"""";"""";"""";""""
Car640380-2026-Pass2-Z1-PaRecPR1925492_20260422_233227_000;0.4;4.3;153.0;noise;0.9;"""";"""";"""";"""";""""
Car640380-2026-Pass2-Z1-PaRecPR1925492_20260422_233227_000;0.4;2.4;26.0;Nyclei;0.99;"""";"""";"""";"""";""""
Car640380-2026-Pass2-Z1-PaRecPR1925492_20260422_233232_000;0.3;4.3;153.0;noise;0.96;"""";"""";"""";"""";""""
Car640380-2026-Pass2-Z1-PaRecPR1925492_20260422_233232_000;0.3;2.4;25.0;Nyclei;0.99;"""";"""";"""";"""";""""
Car640380-2026-Pass2-Z1-PaRecPR1925492_20260422_233237_000;0.4;3.1;154.0;noise;0.9;"""";"""";"""";"""";""""
Car640380-2026-Pass2-Z1-PaRecPR1925492_20260422_233237_000;0.4;1.5;23.0;Nyclei;0.99;"""";"""";"""";"""";""""
Car640380-2026-Pass2-Z1-PaRecPR1925492_20260422_233346_000;0.2;1.9;153.0;noise;0.92;"""";"""";"""";"""";""""
Car640380-2026-Pass2-Z1-PaRecPR1925492_20260422_233346_000;0.3;1.7;24.0;Nyclei;0.99;"""";"""";"""";"""";""""
Car640380-2026-Pass2-Z1-PaRecPR1925492_20260422_233351_000;0.3;4.4;153.0;noise;0.95;"""";"""";"""";"""";""""
Car640380-2026-Pass2-Z1-PaRecPR1925492_20260422_233351_000;0.3;4.0;26.0;Nyclei;0.99;"""";"""";"""";"""";""""
Car640380-2026-Pass2-Z1-PaRecPR1925492_20260422_233356_000;0.4;2.7;153.0;noise;0.91;"""";"""";"""";"""";""""
Car640380-2026-Pass2-Z1-PaRecPR1925492_20260422_233356_000;0.3;0.8;25.0;Nyclei;0.99;"""";"""";"""";"""";""""
Car640380-2026-Pass2-Z1-PaRecPR1925492_20260422_233400_000;0.4;4.0;154.0;noise;0.97;"""";"""";"""";"""";""""
Car640380-2026-Pass2-Z1-PaRecPR1925492_20260422_233400_000;0.3;2.1;24.0;Nyclei;0.99;"""";"""";"""";"""";""""
Car640380-2026-Pass2-Z1-PaRecPR1925492_20260422_233406_000;0.2;2.4;154.0;noise;0.94;"""";"""";"""";"""";""""
Car640380-2026-Pass2-Z1-PaRecPR1925492_20260422_233406_000;0.3;1.3;24.0;Nyclei;0.99;"""";"""";"""";"""";""""
Car640380-2026-Pass2-Z1-PaRecPR1925492_20260422_233406_000;1.2;2.4;51.0;Pippip;0.72;"""";"""";"""";"""";""""
Car640380-2026-Pass2-Z1-PaRecPR1925492_20260422_233410_000;0.3;2.1;153.0;noise;0.95;"""";"""";"""";"""";""""
Car640380-2026-Pass2-Z1-PaRecPR1925492_20260422_233410_000;0.3;0.5;16.0;Tadten;0.03;Tetvir, Pippip, Pipkuh;"""";"""";"""";""""
Car640380-2026-Pass2-Z1-PaRecPR1925492_20260422_233419_000;0.2;1.8;44.0;Myonat;0.71;"""";"""";"""";"""";""""
Car640380-2026-Pass2-Z1-PaRecPR1925492_20260422_233419_000;0.4;3.1;78.0;noise;0.76;"""";"""";"""";"""";""""
Car640380-2026-Pass2-Z1-PaRecPR1925492_20260422_233419_000;0.4;3.1;80.0;Pippip;0.05;Pippyg, Myoema;"""";"""";"""";""""
Car640380-2026-Pass2-Z1-PaRecPR1925492_20260422_233423_000;0.0;4.9;153.0;noise;0.98;"""";"""";"""";"""";""""
Car640380-2026-Pass2-Z1-PaRecPR1925492_20260422_233423_000;0.2;5.0;75.0;Pippip;0.94;"""";"""";"""";"""";""""
Car640380-2026-Pass2-Z1-PaRecPR1925492_20260422_233428_000;0.2;0.8;154.0;noise;0.97;"""";"""";"""";"""";""""
Car640380-2026-Pass2-Z1-PaRecPR1925492_20260422_233428_000;0.1;0.7;54.0;Pippip;0.89;"""";"""";"""";"""";""""
Car640380-2026-Pass2-Z1-PaRecPR1925492_20260422_233520_000;0.4;4.6;153.0;noise;0.96;"""";"""";"""";"""";""""
Car640380-2026-Pass2-Z1-PaRecPR1925492_20260422_233520_000;0.1;5.0;55.0;Pippip;0.98;"""";"""";"""";"""";""""
Car640380-2026-Pass2-Z1-PaRecPR1925492_20260422_233520_000;0.4;4.8;153.0;Rhifer;0.25;"""";"""";"""";"""";""""
Car640380-2026-Pass2-Z1-PaRecPR1925492_20260422_233525_000;0.1;2.1;153.0;noise;0.96;"""";"""";"""";"""";""""
Car640380-2026-Pass2-Z1-PaRecPR1925492_20260422_233525_000;0.1;2.0;46.0;Pippip;0.99;"""";"""";"""";"""";""""
Car640380-2026-Pass2-Z1-PaRecPR1925492_20260422_233611_000;0.1;5.0;153.0;noise;0.97;"""";"""";"""";"""";""""
Car640380-2026-Pass2-Z1-PaRecPR1925492_20260422_233611_000;0.0;5.0;94.0;Pippip;0.96;"""";"""";"""";"""";""""
Car640380-2026-Pass2-Z1-PaRecPR1925492_20260422_233616_000;0.1;2.6;153.0;noise;0.89;"""";"""";"""";"""";""""
Car640380-2026-Pass2-Z1-PaRecPR1925492_20260422_233616_000;0.0;2.3;48.0;Pippip;0.99;"""";"""";"""";"""";""""
Car640380-2026-Pass2-Z1-PaRecPR1925492_20260422_233826_000;0.3;2.5;153.0;noise;0.95;"""";"""";"""";"""";""""
Car640380-2026-Pass2-Z1-PaRecPR1925492_20260422_233831_000;0.0;2.5;153.0;noise;0.94;"""";"""";"""";"""";""""
Car640380-2026-Pass2-Z1-PaRecPR1925492_20260422_233831_000;0.0;2.1;52.0;Pippip;0.94;"""";"""";"""";"""";""""
Car640380-2026-Pass2-Z1-PaRecPR1925492_20260422_233908_000;0.1;5.0;153.0;noise;0.96;"""";"""";"""";"""";""""
Car640380-2026-Pass2-Z1-PaRecPR1925492_20260422_233908_000;0.0;5.0;99.0;Pippip;0.97;"""";"""";"""";"""";""""
Car640380-2026-Pass2-Z1-PaRecPR1925492_20260422_233913_000;0.0;5.0;153.0;noise;0.99;"""";"""";"""";"""";""""
Car640380-2026-Pass2-Z1-PaRecPR1925492_20260422_233913_000;0.0;4.5;99.0;Pippip;0.96;"""";"""";"""";"""";""""
Car640380-2026-Pass2-Z1-PaRecPR1925492_20260422_233918_000;4.1;4.2;21.0;noise;0.58;"""";"""";"""";"""";""""
Car640380-2026-Pass2-Z1-PaRecPR1925492_20260422_233918_000;0.4;5.0;54.0;Pippip;0.99;"""";"""";"""";"""";""""
Car640380-2026-Pass2-Z1-PaRecPR1925492_20260422_233918_000;0.0;4.8;153.0;Rhihip;0.18;"""";"""";"""";"""";""""
Car640380-2026-Pass2-Z1-PaRecPR1925492_20260422_233923_000;0.1;5.0;153.0;noise;0.94;"""";"""";"""";"""";""""
Car640380-2026-Pass2-Z1-PaRecPR1925492_20260422_233923_000;0.0;5.0;95.0;Pippip;0.98;"""";"""";"""";"""";""""
Car640380-2026-Pass2-Z1-PaRecPR1925492_20260422_233928_000;0.0;5.0;153.0;noise;0.94;"""";"""";"""";"""";""""
Car640380-2026-Pass2-Z1-PaRecPR1925492_20260422_233928_000;0.0;5.0;53.0;Pippip;0.99;"""";"""";"""";"""";""""
Car640380-2026-Pass2-Z1-PaRecPR1925492_20260422_233933_000;0.0;0.4;154.0;noise;0.98;"""";"""";"""";"""";""""
Car640380-2026-Pass2-Z1-PaRecPR1925492_20260422_233933_000;0.1;0.2;46.0;Pippip;0.41;"""";"""";"""";"""";""""
Car640380-2026-Pass2-Z1-PaRecPR1925492_20260422_234012_000;0.4;5.0;154.0;noise;0.96;"""";"""";"""";"""";""""
Car640380-2026-Pass2-Z1-PaRecPR1925492_20260422_234012_000;0.0;5.0;100.0;Pippip;0.92;"""";"""";"""";"""";""""
Car640380-2026-Pass2-Z1-PaRecPR1925492_20260422_234017_000;0.1;4.5;153.0;noise;0.94;"""";"""";"""";"""";""""
Car640380-2026-Pass2-Z1-PaRecPR1925492_20260422_234017_000;0.0;4.4;77.0;Pippip;0.97;"""";"""";"""";"""";""""
Car640380-2026-Pass2-Z1-PaRecPR1925492_20260422_234045_000;0.4;5.0;153.0;noise;0.93;"""";"""";"""";"""";""""
Car640380-2026-Pass2-Z1-PaRecPR1925492_20260422_234045_000;0.0;5.0;100.0;Pippip;0.95;"""";"""";"""";"""";""""
Car640380-2026-Pass2-Z1-PaRecPR1925492_20260422_234050_000;0.3;2.9;153.0;noise;0.97;"""";"""";"""";"""";""""
Car640380-2026-Pass2-Z1-PaRecPR1925492_20260422_234050_000;0.0;3.0;53.0;Pippip;0.99;"""";"""";"""";"""";""""
Car640380-2026-Pass2-Z1-PaRecPR1925492_20260422_234121_000;0.4;5.0;153.0;noise;0.98;"""";"""";"""";"""";""""
Car640380-2026-Pass2-Z1-PaRecPR1925492_20260422_234121_000;0.0;5.0;95.0;Pippip;0.98;"""";"""";"""";"""";""""
Car640380-2026-Pass2-Z1-PaRecPR1925492_20260422_234126_000;0.1;2.5;153.0;noise;0.97;"""";"""";"""";"""";""""
Car640380-2026-Pass2-Z1-PaRecPR1925492_20260422_234126_000;0.3;1.9;53.0;Pippip;0.99;"""";"""";"""";"""";""""
Car640380-2026-Pass2-Z1-PaRecPR1925492_20260422_234213_000;0.3;2.0;153.0;noise;0.93;"""";"""";"""";"""";""""
Car640380-2026-Pass2-Z1-PaRecPR1925492_20260422_234217_000;0.4;5.0;153.0;noise;0.95;"""";"""";"""";"""";""""
Car640380-2026-Pass2-Z1-PaRecPR1925492_20260422_234217_000;0.2;4.8;57.0;Pippip;0.9;"""";"""";"""";"""";""""
Car640380-2026-Pass2-Z1-PaRecPR1925492_20260422_234222_000;0.1;3.1;154.0;noise;0.93;"""";"""";"""";"""";""""
Car640380-2026-Pass2-Z1-PaRecPR1925492_20260422_234222_000;1.2;1.4;18.0;Phanan;0.04;Tetvir;"""";"""";"""";""""
Car640380-2026-Pass2-Z1-PaRecPR1925492_20260422_234222_000;0.0;1.9;56.0;Pippip;0.97;"""";"""";"""";"""";""""
Car640380-2026-Pass2-Z1-PaRecPR1925492_20260422_234245_000;0.4;5.0;153.0;noise;0.97;"""";"""";"""";"""";""""
Car640380-2026-Pass2-Z1-PaRecPR1925492_20260422_234245_000;0.1;5.0;100.0;Pippip;0.95;"""";"""";"""";"""";""""
Car640380-2026-Pass2-Z1-PaRecPR1925492_20260422_234250_000;0.0;3.1;154.0;noise;0.96;"""";"""";"""";"""";""""
Car640380-2026-Pass2-Z1-PaRecPR1925492_20260422_234250_000;0.0;1.3;56.0;Pippip;0.98;"""";"""";"""";"""";""""
Car640380-2026-Pass2-Z1-PaRecPR1925492_20260422_234544_000;0.1;2.1;154.0;noise;0.98;"""";"""";"""";"""";""""
Car640380-2026-Pass2-Z1-PaRecPR1925492_20260422_234615_000;1.1;4.8;20.0;noise;0.78;"""";"""";"""";"""";""""
Car640380-2026-Pass2-Z1-PaRecPR1925492_20260422_234615_000;0.0;4.9;93.0;Pippip;0.98;"""";"""";"""";"""";""""
Car640380-2026-Pass2-Z1-PaRecPR1925492_20260422_234615_000;0.0;5.0;153.0;Rhihip;0.47;"""";"""";"""";"""";""""
Car640380-2026-Pass2-Z1-PaRecPR1925492_20260422_234620_000;0.0;2.8;153.0;noise;0.93;"""";"""";"""";"""";""""
Car640380-2026-Pass2-Z1-PaRecPR1925492_20260422_234620_000;0.0;2.7;47.0;Pippip;0.99;"""";"""";"""";"""";""""
Car640380-2026-Pass2-Z1-PaRecPR1925492_20260422_234716_000;0.4;4.4;154.0;noise;0.89;"""";"""";"""";"""";""""
Car640380-2026-Pass2-Z1-PaRecPR1925492_20260422_234716_000;0.0;4.4;54.0;Pippip;0.96;"""";"""";"""";"""";""""
Car640380-2026-Pass2-Z1-PaRecPR1925492_20260422_234755_000;0.3;2.1;153.0;noise;0.98;"""";"""";"""";"""";""""
Car640380-2026-Pass2-Z1-PaRecPR1925492_20260422_235015_000;4.1;4.2;40.0;Leppun;0.06;Yposp;"""";"""";"""";""""
Car640380-2026-Pass2-Z1-PaRecPR1925492_20260422_235015_000;1.9;5.0;17.0;noise;0.68;"""";"""";"""";"""";""""
Car640380-2026-Pass2-Z1-PaRecPR1925492_20260422_235015_000;0.0;5.0;54.0;Pippip;0.99;"""";"""";"""";"""";""""
Car640380-2026-Pass2-Z1-PaRecPR1925492_20260422_235015_000;0.4;5.0;153.0;Rhihip;0.05;"""";"""";"""";"""";""""
Car640380-2026-Pass2-Z1-PaRecPR1925492_20260422_235020_000;0.0;1.4;154.0;noise;0.97;"""";"""";"""";"""";""""
Car640380-2026-Pass2-Z1-PaRecPR1925492_20260422_235020_000;0.0;1.4;49.0;Pippip;0.99;"""";"""";"""";"""";""""
Car640380-2026-Pass2-Z1-PaRecPR1925492_20260422_235125_000;0.4;5.0;153.0;noise;0.93;"""";"""";"""";"""";""""
Car640380-2026-Pass2-Z1-PaRecPR1925492_20260422_235125_000;0.0;4.8;59.0;Pippip;0.95;"""";"""";"""";"""";""""
Car640380-2026-Pass2-Z1-PaRecPR1925492_20260422_235139_000;0.4;4.9;154.0;noise;0.95;"""";"""";"""";"""";""""
Car640380-2026-Pass2-Z1-PaRecPR1925492_20260422_235139_000;0.0;5.0;101.0;Pippip;0.8;"""";"""";"""";"""";""""
Car640380-2026-Pass2-Z1-PaRecPR1925492_20260422_235144_000;0.0;2.2;153.0;noise;0.9;"""";"""";"""";"""";""""
Car640380-2026-Pass2-Z1-PaRecPR1925492_20260422_235144_000;0.0;2.2;54.0;Pippip;0.98;"""";"""";"""";"""";""""
Car640380-2026-Pass2-Z1-PaRecPR1925492_20260422_235235_000;0.4;5.0;154.0;noise;0.91;"""";"""";"""";"""";""""
Car640380-2026-Pass2-Z1-PaRecPR1925492_20260422_235235_000;0.0;5.0;52.0;Pippip;0.99;"""";"""";"""";"""";""""
Car640380-2026-Pass2-Z1-PaRecPR1925492_20260422_235240_000;0.0;0.8;154.0;noise;0.97;"""";"""";"""";"""";""""
Car640380-2026-Pass2-Z1-PaRecPR1925492_20260422_235240_000;0.0;0.7;47.0;Pippip;0.99;"""";"""";"""";"""";""""
Car640380-2026-Pass2-Z1-PaRecPR1925492_20260422_235337_000;0.4;5.0;153.0;noise;0.94;"""";"""";"""";"""";""""
Car640380-2026-Pass2-Z1-PaRecPR1925492_20260422_235337_000;0.1;5.0;91.0;Pippip;0.96;"""";"""";"""";"""";""""
Car640380-2026-Pass2-Z1-PaRecPR1925492_20260422_235342_000;0.0;2.8;153.0;noise;0.97;"""";"""";"""";"""";""""
Car640380-2026-Pass2-Z1-PaRecPR1925492_20260422_235342_000;0.0;2.7;45.0;Pippip;0.98;"""";"""";"""";"""";""""
Car640380-2026-Pass2-Z1-PaRecPR1925492_20260422_235354_000;0.0;4.5;47.0;Pippip;0.97;"""";"""";"""";"""";""""
Car640380-2026-Pass2-Z1-PaRecPR1925492_20260422_235354_000;0.4;5.0;153.0;noise;0.5;"""";"""";"""";"""";""""
Car640380-2026-Pass2-Z1-PaRecPR1925492_20260422_235359_000;0.0;0.3;154.0;noise;0.98;"""";"""";"""";"""";""""
Car640380-2026-Pass2-Z1-PaRecPR1925492_20260422_235417_000;2.4;2.5;17.0;Tetvir;0.02;Yposp, Yerray, Yerbey, Vesmur, Urosp, Tyllil, Thycor, Tetpyg, Tetarg, Testes, Tadten, Sepsep, Rusnit, Roeroe, Rhihip, Rhifer, Rhieur, Rhasp, Ratnor, Plemac, Pleaus, Pleaur, Plasab, Plaint, Plafal, Plaalb, Plaaff, Pippyg, Pipnat, Pipkuh, piaf, Phogri, Phofem, Phanan, Phafal, Nycnoc, Nyclei, Nyclas, Myonat, Myomys, MyoGT, Myoema, Myodau, Myogla, Myocap, Myobec, Myoalc, Mussp, Minsch, Mimasp, Micagr, Metbra, mamm, Leppun, Lepbos, Lepalb, Lamsp., Isopyr, Inssp8, Inssp7, Inssp5, Insp12, Insp11, Insp10, Hypsav, gril, Eupsp, Eptser, Eptnil, Epheph, Decalb, Cyrscu, Cympud, criq, Confus, Tetarg, Barfis, Barbar, Antsp, amph;"""";"""";"""";""""
Car640380-2026-Pass2-Z1-PaRecPR1925492_20260422_235417_000;0.0;5.0;53.0;Pippip;0.99;"""";"""";"""";"""";""""
Car640380-2026-Pass2-Z1-PaRecPR1925492_20260422_235417_000;0.4;5.0;153.0;noise;0.48;"""";"""";"""";"""";""""
Car640380-2026-Pass2-Z1-PaRecPR1925492_20260422_235422_000;0.0;5.0;153.0;noise;0.9;"""";"""";"""";"""";""""
Car640380-2026-Pass2-Z1-PaRecPR1925492_20260422_235422_000;0.0;4.8;46.0;Pippip;0.99;"""";"""";"""";"""";""""
Car640380-2026-Pass2-Z1-PaRecPR1925492_20260422_235427_000;0.0;2.9;153.0;noise;0.99;"""";"""";"""";"""";""""
Car640380-2026-Pass2-Z1-PaRecPR1925492_20260422_235427_000;0.0;2.8;44.0;Pippip;0.98;"""";"""";"""";"""";""""
Car640380-2026-Pass2-Z1-PaRecPR1925492_20260422_235513_000;3.0;4.8;39.0;Leppun;0.14;"""";"""";"""";"""";""""
Car640380-2026-Pass2-Z1-PaRecPR1925492_20260422_235513_000;0.0;4.9;154.0;noise;0.92;"""";"""";"""";"""";""""
Car640380-2026-Pass2-Z1-PaRecPR1925492_20260422_235513_000;0.0;5.0;102.0;Pippip;0.87;"""";"""";"""";"""";""""
Car640380-2026-Pass2-Z1-PaRecPR1925492_20260422_235518_000;0.0;3.8;154.0;noise;0.91;"""";"""";"""";"""";""""
Car640380-2026-Pass2-Z1-PaRecPR1925492_20260422_235518_000;0.0;3.8;57.0;Pippip;0.96;"""";"""";"""";"""";""""
Car640380-2026-Pass2-Z1-PaRecPR1925492_20260422_235530_000;0.4;5.0;153.0;noise;0.9;"""";"""";"""";"""";""""
Car640380-2026-Pass2-Z1-PaRecPR1925492_20260422_235530_000;0.0;5.0;102.0;Pippip;0.87;"""";"""";"""";"""";""""
Car640380-2026-Pass2-Z1-PaRecPR1925492_20260422_235535_000;0.1;3.6;153.0;noise;0.97;"""";"""";"""";"""";""""
Car640380-2026-Pass2-Z1-PaRecPR1925492_20260422_235535_000;0.0;2.1;55.0;Pippip;0.98;"""";"""";"""";"""";""""
Car640380-2026-Pass2-Z1-PaRecPR1925492_20260422_235545_000;0.4;5.0;153.0;noise;0.97;"""";"""";"""";"""";""""
Car640380-2026-Pass2-Z1-PaRecPR1925492_20260422_235545_000;0.1;5.0;101.0;Pippip;0.97;"""";"""";"""";"""";""""
Car640380-2026-Pass2-Z1-PaRecPR1925492_20260422_235550_000;0.0;5.0;154.0;noise;0.99;"""";"""";"""";"""";""""
Car640380-2026-Pass2-Z1-PaRecPR1925492_20260422_235550_000;0.0;3.4;99.0;Pippip;0.98;"""";"""";"""";"""";""""
Car640380-2026-Pass2-Z1-PaRecPR1925492_20260422_235555_000;0.0;0.1;48.0;noise;0.95;"""";"""";"""";"""";""""
Car640380-2026-Pass2-Z1-PaRecPR1925492_20260422_235626_000;0.4;2.1;154.0;noise;0.84;"""";"""";"""";"""";""""
Car640380-2026-Pass2-Z1-PaRecPR1925492_20260422_235626_000;0.0;2.0;51.0;Pippip;0.99;"""";"""";"""";"""";""""
Car640380-2026-Pass2-Z1-PaRecPR1925492_20260422_235630_000;0.4;5.0;154.0;noise;0.94;"""";"""";"""";"""";""""
Car640380-2026-Pass2-Z1-PaRecPR1925492_20260422_235630_000;0.0;5.0;99.0;Pippip;0.93;"""";"""";"""";"""";""""
Car640380-2026-Pass2-Z1-PaRecPR1925492_20260422_235635_000;0.0;4.9;153.0;noise;0.98;"""";"""";"""";"""";""""
Car640380-2026-Pass2-Z1-PaRecPR1925492_20260422_235635_000;0.0;4.8;99.0;Pippip;0.97;"""";"""";"""";"""";""""
Car640380-2026-Pass2-Z1-PaRecPR1925492_20260422_235651_000;0.1;5.0;153.0;noise;0.94;"""";"""";"""";"""";""""
Car640380-2026-Pass2-Z1-PaRecPR1925492_20260422_235651_000;0.2;5.0;97.0;Pippip;0.97;"""";"""";"""";"""";""""
Car640380-2026-Pass2-Z1-PaRecPR1925492_20260422_235656_000;0.0;3.8;153.0;noise;0.93;"""";"""";"""";"""";""""
Car640380-2026-Pass2-Z1-PaRecPR1925492_20260422_235656_000;0.1;3.7;50.0;Pippip;0.98;"""";"""";"""";"""";""""
Car640380-2026-Pass2-Z1-PaRecPR1925492_20260422_235910_000;0.2;4.8;153.0;noise;0.95;"""";"""";"""";"""";""""
Car640380-2026-Pass2-Z1-PaRecPR1925492_20260422_235910_000;0.0;5.0;101.0;Pippip;0.96;"""";"""";"""";"""";""""
Car640380-2026-Pass2-Z1-PaRecPR1925492_20260422_235915_000;0.0;3.4;153.0;noise;0.87;"""";"""";"""";"""";""""
Car640380-2026-Pass2-Z1-PaRecPR1925492_20260422_235915_000;0.0;3.1;52.0;Pippip;0.94;"""";"""";"""";"""";""""
Car640380-2026-Pass2-Z1-PaRecPR1925492_20260422_235938_000;0.2;2.0;154.0;noise;0.94;"""";"""";"""";"""";""""
Car640380-2026-Pass2-Z1-PaRecPR1925492_20260422_235938_000;0.7;0.8;52.0;Pippip;0.76;"""";"""";"""";"""";""""
Car640380-2026-Pass2-Z1-PaRecPR1925492_20260423_000100_000;0.0;4.8;153.0;noise;0.96;"""";"""";"""";"""";""""
Car640380-2026-Pass2-Z1-PaRecPR1925492_20260423_000100_000;0.0;5.0;101.0;Pippip;0.91;"""";"""";"""";"""";""""
Car640380-2026-Pass2-Z1-PaRecPR1925492_20260423_000105_000;0.0;3.7;153.0;noise;0.96;"""";"""";"""";"""";""""
Car640380-2026-Pass2-Z1-PaRecPR1925492_20260423_000105_000;0.0;3.7;68.0;Pippip;0.99;"""";"""";"""";"""";""""
Car640380-2026-Pass2-Z1-PaRecPR1925492_20260423_000121_000;0.4;5.0;154.0;noise;0.93;"""";"""";"""";"""";""""
Car640380-2026-Pass2-Z1-PaRecPR1925492_20260423_000121_000;0.0;5.0;97.0;Pippip;0.95;"""";"""";"""";"""";""""
Car640380-2026-Pass2-Z1-PaRecPR1925492_20260423_000126_000;0.0;2.8;153.0;noise;0.96;"""";"""";"""";"""";""""
Car640380-2026-Pass2-Z1-PaRecPR1925492_20260423_000126_000;0.0;2.9;54.0;Pippip;0.98;"""";"""";"""";"""";""""
Car640380-2026-Pass2-Z1-PaRecPR1925492_20260423_000131_000;0.4;2.1;153.0;noise;0.95;"""";"""";"""";"""";""""
Car640380-2026-Pass2-Z1-PaRecPR1925492_20260423_000131_000;0.0;2.1;53.0;Pippip;0.98;"""";"""";"""";"""";""""
Car640380-2026-Pass2-Z1-PaRecPR1925492_20260423_000258_000;0.1;5.0;153.0;noise;0.94;"""";"""";"""";"""";""""
Car640380-2026-Pass2-Z1-PaRecPR1925492_20260423_000258_000;0.0;5.0;78.0;Pippip;0.98;"""";"""";"""";"""";""""
Car640380-2026-Pass2-Z1-PaRecPR1925492_20260423_000303_000;0.0;2.9;153.0;noise;0.96;"""";"""";"""";"""";""""
Car640380-2026-Pass2-Z1-PaRecPR1925492_20260423_000303_000;0.1;2.9;46.0;Pippip;0.98;"""";"""";"""";"""";""""
Car640380-2026-Pass2-Z1-PaRecPR1925492_20260423_000339_000;0.0;5.0;153.0;noise;0.94;"""";"""";"""";"""";""""
Car640380-2026-Pass2-Z1-PaRecPR1925492_20260423_000339_000;1.6;4.4;17.0;Antsp;0.06;Phanan;"""";"""";"""";""""
Car640380-2026-Pass2-Z1-PaRecPR1925492_20260423_000339_000;0.0;5.0;100.0;Pippip;0.95;"""";"""";"""";"""";""""
Car640380-2026-Pass2-Z1-PaRecPR1925492_20260423_000344_000;0.1;3.6;153.0;noise;0.92;"""";"""";"""";"""";""""
Car640380-2026-Pass2-Z1-PaRecPR1925492_20260423_000344_000;0.0;1.8;55.0;Pippip;0.98;"""";"""";"""";"""";""""
Car640380-2026-Pass2-Z1-PaRecPR1925492_20260423_000443_000;0.0;4.9;153.0;noise;0.97;"""";"""";"""";"""";""""
Car640380-2026-Pass2-Z1-PaRecPR1925492_20260423_000443_000;0.0;4.9;96.0;Pippip;0.96;"""";"""";"""";"""";""""
Car640380-2026-Pass2-Z1-PaRecPR1925492_20260423_000448_000;0.2;4.1;153.0;noise;0.92;"""";"""";"""";"""";""""
Car640380-2026-Pass2-Z1-PaRecPR1925492_20260423_000448_000;0.0;4.1;52.0;Pippip;0.98;"""";"""";"""";"""";""""
Car640380-2026-Pass2-Z1-PaRecPR1925492_20260423_000453_000;0.4;5.0;153.0;noise;0.93;"""";"""";"""";"""";""""
Car640380-2026-Pass2-Z1-PaRecPR1925492_20260423_000453_000;0.9;3.4;18.0;Phanan;0.09;"""";"""";"""";"""";""""
Car640380-2026-Pass2-Z1-PaRecPR1925492_20260423_000453_000;0.0;5.0;98.0;Pippip;0.96;"""";"""";"""";"""";""""
Car640380-2026-Pass2-Z1-PaRecPR1925492_20260423_000458_000;0.0;1.9;153.0;noise;0.98;"""";"""";"""";"""";""""
Car640380-2026-Pass2-Z1-PaRecPR1925492_20260423_000458_000;0.0;0.6;52.0;Pippip;0.9;"""";"""";"""";"""";""""
Car640380-2026-Pass2-Z1-PaRecPR1925492_20260423_000506_000;0.2;5.0;153.0;noise;0.96;"""";"""";"""";"""";""""
Car640380-2026-Pass2-Z1-PaRecPR1925492_20260423_000506_000;0.3;5.0;101.0;Pippip;0.91;"""";"""";"""";"""";""""
Car640380-2026-Pass2-Z1-PaRecPR1925492_20260423_000511_000;0.0;4.4;153.0;noise;0.99;"""";"""";"""";"""";""""
Car640380-2026-Pass2-Z1-PaRecPR1925492_20260423_000511_000;0.0;4.0;99.0;Pippip;0.97;"""";"""";"""";"""";""""
Car640380-2026-Pass2-Z1-PaRecPR1925492_20260423_000604_000;0.1;3.7;55.0;Minsch;0.87;"""";"""";"""";"""";""""
Car640380-2026-Pass2-Z1-PaRecPR1925492_20260423_000604_000;0.3;4.5;153.0;noise;0.91;"""";"""";"""";"""";""""
Car640380-2026-Pass2-Z1-PaRecPR1925492_20260423_000628_000;0.4;2.0;153.0;noise;0.96;"""";"""";"""";"""";""""
Car640380-2026-Pass2-Z1-PaRecPR1925492_20260423_000628_000;0.0;1.8;53.0;Pippyg;0.22;Pippip;"""";"""";"""";""""
Car640380-2026-Pass2-Z1-PaRecPR1925492_20260423_000716_000;0.4;5.0;153.0;noise;0.96;"""";"""";"""";"""";""""
Car640380-2026-Pass2-Z1-PaRecPR1925492_20260423_000716_000;0.0;5.0;89.0;Pippip;0.97;"""";"""";"""";"""";""""
Car640380-2026-Pass2-Z1-PaRecPR1925492_20260423_000721_000;0.0;2.8;154.0;noise;0.98;"""";"""";"""";"""";""""
Car640380-2026-Pass2-Z1-PaRecPR1925492_20260423_000721_000;0.0;2.5;45.0;Pippip;0.98;"""";"""";"""";"""";""""
Car640380-2026-Pass2-Z1-PaRecPR1925492_20260423_000811_000;0.4;5.0;153.0;noise;0.97;"""";"""";"""";"""";""""
Car640380-2026-Pass2-Z1-PaRecPR1925492_20260423_000811_000;0.0;5.0;94.0;Pippip;0.97;"""";"""";"""";"""";""""
Car640380-2026-Pass2-Z1-PaRecPR1925492_20260423_000816_000;0.0;3.8;153.0;noise;0.95;"""";"""";"""";"""";""""
Car640380-2026-Pass2-Z1-PaRecPR1925492_20260423_000816_000;0.0;3.8;51.0;Pippip;0.98;"""";"""";"""";"""";""""
Car640380-2026-Pass2-Z1-PaRecPR1925492_20260423_000943_000;0.1;5.0;153.0;noise;0.86;"""";"""";"""";"""";""""
Car640380-2026-Pass2-Z1-PaRecPR1925492_20260423_000943_000;0.2;5.0;50.0;Pippip;0.98;"""";"""";"""";"""";""""
Car640380-2026-Pass2-Z1-PaRecPR1925492_20260423_000948_000;4.5;4.6;34.0;Leppun;0.08;"""";"""";"""";"""";""""
Car640380-2026-Pass2-Z1-PaRecPR1925492_20260423_000948_000;0.1;4.9;154.0;noise;0.86;"""";"""";"""";"""";""""
Car640380-2026-Pass2-Z1-PaRecPR1925492_20260423_000948_000;0.1;5.0;50.0;Pippip;0.99;"""";"""";"""";"""";""""
Car640380-2026-Pass2-Z1-PaRecPR1925492_20260423_000953_000;0.2;4.6;153.0;noise;0.95;"""";"""";"""";"""";""""
Car640380-2026-Pass2-Z1-PaRecPR1925492_20260423_000953_000;0.1;4.6;48.0;Pippip;0.99;"""";"""";"""";"""";""""
Car640380-2026-Pass2-Z1-PaRecPR1925492_20260423_001145_000;0.3;2.1;153.0;noise;0.95;"""";"""";"""";"""";""""
Car640380-2026-Pass2-Z1-PaRecPR1925492_20260423_001158_000;0.4;2.1;153.0;noise;0.96;"""";"""";"""";"""";""""
Car640380-2026-Pass2-Z1-PaRecPR1925492_20260423_001336_000;0.3;5.0;153.0;noise;0.97;"""";"""";"""";"""";""""
Car640380-2026-Pass2-Z1-PaRecPR1925492_20260423_001336_000;0.0;5.0;56.0;Pippip;0.99;"""";"""";"""";"""";""""
Car640380-2026-Pass2-Z1-PaRecPR1925492_20260423_001341_000;0.0;1.9;154.0;noise;0.97;"""";"""";"""";"""";""""
Car640380-2026-Pass2-Z1-PaRecPR1925492_20260423_001341_000;0.0;1.9;46.0;Pippip;0.99;"""";"""";"""";"""";""""
Car640380-2026-Pass2-Z1-PaRecPR1925492_20260423_001528_000;0.1;2.0;153.0;noise;0.84;"""";"""";"""";"""";""""
Car640380-2026-Pass2-Z1-PaRecPR1925492_20260423_001528_000;0.0;1.8;56.0;Pippip;0.17;Pippyg;"""";"""";"""";""""
Car640380-2026-Pass2-Z1-PaRecPR1925492_20260423_001627_000;0.4;5.0;153.0;noise;0.96;"""";"""";"""";"""";""""
Car640380-2026-Pass2-Z1-PaRecPR1925492_20260423_001627_000;0.0;5.0;101.0;Pippip;0.92;"""";"""";"""";"""";""""
Car640380-2026-Pass2-Z1-PaRecPR1925492_20260423_001632_000;0.0;3.3;154.0;noise;0.98;"""";"""";"""";"""";""""
Car640380-2026-Pass2-Z1-PaRecPR1925492_20260423_001632_000;0.1;2.4;99.0;Pippip;0.97;"""";"""";"""";"""";""""
Car640380-2026-Pass2-Z1-PaRecPR1925492_20260423_001749_000;0.4;5.0;154.0;noise;0.94;"""";"""";"""";"""";""""
Car640380-2026-Pass2-Z1-PaRecPR1925492_20260423_001749_000;0.0;5.0;103.0;Pippip;0.95;"""";"""";"""";"""";""""
Car640380-2026-Pass2-Z1-PaRecPR1925492_20260423_001754_000;0.0;1.7;153.0;noise;0.97;"""";"""";"""";"""";""""
Car640380-2026-Pass2-Z1-PaRecPR1925492_20260423_001754_000;0.0;1.0;77.0;Pippip;0.95;"""";"""";"""";"""";""""
Car640380-2026-Pass2-Z1-PaRecPR1925492_20260423_001813_000;0.2;3.2;154.0;noise;0.94;"""";"""";"""";"""";""""
Car640380-2026-Pass2-Z1-PaRecPR1925492_20260423_001813_000;0.1;1.3;59.0;Pippip;0.98;"""";"""";"""";"""";""""
Car640380-2026-Pass2-Z1-PaRecPR1925492_20260423_001905_000;0.3;2.0;154.0;noise;0.97;"""";"""";"""";"""";""""
Car640380-2026-Pass2-Z1-PaRecPR1925492_20260423_001935_000;0.3;2.0;154.0;noise;0.98;"""";"""";"""";"""";""""
Car640380-2026-Pass2-Z1-PaRecPR1925492_20260423_001948_000;0.3;2.9;153.0;noise;0.97;"""";"""";"""";"""";""""
Car640380-2026-Pass2-Z1-PaRecPR1925492_20260423_001948_000;0.1;1.3;56.0;Pippyg;0.53;"""";"""";"""";"""";""""
Car640380-2026-Pass2-Z1-PaRecPR1925492_20260423_001958_000;0.4;4.7;154.0;noise;0.87;"""";"""";"""";"""";""""
Car640380-2026-Pass2-Z1-PaRecPR1925492_20260423_001958_000;0.1;4.7;51.0;Pippip;0.99;"""";"""";"""";"""";""""
Car640380-2026-Pass2-Z1-PaRecPR1925492_20260423_002002_000;0.0;2.5;154.0;noise;0.94;"""";"""";"""";"""";""""
Car640380-2026-Pass2-Z1-PaRecPR1925492_20260423_002002_000;0.0;2.5;51.0;Pippip;0.99;"""";"""";"""";"""";""""
Car640380-2026-Pass2-Z1-PaRecPR1925492_20260423_002106_000;0.4;4.1;153.0;noise;0.89;"""";"""";"""";"""";""""
Car640380-2026-Pass2-Z1-PaRecPR1925492_20260423_002106_000;0.0;2.6;57.0;Pippyg;0.18;Pippip, Minsch;"""";"""";"""";""""
Car640380-2026-Pass2-Z1-PaRecPR1925492_20260423_002117_000;0.3;5.0;153.0;noise;0.91;"""";"""";"""";"""";""""
Car640380-2026-Pass2-Z1-PaRecPR1925492_20260423_002117_000;0.2;5.0;101.0;Pippip;0.85;"""";"""";"""";"""";""""
Car640380-2026-Pass2-Z1-PaRecPR1925492_20260423_002122_000;0.0;1.3;153.0;noise;0.96;"""";"""";"""";"""";""""
Car640380-2026-Pass2-Z1-PaRecPR1925492_20260423_002122_000;0.0;1.0;53.0;Pippip;0.9;"""";"""";"""";"""";""""
Car640380-2026-Pass2-Z1-PaRecPR1925492_20260423_002130_000;0.4;5.0;153.0;noise;0.91;"""";"""";"""";"""";""""
Car640380-2026-Pass2-Z1-PaRecPR1925492_20260423_002130_000;0.1;4.9;54.0;Pippip;0.94;"""";"""";"""";"""";""""
Car640380-2026-Pass2-Z1-PaRecPR1925492_20260423_002135_000;0.0;0.1;54.0;Pippip;0.1;Minsch;"""";"""";"""";""""
Car640380-2026-Pass2-Z1-PaRecPR1925492_20260423_002135_000;0.0;2.1;154.0;noise;0.98;"""";"""";"""";"""";""""
Car640380-2026-Pass2-Z1-PaRecPR1925492_20260423_002448_000;0.1;2.1;153.0;noise;0.93;"""";"""";"""";"""";""""
Car640380-2026-Pass2-Z1-PaRecPR1925492_20260423_002454_000;0.0;5.0;154.0;noise;0.96;"""";"""";"""";"""";""""
Car640380-2026-Pass2-Z1-PaRecPR1925492_20260423_002454_000;0.0;5.0;88.0;Pippip;0.96;"""";"""";"""";"""";""""
Car640380-2026-Pass2-Z1-PaRecPR1925492_20260423_002459_000;0.0;2.3;153.0;noise;0.91;"""";"""";"""";"""";""""
Car640380-2026-Pass2-Z1-PaRecPR1925492_20260423_002459_000;0.0;2.0;46.0;Pippip;0.99;"""";"""";"""";"""";""""
Car640380-2026-Pass2-Z1-PaRecPR1925492_20260423_002656_000;0.4;5.0;153.0;noise;0.91;"""";"""";"""";"""";""""
Car640380-2026-Pass2-Z1-PaRecPR1925492_20260423_002656_000;0.1;4.4;47.0;Pippip;0.98;"""";"""";"""";"""";""""
Car640380-2026-Pass2-Z1-PaRecPR1925492_20260423_002701_000;0.0;0.3;154.0;noise;0.97;"""";"""";"""";"""";""""
Car640380-2026-Pass2-Z1-PaRecPR1925492_20260423_002819_000;0.3;4.9;153.0;noise;0.92;"""";"""";"""";"""";""""
Car640380-2026-Pass2-Z1-PaRecPR1925492_20260423_002819_000;0.1;3.7;58.0;Pippip;0.87;"""";"""";"""";"""";""""
Car640380-2026-Pass2-Z1-PaRecPR1925492_20260423_002836_000;0.3;5.0;153.0;noise;0.92;"""";"""";"""";"""";""""
Car640380-2026-Pass2-Z1-PaRecPR1925492_20260423_002836_000;0.3;5.0;54.0;Pippip;0.97;"""";"""";"""";"""";""""
Car640380-2026-Pass2-Z1-PaRecPR1925492_20260423_002841_000;0.0;0.4;153.0;noise;0.97;"""";"""";"""";"""";""""
Car640380-2026-Pass2-Z1-PaRecPR1925492_20260423_002841_000;0.0;0.6;49.0;Pippip;0.99;"""";"""";"""";"""";""""
Car640380-2026-Pass2-Z1-PaRecPR1925492_20260423_002842_000;0.4;5.0;153.0;noise;0.86;"""";"""";"""";"""";""""
Car640380-2026-Pass2-Z1-PaRecPR1925492_20260423_002842_000;0.0;5.0;55.0;Pippip;0.98;"""";"""";"""";"""";""""
Car640380-2026-Pass2-Z1-PaRecPR1925492_20260423_002847_000;0.0;2.1;154.0;noise;0.97;"""";"""";"""";"""";""""
Car640380-2026-Pass2-Z1-PaRecPR1925492_20260423_002847_000;0.0;2.1;51.0;Pippip;0.99;"""";"""";"""";"""";""""
Car640380-2026-Pass2-Z1-PaRecPR1925492_20260423_002850_000;0.4;4.0;154.0;noise;0.95;"""";"""";"""";"""";""""
Car640380-2026-Pass2-Z1-PaRecPR1925492_20260423_002850_000;0.1;4.0;55.0;Pippip;0.98;"""";"""";"""";"""";""""
Car640380-2026-Pass2-Z1-PaRecPR1925492_20260423_002900_000;0.4;5.0;154.0;noise;0.96;"""";"""";"""";"""";""""
Car640380-2026-Pass2-Z1-PaRecPR1925492_20260423_002900_000;0.0;5.0;54.0;Pippip;0.97;"""";"""";"""";"""";""""
Car640380-2026-Pass2-Z1-PaRecPR1925492_20260423_002905_000;0.0;5.0;153.0;noise;0.94;"""";"""";"""";"""";""""
Car640380-2026-Pass2-Z1-PaRecPR1925492_20260423_002905_000;0.0;5.0;56.0;Pippip;0.99;"""";"""";"""";"""";""""
Car640380-2026-Pass2-Z1-PaRecPR1925492_20260423_002910_000;0.0;5.0;153.0;noise;0.98;"""";"""";"""";"""";""""
Car640380-2026-Pass2-Z1-PaRecPR1925492_20260423_002910_000;0.0;5.0;94.0;Pippip;0.98;"""";"""";"""";"""";""""
Car640380-2026-Pass2-Z1-PaRecPR1925492_20260423_002915_000;0.0;3.2;153.0;noise;0.96;"""";"""";"""";"""";""""
Car640380-2026-Pass2-Z1-PaRecPR1925492_20260423_002915_000;0.0;2.8;52.0;Pippip;0.99;"""";"""";"""";"""";""""
Car640380-2026-Pass2-Z1-PaRecPR1925492_20260423_002928_000;0.4;5.0;152.0;noise;0.93;"""";"""";"""";"""";""""
Car640380-2026-Pass2-Z1-PaRecPR1925492_20260423_002928_000;0.6;4.7;19.0;Phanan;0.05;"""";"""";"""";"""";""""
Car640380-2026-Pass2-Z1-PaRecPR1925492_20260423_002928_000;0.1;4.9;55.0;Pippip;0.95;"""";"""";"""";"""";""""
Car640380-2026-Pass2-Z1-PaRecPR1925492_20260423_002933_000;0.0;4.9;153.0;noise;0.94;"""";"""";"""";"""";""""
Car640380-2026-Pass2-Z1-PaRecPR1925492_20260423_002933_000;0.0;3.0;98.0;Pippip;0.93;"""";"""";"""";"""";""""
Car640380-2026-Pass2-Z1-PaRecPR1925492_20260423_002933_000;0.9;3.7;20.0;Plaint;0.04;Tetvir, Phogri;"""";"""";"""";""""
Car640380-2026-Pass2-Z1-PaRecPR1925492_20260423_003007_000;0.4;4.2;154.0;noise;0.87;"""";"""";"""";"""";""""
Car640380-2026-Pass2-Z1-PaRecPR1925492_20260423_003007_000;0.0;3.2;53.0;Pippip;0.99;"""";"""";"""";"""";""""
Car640380-2026-Pass2-Z1-PaRecPR1925492_20260423_003013_000;0.4;4.5;154.0;noise;0.91;"""";"""";"""";"""";""""
Car640380-2026-Pass2-Z1-PaRecPR1925492_20260423_003013_000;0.0;4.6;57.0;Pippip;0.94;"""";"""";"""";"""";""""
Car640380-2026-Pass2-Z1-PaRecPR1925492_20260423_003025_000;0.4;5.0;153.0;noise;0.95;"""";"""";"""";"""";""""
Car640380-2026-Pass2-Z1-PaRecPR1925492_20260423_003025_000;0.0;5.0;92.0;Pippip;0.97;"""";"""";"""";"""";""""
Car640380-2026-Pass2-Z1-PaRecPR1925492_20260423_003030_000;0.0;2.7;154.0;noise;0.99;"""";"""";"""";"""";""""
Car640380-2026-Pass2-Z1-PaRecPR1925492_20260423_003030_000;0.0;2.5;48.0;Pippip;0.99;"""";"""";"""";"""";""""
Car640380-2026-Pass2-Z1-PaRecPR1925492_20260423_003113_000;0.4;5.0;154.0;noise;0.91;"""";"""";"""";"""";""""
Car640380-2026-Pass2-Z1-PaRecPR1925492_20260423_003113_000;0.3;5.0;103.0;Pippip;0.9;"""";"""";"""";"""";""""
Car640380-2026-Pass2-Z1-PaRecPR1925492_20260423_003118_000;0.0;4.1;154.0;noise;0.88;"""";"""";"""";"""";""""
Car640380-2026-Pass2-Z1-PaRecPR1925492_20260423_003118_000;0.0;4.0;77.0;Pippip;0.94;"""";"""";"""";"""";""""
Car640380-2026-Pass2-Z1-PaRecPR1925492_20260423_003244_000;0.1;5.0;145.0;noise;0.9;"""";"""";"""";"""";""""
Car640380-2026-Pass2-Z1-PaRecPR1925492_20260423_003244_000;0.4;3.8;20.0;Phanan;0.03;Tetvir, Phogri;"""";"""";"""";""""
Car640380-2026-Pass2-Z1-PaRecPR1925492_20260423_003244_000;0.3;5.0;59.0;Pippip;0.89;"""";"""";"""";"""";""""
Car640380-2026-Pass2-Z1-PaRecPR1925492_20260423_003249_000;0.0;3.8;153.0;noise;0.96;"""";"""";"""";"""";""""
Car640380-2026-Pass2-Z1-PaRecPR1925492_20260423_003249_000;0.0;3.7;100.0;Pippip;0.95;"""";"""";"""";"""";""""
Car640380-2026-Pass2-Z1-PaRecPR1925492_20260423_003328_000;0.4;2.1;153.0;noise;0.96;"""";"""";"""";"""";""""
Car640380-2026-Pass2-Z1-PaRecPR1925492_20260423_003328_000;0.3;1.4;21.0;Isopyr;0.05;Pippip;"""";"""";"""";""""
Car640380-2026-Pass2-Z1-PaRecPR1925492_20260423_003550_000;0.4;2.4;153.0;noise;0.9;"""";"""";"""";"""";""""
Car640380-2026-Pass2-Z1-PaRecPR1925492_20260423_003550_000;0.3;2.4;37.0;Pippip;0.5;"""";"""";"""";"""";""""
Car640380-2026-Pass2-Z1-PaRecPR1925492_20260423_003646_000;0.1;5.0;153.0;noise;0.93;"""";"""";"""";"""";""""
Car640380-2026-Pass2-Z1-PaRecPR1925492_20260423_003646_000;0.0;5.0;103.0;Pippip;0.93;"""";"""";"""";"""";""""
Car640380-2026-Pass2-Z1-PaRecPR1925492_20260423_003651_000;0.0;3.4;153.0;noise;0.94;"""";"""";"""";"""";""""
Car640380-2026-Pass2-Z1-PaRecPR1925492_20260423_003651_000;0.0;1.9;68.0;Pippip;0.97;"""";"""";"""";"""";""""
Car640380-2026-Pass2-Z1-PaRecPR1925492_20260423_003737_000;0.3;2.5;153.0;noise;0.97;"""";"""";"""";"""";""""
Car640380-2026-Pass2-Z1-PaRecPR1925492_20260423_003737_000;0.3;0.5;22.0;Pippip;0.27;"""";"""";"""";"""";""""
Car640380-2026-Pass2-Z1-PaRecPR1925492_20260423_003809_000;0.4;2.8;153.0;noise;0.95;"""";"""";"""";"""";""""
Car640380-2026-Pass2-Z1-PaRecPR1925492_20260423_003809_000;0.1;2.8;53.0;Pippip;0.97;"""";"""";"""";"""";""""
Car640380-2026-Pass2-Z1-PaRecPR1925492_20260423_003819_000;0.0;2.5;153.0;noise;0.82;"""";"""";"""";"""";""""
Car640380-2026-Pass2-Z1-PaRecPR1925492_20260423_003825_000;0.4;2.6;153.0;noise;0.87;"""";"""";"""";"""";""""
Car640380-2026-Pass2-Z1-PaRecPR1925492_20260423_003825_000;0.2;1.7;57.0;Pippip;0.97;"""";"""";"""";"""";""""
Car640380-2026-Pass2-Z1-PaRecPR1925492_20260423_003834_000;0.3;0.4;21.0;noise;0.66;"""";"""";"""";"""";""""
Car640380-2026-Pass2-Z1-PaRecPR1925492_20260423_003834_000;0.3;2.0;55.0;Pippip;0.72;"""";"""";"""";"""";""""
Car640380-2026-Pass2-Z1-PaRecPR1925492_20260423_003834_000;0.4;2.5;154.0;Rhihip;0.09;"""";"""";"""";"""";""""
Car640380-2026-Pass2-Z1-PaRecPR1925492_20260423_003851_000;0.0;2.0;153.0;noise;0.86;"""";"""";"""";"""";""""
Car640380-2026-Pass2-Z1-PaRecPR1925492_20260423_003851_000;0.1;2.0;55.0;Pippip;0.97;"""";"""";"""";"""";""""
Car640380-2026-Pass2-Z1-PaRecPR1925492_20260423_003909_000;0.3;2.1;153.0;noise;0.85;"""";"""";"""";"""";""""
Car640380-2026-Pass2-Z1-PaRecPR1925492_20260423_004115_000;0.4;2.4;154.0;noise;0.91;"""";"""";"""";"""";""""
Car640380-2026-Pass2-Z1-PaRecPR1925492_20260423_004115_000;0.3;1.0;23.0;Nyclei;0.99;"""";"""";"""";"""";""""
Car640380-2026-Pass2-Z1-PaRecPR1925492_20260423_004121_000;0.4;2.9;154.0;noise;0.81;"""";"""";"""";"""";""""
Car640380-2026-Pass2-Z1-PaRecPR1925492_20260423_004121_000;0.3;2.1;23.0;Nyclei;0.99;"""";"""";"""";"""";""""
Car640380-2026-Pass2-Z1-PaRecPR1925492_20260423_004201_000;0.3;4.9;27.0;Nyclei;0.44;Eptser;"""";"""";"""";""""
Car640380-2026-Pass2-Z1-PaRecPR1925492_20260423_004201_000;0.3;5.0;153.0;noise;0.88;"""";"""";"""";"""";""""
Car640380-2026-Pass2-Z1-PaRecPR1925492_20260423_004201_000;1.0;4.9;14.0;Tetvir;0.02;piaf, Phogri, Mimasp, Yposp, Yerray, Yerbey, Vesmur, Urosp, Tyllil, Thycor, Tetpyg, Tetarg, Testes, Tadten, Sepsep, Rusnit, Roeroe, Rhihip, Rhifer, Rhieur, Rhasp, Ratnor, Plemac, Pleaus, Pleaur, Plasab, Plaint, Plafal, Plaalb, Plaaff, Pippyg, Pippip, Pipnat, Pipkuh, Phofem, Phanan, Phafal, Nycnoc, Nyclas, Myonat, Myomys, MyoGT, Myoema, Myodau, Myogla, Myocap, Myobec, Myoalc, Mussp, Minsch, Micagr, Metbra, mamm, Leppun, Lepbos, Lepalb, Lamsp., Isopyr, Inssp8, Inssp7, Inssp5, Insp12, Insp11, Insp10, Hypsav, gril, Eupsp, Eptser, Eptnil, Epheph, Decalb, Cyrscu, Cympud, criq, Confus, Tetarg, Barfis, Barbar, Antsp, amph;"""";"""";"""";""""
Car640380-2026-Pass2-Z1-PaRecPR1925492_20260423_004206_000;0.1;2.8;153.0;noise;0.94;"""";"""";"""";"""";""""
Car640380-2026-Pass2-Z1-PaRecPR1925492_20260423_004206_000;0.1;2.6;15.0;Phogri;0.04;Phanan, Tetvir, Pippip;"""";"""";"""";""""
Car640380-2026-Pass2-Z1-PaRecPR1925492_20260423_004206_000;1.8;2.5;17.0;Tadten;0.03;Tetvir, Pippip, Pipkuh, Nyclei;"""";"""";"""";""""
Car640380-2026-Pass2-Z1-PaRecPR1925492_20260423_004234_000;0.4;5.0;154.0;noise;0.96;"""";"""";"""";"""";""""
Car640380-2026-Pass2-Z1-PaRecPR1925492_20260423_004234_000;0.0;5.0;92.0;Pippip;0.98;"""";"""";"""";"""";""""
Car640380-2026-Pass2-Z1-PaRecPR1925492_20260423_004239_000;0.0;1.6;153.0;noise;0.91;"""";"""";"""";"""";""""
Car640380-2026-Pass2-Z1-PaRecPR1925492_20260423_004239_000;0.7;0.8;48.0;Pippip;0.58;"""";"""";"""";"""";""""
Car640380-2026-Pass2-Z1-PaRecPR1925492_20260423_004326_000;0.4;5.0;153.0;noise;0.95;"""";"""";"""";"""";""""
Car640380-2026-Pass2-Z1-PaRecPR1925492_20260423_004326_000;0.0;5.0;92.0;Pippip;0.96;"""";"""";"""";"""";""""
Car640380-2026-Pass2-Z1-PaRecPR1925492_20260423_004331_000;0.0;2.1;154.0;noise;0.95;"""";"""";"""";"""";""""
Car640380-2026-Pass2-Z1-PaRecPR1925492_20260423_004331_000;0.0;1.0;46.0;Pippip;0.98;"""";"""";"""";"""";""""
Car640380-2026-Pass2-Z1-PaRecPR1925492_20260423_004406_000;0.1;2.0;153.0;noise;0.88;"""";"""";"""";"""";""""
Car640380-2026-Pass2-Z1-PaRecPR1925492_20260423_004728_000;0.0;5.0;153.0;noise;0.94;"""";"""";"""";"""";""""
Car640380-2026-Pass2-Z1-PaRecPR1925492_20260423_004728_000;0.0;5.0;52.0;Pippip;0.99;"""";"""";"""";"""";""""
Car640380-2026-Pass2-Z1-PaRecPR1925492_20260423_004733_000;0.0;1.6;154.0;noise;0.97;"""";"""";"""";"""";""""
Car640380-2026-Pass2-Z1-PaRecPR1925492_20260423_004733_000;0.0;1.4;47.0;Pippip;0.98;"""";"""";"""";"""";""""
Car640380-2026-Pass2-Z1-PaRecPR1925492_20260423_004749_000;0.0;5.0;153.0;noise;0.94;"""";"""";"""";"""";""""
Car640380-2026-Pass2-Z1-PaRecPR1925492_20260423_004749_000;0.0;4.9;55.0;Pippip;0.99;"""";"""";"""";"""";""""
Car640380-2026-Pass2-Z1-PaRecPR1925492_20260423_004754_000;0.0;0.9;153.0;noise;0.96;"""";"""";"""";"""";""""
Car640380-2026-Pass2-Z1-PaRecPR1925492_20260423_004754_000;0.1;0.9;47.0;Pippip;0.99;"""";"""";"""";"""";""""
Car640380-2026-Pass2-Z1-PaRecPR1925492_20260423_004842_000;0.8;4.4;51.0;noise;0.85;"""";"""";"""";"""";""""
Car640380-2026-Pass2-Z1-PaRecPR1925492_20260423_004842_000;0.0;5.0;52.0;Pippip;0.98;"""";"""";"""";"""";""""
Car640380-2026-Pass2-Z1-PaRecPR1925492_20260423_004842_000;0.4;5.0;153.0;Rhihip;0.12;"""";"""";"""";"""";""""
Car640380-2026-Pass2-Z1-PaRecPR1925492_20260423_004847_000;0.0;1.5;154.0;noise;0.92;"""";"""";"""";"""";""""
Car640380-2026-Pass2-Z1-PaRecPR1925492_20260423_004847_000;0.0;1.3;43.0;Pippip;0.77;"""";"""";"""";"""";""""
Car640380-2026-Pass2-Z1-PaRecPR1925492_20260423_005125_000;0.3;2.1;153.0;noise;0.95;"""";"""";"""";"""";""""
Car640380-2026-Pass2-Z1-PaRecPR1925492_20260423_005420_000;0.4;5.0;154.0;noise;0.95;"""";"""";"""";"""";""""
Car640380-2026-Pass2-Z1-PaRecPR1925492_20260423_005420_000;0.2;5.0;51.0;Pippip;0.99;"""";"""";"""";"""";""""
Car640380-2026-Pass2-Z1-PaRecPR1925492_20260423_005425_000;0.1;1.7;154.0;noise;0.97;"""";"""";"""";"""";""""
Car640380-2026-Pass2-Z1-PaRecPR1925492_20260423_005425_000;0.0;1.0;48.0;Pippip;0.97;"""";"""";"""";"""";""""
Car640380-2026-Pass2-Z1-PaRecPR1925492_20260423_010000_000;0.3;3.1;153.0;noise;0.92;"""";"""";"""";"""";""""
Car640380-2026-Pass2-Z1-PaRecPR1925492_20260423_010000_000;0.3;1.1;24.0;Nyclei;0.99;"""";"""";"""";"""";""""
Car640380-2026-Pass2-Z1-PaRecPR1925492_20260423_010004_000;0.4;3.9;153.0;noise;0.79;"""";"""";"""";"""";""""
Car640380-2026-Pass2-Z1-PaRecPR1925492_20260423_010004_000;0.3;2.0;22.0;Nyclei;0.99;"""";"""";"""";"""";""""
Car640380-2026-Pass2-Z1-PaRecPR1925492_20260423_010009_000;0.4;2.4;153.0;noise;0.91;"""";"""";"""";"""";""""
Car640380-2026-Pass2-Z1-PaRecPR1925492_20260423_010009_000;0.3;1.0;22.0;Nyclei;0.99;"""";"""";"""";"""";""""
Car640380-2026-Pass2-Z1-PaRecPR1925492_20260423_010036_000;0.1;2.1;153.0;noise;0.95;"""";"""";"""";"""";""""
Car640380-2026-Pass2-Z1-PaRecPR1925492_20260423_010357_000;0.4;5.0;154.0;noise;0.95;"""";"""";"""";"""";""""
Car640380-2026-Pass2-Z1-PaRecPR1925492_20260423_010357_000;0.1;5.0;51.0;Pippip;0.98;"""";"""";"""";"""";""""
Car640380-2026-Pass2-Z1-PaRecPR1925492_20260423_010402_000;0.0;0.7;153.0;noise;0.97;"""";"""";"""";"""";""""
Car640380-2026-Pass2-Z1-PaRecPR1925492_20260423_010402_000;0.0;0.8;51.0;Pippip;0.98;"""";"""";"""";"""";""""
Car640380-2026-Pass2-Z1-PaRecPR1925492_20260423_010422_000;0.0;2.1;153.0;noise;0.92;"""";"""";"""";"""";""""
Car640380-2026-Pass2-Z1-PaRecPR1925492_20260423_010721_000;0.4;4.0;153.0;noise;0.92;"""";"""";"""";"""";""""
Car640380-2026-Pass2-Z1-PaRecPR1925492_20260423_010721_000;0.1;3.1;54.0;Pippip;0.99;"""";"""";"""";"""";""""
Car640380-2026-Pass2-Z1-PaRecPR1925492_20260423_010801_000;0.0;3.3;35.0;Barbar;0.99;"""";"""";"""";"""";""""
Car640380-2026-Pass2-Z1-PaRecPR1925492_20260423_010801_000;0.4;4.1;153.0;noise;0.7;"""";"""";"""";"""";""""
Car640380-2026-Pass2-Z1-PaRecPR1925492_20260423_010937_000;0.3;2.1;153.0;noise;0.97;"""";"""";"""";"""";""""
Car640380-2026-Pass2-Z1-PaRecPR1925492_20260423_010937_000;0.3;0.5;23.0;Nyclei;0.96;"""";"""";"""";"""";""""
Car640380-2026-Pass2-Z1-PaRecPR1925492_20260423_010937_000;0.4;1.1;47.0;Pippip;0.91;"""";"""";"""";"""";""""
Car640380-2026-Pass2-Z1-PaRecPR1925492_20260423_011009_000;0.3;2.1;153.0;noise;0.98;"""";"""";"""";"""";""""
Car640380-2026-Pass2-Z1-PaRecPR1925492_20260423_011040_000;0.3;2.0;153.0;noise;0.97;"""";"""";"""";"""";""""
Car640380-2026-Pass2-Z1-PaRecPR1925492_20260423_011118_000;0.0;2.0;153.0;noise;0.97;"""";"""";"""";"""";""""
Car640380-2026-Pass2-Z1-PaRecPR1925492_20260423_011133_000;0.0;4.9;153.0;noise;0.93;"""";"""";"""";"""";""""
Car640380-2026-Pass2-Z1-PaRecPR1925492_20260423_011133_000;0.4;4.8;26.0;Nyclei;0.98;"""";"""";"""";"""";""""
Car640380-2026-Pass2-Z1-PaRecPR1925492_20260423_011139_000;0.4;3.8;153.0;noise;0.95;"""";"""";"""";"""";""""
Car640380-2026-Pass2-Z1-PaRecPR1925492_20260423_011139_000;0.3;1.8;25.0;Nyclei;0.99;"""";"""";"""";"""";""""
Car640380-2026-Pass2-Z1-PaRecPR1925492_20260423_011223_000;0.0;2.0;153.0;noise;0.96;"""";"""";"""";"""";""""
Car640380-2026-Pass2-Z1-PaRecPR1925492_20260423_011305_000;0.1;2.8;153.0;noise;0.93;"""";"""";"""";"""";""""
Car640380-2026-Pass2-Z1-PaRecPR1925492_20260423_011305_000;0.3;0.9;23.0;Nyclei;0.99;"""";"""";"""";"""";""""
Car640380-2026-Pass2-Z1-PaRecPR1925492_20260423_011535_000;0.2;4.6;154.0;noise;0.86;"""";"""";"""";"""";""""
Car640380-2026-Pass2-Z1-PaRecPR1925492_20260423_011535_000;0.3;3.5;26.0;Nyclei;0.99;"""";"""";"""";"""";""""
Car640380-2026-Pass2-Z1-PaRecPR1925492_20260423_011542_000;0.3;2.5;153.0;noise;0.95;"""";"""";"""";"""";""""
Car640380-2026-Pass2-Z1-PaRecPR1925492_20260423_011542_000;0.3;1.0;22.0;Nyclei;0.99;"""";"""";"""";"""";""""
Car640380-2026-Pass2-Z1-PaRecPR1925492_20260423_011624_000;0.4;4.2;153.0;noise;0.84;"""";"""";"""";"""";""""
Car640380-2026-Pass2-Z1-PaRecPR1925492_20260423_011624_000;0.3;2.2;23.0;Nyclei;0.99;"""";"""";"""";"""";""""
Car640380-2026-Pass2-Z1-PaRecPR1925492_20260423_011629_000;0.4;2.8;154.0;noise;0.87;"""";"""";"""";"""";""""
Car640380-2026-Pass2-Z1-PaRecPR1925492_20260423_011629_000;0.3;1.0;22.0;Nyclei;0.99;"""";"""";"""";"""";""""
Car640380-2026-Pass2-Z1-PaRecPR1925492_20260423_012532_000;0.1;3.1;153.0;noise;0.88;"""";"""";"""";"""";""""
Car640380-2026-Pass2-Z1-PaRecPR1925492_20260423_012532_000;0.3;1.9;26.0;Nyclei;0.97;"""";"""";"""";"""";""""
Car640380-2026-Pass2-Z1-PaRecPR1925492_20260423_012537_000;0.2;2.8;154.0;noise;0.9;"""";"""";"""";"""";""""
Car640380-2026-Pass2-Z1-PaRecPR1925492_20260423_012537_000;0.3;1.7;22.0;Nyclei;0.99;"""";"""";"""";"""";""""
Car640380-2026-Pass2-Z1-PaRecPR1925492_20260423_012717_000;0.3;1.2;54.0;Myonat;0.14;"""";"""";"""";"""";""""
Car640380-2026-Pass2-Z1-PaRecPR1925492_20260423_012717_000;0.1;2.9;153.0;noise;0.65;"""";"""";"""";"""";""""
Car640380-2026-Pass2-Z1-PaRecPR1925492_20260423_012717_000;0.8;1.6;40.0;Testes;0.04;Yposp, Pippip, Leppun, Inssp7, Inssp5;"""";"""";"""";""""
Car640380-2026-Pass2-Z1-PaRecPR1925492_20260423_013803_000;0.1;2.8;114.0;Rhihip;0.98;"""";"""";"""";"""";""""
Car640380-2026-Pass2-Z1-PaRecPR1925492_20260423_014338_000;0.1;2.0;154.0;noise;0.97;"""";"""";"""";"""";""""
Car640380-2026-Pass2-Z1-PaRecPR1925492_20260423_014500_000;0.0;2.0;153.0;noise;0.94;"""";"""";"""";"""";""""
Car640380-2026-Pass2-Z1-PaRecPR1925492_20260423_015045_000;0.1;5.0;153.0;noise;0.89;"""";"""";"""";"""";""""
Car640380-2026-Pass2-Z1-PaRecPR1925492_20260423_015045_000;0.2;5.0;55.0;Pippip;0.99;"""";"""";"""";"""";""""
Car640380-2026-Pass2-Z1-PaRecPR1925492_20260423_015050_000;0.0;2.3;154.0;noise;0.97;"""";"""";"""";"""";""""
Car640380-2026-Pass2-Z1-PaRecPR1925492_20260423_015050_000;0.0;2.1;46.0;Pippip;0.99;"""";"""";"""";"""";""""
Car640380-2026-Pass2-Z1-PaRecPR1925492_20260423_015102_000;0.2;2.1;153.0;noise;0.93;"""";"""";"""";"""";""""
Car640380-2026-Pass2-Z1-PaRecPR1925492_20260423_015531_000;0.4;4.6;153.0;noise;0.97;"""";"""";"""";"""";""""
Car640380-2026-Pass2-Z1-PaRecPR1925492_20260423_015531_000;0.0;4.1;45.0;Pippip;0.96;"""";"""";"""";"""";""""
Car640380-2026-Pass2-Z1-PaRecPR1925492_20260423_015908_000;0.3;2.1;153.0;noise;0.93;"""";"""";"""";"""";""""
Car640380-2026-Pass2-Z1-PaRecPR1925492_20260423_020252_000;2.7;4.3;14.0;noise;0.96;"""";"""";"""";"""";""""
Car640380-2026-Pass2-Z1-PaRecPR1925492_20260423_020252_000;0.1;5.0;95.0;Pippip;0.96;"""";"""";"""";"""";""""
Car640380-2026-Pass2-Z1-PaRecPR1925492_20260423_020252_000;0.4;4.9;154.0;Rhihip;0.41;"""";"""";"""";"""";""""
Car640380-2026-Pass2-Z1-PaRecPR1925492_20260423_020257_000;0.0;2.5;153.0;noise;0.96;"""";"""";"""";"""";""""
Car640380-2026-Pass2-Z1-PaRecPR1925492_20260423_020257_000;0.2;2.2;50.0;Pippip;0.98;"""";"""";"""";"""";""""
Car640380-2026-Pass2-Z1-PaRecPR1925492_20260423_020447_000;0.3;2.0;153.0;noise;0.96;"""";"""";"""";"""";""""
Car640380-2026-Pass2-Z1-PaRecPR1925492_20260423_020716_000;0.3;0.4;20.0;noise;0.89;"""";"""";"""";"""";""""
Car640380-2026-Pass2-Z1-PaRecPR1925492_20260423_020716_000;0.0;2.0;153.0;Rhihip;0.07;"""";"""";"""";"""";""""
Car640380-2026-Pass2-Z1-PaRecPR1925492_20260423_020753_000;0.5;0.8;130.0;noise;0.92;"""";"""";"""";"""";""""
Car640380-2026-Pass2-Z1-PaRecPR1925492_20260423_020753_000;0.1;2.0;153.0;Rhihip;0.96;"""";"""";"""";"""";""""
Car640380-2026-Pass2-Z1-PaRecPR1925492_20260423_020809_000;0.3;2.0;154.0;noise;0.95;"""";"""";"""";"""";""""
Car640380-2026-Pass2-Z1-PaRecPR1925492_20260423_020826_000;0.2;2.0;153.0;noise;0.97;"""";"""";"""";"""";""""
Car640380-2026-Pass2-Z1-PaRecPR1925492_20260423_020845_000;0.3;2.1;153.0;noise;0.96;"""";"""";"""";"""";""""
Car640380-2026-Pass2-Z1-PaRecPR1925492_20260423_020942_000;0.3;2.0;153.0;noise;0.92;"""";"""";"""";"""";""""
Car640380-2026-Pass2-Z1-PaRecPR1925492_20260423_021046_000;0.3;2.0;153.0;noise;0.93;"""";"""";"""";"""";""""
Car640380-2026-Pass2-Z1-PaRecPR1925492_20260423_021244_000;0.4;2.0;154.0;noise;0.97;"""";"""";"""";"""";""""
Car640380-2026-Pass2-Z1-PaRecPR1925492_20260423_021458_000;0.0;2.0;153.0;noise;0.92;"""";"""";"""";"""";""""
Car640380-2026-Pass2-Z1-PaRecPR1925492_20260423_021530_000;0.2;2.1;154.0;noise;0.97;"""";"""";"""";"""";""""
Car640380-2026-Pass2-Z1-PaRecPR1925492_20260423_021539_000;0.3;2.7;153.0;noise;0.92;"""";"""";"""";"""";""""
Car640380-2026-Pass2-Z1-PaRecPR1925492_20260423_021543_000;0.3;3.0;153.0;noise;0.8;"""";"""";"""";"""";""""
Car640380-2026-Pass2-Z1-PaRecPR1925492_20260423_021849_000;0.4;2.4;153.0;noise;0.95;"""";"""";"""";"""";""""
Car640380-2026-Pass2-Z1-PaRecPR1925492_20260423_021908_000;1.8;1.9;16.0;noise;0.83;"""";"""";"""";"""";""""
Car640380-2026-Pass2-Z1-PaRecPR1925492_20260423_021908_000;0.2;3.8;153.0;Rhihip;0.09;"""";"""";"""";"""";""""
Car640380-2026-Pass2-Z1-PaRecPR1925492_20260423_022414_000;0.0;1.9;153.0;noise;0.98;"""";"""";"""";"""";""""
Car640380-2026-Pass2-Z1-PaRecPR1925492_20260423_022501_000;0.3;3.1;23.0;noise;0.65;"""";"""";"""";"""";""""
Car640380-2026-Pass2-Z1-PaRecPR1925492_20260423_022501_000;0.2;3.4;153.0;Rhihip;0.97;"""";"""";"""";"""";""""
Car640380-2026-Pass2-Z1-PaRecPR1925492_20260423_022815_000;0.3;2.1;154.0;noise;0.98;"""";"""";"""";"""";""""
Car640380-2026-Pass2-Z1-PaRecPR1925492_20260423_022842_000;0.2;5.0;153.0;noise;0.94;"""";"""";"""";"""";""""
Car640380-2026-Pass2-Z1-PaRecPR1925492_20260423_022842_000;0.0;5.0;91.0;Pippip;0.9;"""";"""";"""";"""";""""
Car640380-2026-Pass2-Z1-PaRecPR1925492_20260423_022847_000;0.0;4.2;153.0;noise;0.96;"""";"""";"""";"""";""""
Car640380-2026-Pass2-Z1-PaRecPR1925492_20260423_022847_000;0.0;3.2;45.0;Pippip;0.97;"""";"""";"""";"""";""""
Car640380-2026-Pass2-Z1-PaRecPR1925492_20260423_023108_000;0.0;2.1;153.0;noise;0.98;"""";"""";"""";"""";""""
Car640380-2026-Pass2-Z1-PaRecPR1925492_20260423_023119_000;0.3;2.0;153.0;noise;0.96;"""";"""";"""";"""";""""
Car640380-2026-Pass2-Z1-PaRecPR1925492_20260423_023232_000;0.4;2.3;154.0;noise;0.91;"""";"""";"""";"""";""""
Car640380-2026-Pass2-Z1-PaRecPR1925492_20260423_023232_000;0.3;1.2;25.0;Nyclei;0.98;"""";"""";"""";"""";""""
Car640380-2026-Pass2-Z1-PaRecPR1925492_20260423_023348_000;0.3;2.0;153.0;noise;0.92;"""";"""";"""";"""";""""
Car640380-2026-Pass2-Z1-PaRecPR1925492_20260423_023348_000;0.2;0.8;21.0;Pippip;0.03;Tetvir, Phogri, Phanan, Leppun;"""";"""";"""";""""
Car640380-2026-Pass2-Z1-PaRecPR1925492_20260423_023355_000;0.0;5.0;128.0;noise;0.94;"""";"""";"""";"""";""""
Car640380-2026-Pass2-Z1-PaRecPR1925492_20260423_023355_000;1.0;3.7;24.0;Tetvir;0.02;Phogri, Nyclei, Yposp, Yerray, Yerbey, Vesmur, Urosp, Tyllil, Thycor, Tetpyg, Tetarg, Testes, Tadten, Sepsep, Rusnit, Roeroe, Rhihip, Rhifer, Rhieur, Rhasp, Ratnor, Plemac, Pleaus, Pleaur, Plasab, Plaint, Plafal, Plaalb, Plaaff, Pippyg, Pippip, Pipnat, Pipkuh, piaf, Phofem, Phanan, Phafal, Nycnoc, Nyclas, Myonat, Myomys, MyoGT, Myoema, Myodau, Myogla, Myocap, Myobec, Myoalc, Mussp, Minsch, Mimasp, Micagr, Metbra, mamm, Leppun, Lepbos, Lepalb, Lamsp., Isopyr, Inssp8, Inssp7, Inssp5, Insp12, Insp11, Insp10, Hypsav, gril, Eupsp, Eptser, Eptnil, Epheph, Decalb, Cyrscu, Cympud, criq, Confus, Tetarg, Barfis, Barbar, Antsp, amph;"""";"""";"""";""""
Car640380-2026-Pass2-Z1-PaRecPR1925492_20260423_023400_000;0.0;0.6;154.0;noise;0.97;"""";"""";"""";"""";""""
Car640380-2026-Pass2-Z1-PaRecPR1925492_20260423_023557_000;0.3;2.0;153.0;noise;0.95;"""";"""";"""";"""";""""
Car640380-2026-Pass2-Z1-PaRecPR1925492_20260423_024204_000;0.0;5.0;153.0;noise;0.89;"""";"""";"""";"""";""""
Car640380-2026-Pass2-Z1-PaRecPR1925492_20260423_024204_000;0.0;4.9;88.0;Pippip;0.98;"""";"""";"""";"""";""""
Car640380-2026-Pass2-Z1-PaRecPR1925492_20260423_024209_000;0.0;1.8;153.0;noise;0.99;"""";"""";"""";"""";""""
Car640380-2026-Pass2-Z1-PaRecPR1925492_20260423_024209_000;0.0;2.1;44.0;Pippip;0.98;"""";"""";"""";"""";""""
Car640380-2026-Pass2-Z1-PaRecPR1925492_20260423_024405_000;0.1;2.0;153.0;noise;0.95;"""";"""";"""";"""";""""
Car640380-2026-Pass2-Z1-PaRecPR1925492_20260423_024640_000;0.4;5.0;154.0;noise;0.92;"""";"""";"""";"""";""""
Car640380-2026-Pass2-Z1-PaRecPR1925492_20260423_024640_000;0.4;4.0;15.0;Phanan;0.05;"""";"""";"""";"""";""""
Car640380-2026-Pass2-Z1-PaRecPR1925492_20260423_024640_000;0.3;2.1;11.0;Tadten;0.05;"""";"""";"""";"""";""""
Car640380-2026-Pass2-Z1-PaRecPR1925492_20260423_024645_000;0.1;1.7;153.0;noise;0.98;"""";"""";"""";"""";""""
Car640380-2026-Pass2-Z1-PaRecPR1925492_20260423_024753_000;0.4;5.0;153.0;noise;0.86;"""";"""";"""";"""";""""
Car640380-2026-Pass2-Z1-PaRecPR1925492_20260423_024753_000;0.2;4.9;92.0;Pippip;0.98;"""";"""";"""";"""";""""
Car640380-2026-Pass2-Z1-PaRecPR1925492_20260423_024758_000;0.0;2.6;154.0;noise;0.96;"""";"""";"""";"""";""""
Car640380-2026-Pass2-Z1-PaRecPR1925492_20260423_024758_000;0.1;2.1;46.0;Pippip;0.99;"""";"""";"""";"""";""""
Car640380-2026-Pass2-Z1-PaRecPR1925492_20260423_024845_000;0.4;2.0;154.0;noise;0.98;"""";"""";"""";"""";""""
Car640380-2026-Pass2-Z1-PaRecPR1925492_20260423_024921_000;0.4;2.1;153.0;noise;0.93;"""";"""";"""";"""";""""
Car640380-2026-Pass2-Z1-PaRecPR1925492_20260423_025143_000;0.1;2.0;153.0;noise;0.96;"""";"""";"""";"""";""""
Car640380-2026-Pass2-Z1-PaRecPR1925492_20260423_025205_000;0.1;2.1;153.0;noise;0.87;"""";"""";"""";"""";""""
Car640380-2026-Pass2-Z1-PaRecPR1925492_20260423_025726_000;0.1;2.1;154.0;noise;0.93;"""";"""";"""";"""";""""
Car640380-2026-Pass2-Z1-PaRecPR1925492_20260423_030054_000;0.2;2.0;153.0;noise;0.94;"""";"""";"""";"""";""""
Car640380-2026-Pass2-Z1-PaRecPR1925492_20260423_030113_000;0.4;3.7;154.0;noise;0.94;"""";"""";"""";"""";""""
Car640380-2026-Pass2-Z1-PaRecPR1925492_20260423_030113_000;0.0;3.6;79.0;Rhifer;0.99;"""";Rhifer;SUR;"""";""""
Car640380-2026-Pass2-Z1-PaRecPR1925492_20260423_030226_000;0.0;2.1;154.0;noise;0.97;"""";"""";"""";"""";""""
Car640380-2026-Pass2-Z1-PaRecPR1925492_20260423_030232_000;0.4;2.0;154.0;noise;0.95;"""";"""";"""";"""";""""
Car640380-2026-Pass2-Z1-PaRecPR1925492_20260423_030232_000;0.3;0.5;10.0;piaf;0.06;"""";"""";"""";"""";""""
Car640380-2026-Pass2-Z1-PaRecPR1925492_20260423_030238_000;0.4;2.4;154.0;noise;0.95;"""";"""";"""";"""";""""
Car640380-2026-Pass2-Z1-PaRecPR1925492_20260423_030238_000;0.3;0.5;13.0;Tetvir;0.02;Phogri, Nyclei, Yposp, Yerray, Yerbey, Vesmur, Urosp, Tyllil, Thycor, Tetpyg, Tetarg, Testes, Tadten, Sepsep, Rusnit, Roeroe, Rhihip, Rhifer, Rhieur, Rhasp, Ratnor, Plemac, Pleaus, Pleaur, Plasab, Plaint, Plafal, Plaalb, Plaaff, Pippyg, Pippip, Pipnat, Pipkuh, piaf, Phofem, Phanan, Phafal, Nycnoc, Nyclas, Myonat, Myomys, MyoGT, Myoema, Myodau, Myogla, Myocap, Myobec, Myoalc, Mussp, Minsch, Mimasp, Micagr, Metbra, mamm, Leppun, Lepbos, Lepalb, Lamsp., Isopyr, Inssp8, Inssp7, Inssp5, Insp12, Insp11, Insp10, Hypsav, gril, Eupsp, Eptser, Eptnil, Epheph, Decalb, Cyrscu, Cympud, criq, Confus, Tetarg, Barfis, Barbar, Antsp, amph;"""";"""";"""";""""
Car640380-2026-Pass2-Z1-PaRecPR1925492_20260423_030255_000;0.1;3.3;153.0;noise;0.9;"""";"""";"""";"""";""""
Car640380-2026-Pass2-Z1-PaRecPR1925492_20260423_030255_000;0.4;2.2;14.0;Tetvir;0.02;Pipkuh, Yposp, Yerray, Yerbey, Vesmur, Urosp, Tyllil, Thycor, Tetpyg, Tetarg, Testes, Tadten, Sepsep, Rusnit, Roeroe, Rhihip, Rhifer, Rhieur, Rhasp, Ratnor, Plemac, Pleaus, Pleaur, Plasab, Plaint, Plafal, Plaalb, Plaaff, Pippyg, Pippip, Pipnat, piaf, Phogri, Phofem, Phanan, Phafal, Nycnoc, Nyclei, Nyclas, Myonat, Myomys, MyoGT, Myoema, Myodau, Myogla, Myocap, Myobec, Myoalc, Mussp, Minsch, Mimasp, Micagr, Metbra, mamm, Leppun, Lepbos, Lepalb, Lamsp., Isopyr, Inssp8, Inssp7, Inssp5, Insp12, Insp11, Insp10, Hypsav, gril, Eupsp, Eptser, Eptnil, Epheph, Decalb, Cyrscu, Cympud, criq, Confus, Tetarg, Barfis, Barbar, Antsp, amph;"""";"""";"""";""""
Car640380-2026-Pass2-Z1-PaRecPR1925492_20260423_030259_000;0.1;1.8;15.0;noise;0.91;"""";"""";"""";"""";""""
Car640380-2026-Pass2-Z1-PaRecPR1925492_20260423_030259_000;0.4;3.7;153.0;Rhihip;0.07;"""";"""";"""";"""";""""
Car640380-2026-Pass2-Z1-PaRecPR1925492_20260423_030259_000;0.4;1.8;12.0;Tetvir;0.02;Tadten, Pippip, Pipkuh, Phanan, Yposp, Yerray, Yerbey, Vesmur, Urosp, Tyllil, Thycor, Tetpyg, Tetarg, Testes, Sepsep, Rusnit, Roeroe, Rhifer, Rhieur, Rhasp, Ratnor, Plemac, Pleaus, Pleaur, Plasab, Plaint, Plafal, Plaalb, Plaaff, Pippyg, Pipnat, piaf, Phogri, Phofem, Phafal, Nycnoc, Nyclei, Nyclas, Myonat, Myomys, MyoGT, Myoema, Myodau, Myogla, Myocap, Myobec, Myoalc, Mussp, Minsch, Mimasp, Micagr, Metbra, mamm, Leppun, Lepbos, Lepalb, Lamsp., Isopyr, Inssp8, Inssp7, Inssp5, Insp12, Insp11, Insp10, Hypsav, gril, Eupsp, Eptser, Eptnil, Epheph, Decalb, Cyrscu, Cympud, criq, Confus, Tetarg, Barfis, Barbar, Antsp, amph;"""";"""";"""";""""
Car640380-2026-Pass2-Z1-PaRecPR1925492_20260423_030305_000;0.0;2.4;154.0;noise;0.89;"""";"""";"""";"""";""""
Car640380-2026-Pass2-Z1-PaRecPR1925492_20260423_030305_000;0.4;0.5;15.0;Phanan;0.03;Tetvir, Pippip, Phogri;"""";"""";"""";""""
Car640380-2026-Pass2-Z1-PaRecPR1925492_20260423_030305_000;0.3;0.5;12.0;Tetvir;0.02;Tadten, Pippip, Pipkuh, Yposp, Yerray, Yerbey, Vesmur, Urosp, Tyllil, Thycor, Tetpyg, Tetarg, Testes, Sepsep, Rusnit, Roeroe, Rhihip, Rhifer, Rhieur, Rhasp, Ratnor, Plemac, Pleaus, Pleaur, Plasab, Plaint, Plafal, Plaalb, Plaaff, Pippyg, Pipnat, piaf, Phogri, Phofem, Phafal, Nycnoc, Nyclei, Nyclas, Myonat, Myomys, MyoGT, Myoema, Myodau, Myogla, Myocap, Myobec, Myoalc, Mussp, Minsch, Mimasp, Micagr, Metbra, mamm, Leppun, Lepbos, Lepalb, Lamsp., Isopyr, Inssp8, Inssp7, Inssp5, Insp12, Insp11, Insp10, Hypsav, gril, Eupsp, Eptser, Eptnil, Epheph, Decalb, Cyrscu, Cympud, criq, Confus, Tetarg, Barfis, Barbar, Antsp, amph;"""";"""";"""";""""
Car640380-2026-Pass2-Z1-PaRecPR1925492_20260423_030310_000;0.0;2.0;153.0;noise;0.95;"""";"""";"""";"""";""""
Car640380-2026-Pass2-Z1-PaRecPR1925492_20260423_030310_000;0.3;0.5;14.0;Phogri;0.03;Phanan, Tetvir, Pippip;"""";"""";"""";""""
Car640380-2026-Pass2-Z1-PaRecPR1925492_20260423_030313_000;0.3;2.0;154.0;noise;0.93;"""";"""";"""";"""";""""
Car640380-2026-Pass2-Z1-PaRecPR1925492_20260423_030336_000;0.3;2.4;153.0;noise;0.93;"""";"""";"""";"""";""""
Car640380-2026-Pass2-Z1-PaRecPR1925492_20260423_030348_000;0.3;2.0;153.0;noise;0.93;"""";"""";"""";"""";""""
Car640380-2026-Pass2-Z1-PaRecPR1925492_20260423_030348_000;0.4;0.5;15.0;Phogri;0.05;Tetvir;"""";"""";"""";""""
Car640380-2026-Pass2-Z1-PaRecPR1925492_20260423_030400_000;0.0;2.1;153.0;noise;0.98;"""";"""";"""";"""";""""
Car640380-2026-Pass2-Z1-PaRecPR1925492_20260423_030400_000;0.3;1.8;11.0;piaf;0.03;Tetvir, Tadten, Pippip;"""";"""";"""";""""
Car640380-2026-Pass2-Z1-PaRecPR1925492_20260423_030403_000;0.4;2.1;153.0;noise;0.96;"""";"""";"""";"""";""""
Car640380-2026-Pass2-Z1-PaRecPR1925492_20260423_030403_000;0.3;0.5;14.0;Tetvir;0.02;Pippip, Nyclei, Yposp, Yerray, Yerbey, Vesmur, Urosp, Tyllil, Thycor, Tetpyg, Tetarg, Testes, Tadten, Sepsep, Rusnit, Roeroe, Rhihip, Rhifer, Rhieur, Rhasp, Ratnor, Plemac, Pleaus, Pleaur, Plasab, Plaint, Plafal, Plaalb, Plaaff, Pippyg, Pipnat, Pipkuh, piaf, Phogri, Phofem, Phanan, Phafal, Nycnoc, Nyclas, Myonat, Myomys, MyoGT, Myoema, Myodau, Myogla, Myocap, Myobec, Myoalc, Mussp, Minsch, Mimasp, Micagr, Metbra, mamm, Leppun, Lepbos, Lepalb, Lamsp., Isopyr, Inssp8, Inssp7, Inssp5, Insp12, Insp11, Insp10, Hypsav, gril, Eupsp, Eptser, Eptnil, Epheph, Decalb, Cyrscu, Cympud, criq, Confus, Tetarg, Barfis, Barbar, Antsp, amph;"""";"""";"""";""""
Car640380-2026-Pass2-Z1-PaRecPR1925492_20260423_030413_000;0.0;2.0;153.0;noise;0.97;"""";"""";"""";"""";""""
Car640380-2026-Pass2-Z1-PaRecPR1925492_20260423_030413_000;0.3;0.5;12.0;piaf;0.04;Tetvir, Tadten, Pippip;"""";"""";"""";""""
Car640380-2026-Pass2-Z1-PaRecPR1925492_20260423_030418_000;0.4;5.0;153.0;noise;0.89;"""";"""";"""";"""";""""
Car640380-2026-Pass2-Z1-PaRecPR1925492_20260423_030418_000;0.3;3.3;15.0;Nycnoc;0.03;Tetvir, Tadten, Nyclei;"""";"""";"""";""""
Car640380-2026-Pass2-Z1-PaRecPR1925492_20260423_030418_000;1.6;3.3;15.0;Plaint;0.05;Tetvir;"""";"""";"""";""""
Car640380-2026-Pass2-Z1-PaRecPR1925492_20260423_030423_000;0.0;0.2;153.0;noise;0.99;"""";"""";"""";"""";""""
Car640380-2026-Pass2-Z1-PaRecPR1925492_20260423_030436_000;0.0;2.0;153.0;noise;0.89;"""";"""";"""";"""";""""
Car640380-2026-Pass2-Z1-PaRecPR1925492_20260423_030436_000;0.3;0.5;11.0;piaf;0.06;"""";"""";"""";"""";""""
Car640380-2026-Pass2-Z1-PaRecPR1925492_20260423_031931_000;0.3;2.0;154.0;noise;0.93;"""";"""";"""";"""";""""
Car640380-2026-Pass2-Z1-PaRecPR1925492_20260423_032155_000;1.5;1.6;22.0;noise;0.72;"""";"""";"""";"""";""""
Car640380-2026-Pass2-Z1-PaRecPR1925492_20260423_032155_000;0.0;3.9;54.0;Pippip;0.99;"""";"""";"""";"""";""""
Car640380-2026-Pass2-Z1-PaRecPR1925492_20260423_032155_000;0.4;5.0;153.0;Rhihip;0.1;"""";"""";"""";"""";""""
Car640380-2026-Pass2-Z1-PaRecPR1925492_20260423_032256_000;0.0;2.1;153.0;noise;0.96;"""";"""";"""";"""";""""
Car640380-2026-Pass2-Z1-PaRecPR1925492_20260423_032446_000;0.0;0.6;51.0;Myoema;0.57;"""";"""";"""";"""";""""
Car640380-2026-Pass2-Z1-PaRecPR1925492_20260423_032446_000;0.3;2.1;153.0;noise;0.82;"""";"""";"""";"""";""""
Car640380-2026-Pass2-Z1-PaRecPR1925492_20260423_032826_000;0.3;2.0;153.0;noise;0.95;"""";"""";"""";"""";""""
Car640380-2026-Pass2-Z1-PaRecPR1925492_20260423_033042_000;0.0;0.9;52.0;Myoema;0.26;Myomys;"""";"""";"""";""""
Car640380-2026-Pass2-Z1-PaRecPR1925492_20260423_033042_000;0.2;2.1;152.0;noise;0.87;"""";"""";"""";"""";""""
Car640380-2026-Pass2-Z1-PaRecPR1925492_20260423_033045_000;0.0;1.9;50.0;Myomys;0.34;"""";"""";"""";"""";""""
Car640380-2026-Pass2-Z1-PaRecPR1925492_20260423_033045_000;0.2;2.6;153.0;noise;0.82;"""";"""";"""";"""";""""
Car640380-2026-Pass2-Z1-PaRecPR1925492_20260423_033049_000;0.1;2.0;52.0;Myomys;0.36;"""";"""";"""";"""";""""
Car640380-2026-Pass2-Z1-PaRecPR1925492_20260423_033049_000;0.4;2.0;153.0;noise;0.75;"""";"""";"""";"""";""""
Car640380-2026-Pass2-Z1-PaRecPR1925492_20260423_033057_000;0.0;1.9;50.0;Myomys;0.25;"""";"""";"""";"""";""""
Car640380-2026-Pass2-Z1-PaRecPR1925492_20260423_033057_000;0.3;2.5;153.0;noise;0.7;"""";"""";"""";"""";""""
Car640380-2026-Pass2-Z1-PaRecPR1925492_20260423_033101_000;0.1;1.7;47.0;Myonat;0.81;"""";"""";"""";"""";""""
Car640380-2026-Pass2-Z1-PaRecPR1925492_20260423_033101_000;0.0;2.1;153.0;noise;0.71;"""";"""";"""";"""";""""
Car640380-2026-Pass2-Z1-PaRecPR1925492_20260423_033104_000;0.3;1.1;47.0;Myonat;0.16;Myomys;"""";"""";"""";""""
Car640380-2026-Pass2-Z1-PaRecPR1925492_20260423_033104_000;0.3;1.9;154.0;noise;0.9;"""";"""";"""";"""";""""
Car640380-2026-Pass2-Z1-PaRecPR1925492_20260423_033107_000;0.0;1.9;52.0;Myomys;0.08;Myodau, Myoalc, Myoema;"""";"""";"""";""""
Car640380-2026-Pass2-Z1-PaRecPR1925492_20260423_033107_000;0.4;2.5;153.0;noise;0.59;"""";"""";"""";"""";""""
Car640380-2026-Pass2-Z1-PaRecPR1925492_20260423_033110_000;0.4;2.2;50.0;Myonat;0.75;"""";"""";"""";"""";""""
Car640380-2026-Pass2-Z1-PaRecPR1925492_20260423_033110_000;0.4;2.5;154.0;noise;0.39;"""";"""";"""";"""";""""
Car640380-2026-Pass2-Z1-PaRecPR1925492_20260423_033113_000;0.0;1.8;48.0;Myoema;0.13;Myomys;"""";"""";"""";""""
Car640380-2026-Pass2-Z1-PaRecPR1925492_20260423_033113_000;0.3;2.6;153.0;noise;0.73;"""";"""";"""";"""";""""
Car640380-2026-Pass2-Z1-PaRecPR1925492_20260423_033116_000;0.2;2.2;49.0;Myomys;0.16;"""";"""";"""";"""";""""
Car640380-2026-Pass2-Z1-PaRecPR1925492_20260423_033116_000;0.3;2.5;153.0;noise;0.81;"""";"""";"""";"""";""""
Car640380-2026-Pass2-Z1-PaRecPR1925492_20260423_033116_000;0.4;2.7;153.0;Rhifer;0.33;"""";"""";"""";"""";""""
Car640380-2026-Pass2-Z1-PaRecPR1925492_20260423_033120_000;0.2;2.0;48.0;Myomys;0.18;"""";"""";"""";"""";""""
Car640380-2026-Pass2-Z1-PaRecPR1925492_20260423_033120_000;0.6;2.0;34.0;noise;0.75;"""";"""";"""";"""";""""
Car640380-2026-Pass2-Z1-PaRecPR1925492_20260423_033120_000;0.3;2.6;153.0;Rhihip;0.12;"""";"""";"""";"""";""""
Car640380-2026-Pass2-Z1-PaRecPR1925492_20260423_033123_000;0.3;1.5;47.0;Myonat;0.18;Myomys;"""";"""";"""";""""
Car640380-2026-Pass2-Z1-PaRecPR1925492_20260423_033123_000;0.4;2.1;153.0;noise;0.69;"""";"""";"""";"""";""""
Car640380-2026-Pass2-Z1-PaRecPR1925492_20260423_033126_000;0.1;1.1;49.0;Myomys;0.19;Myodau;"""";"""";"""";""""
Car640380-2026-Pass2-Z1-PaRecPR1925492_20260423_033126_000;0.4;2.5;131.0;noise;0.91;"""";"""";"""";"""";""""
Car640380-2026-Pass2-Z1-PaRecPR1925492_20260423_033305_000;0.0;2.2;50.0;Myomys;0.19;"""";"""";"""";"""";""""
Car640380-2026-Pass2-Z1-PaRecPR1925492_20260423_033305_000;0.4;2.8;153.0;noise;0.92;"""";"""";"""";"""";""""
Car640380-2026-Pass2-Z1-PaRecPR1925492_20260423_033310_000;0.1;0.7;52.0;Myomys;0.13;Myoema, Myoalc;"""";"""";"""";""""
Car640380-2026-Pass2-Z1-PaRecPR1925492_20260423_033310_000;0.3;2.0;153.0;noise;0.87;"""";"""";"""";"""";""""
Car640380-2026-Pass2-Z1-PaRecPR1925492_20260423_033313_000;0.0;2.5;46.0;Myonat;0.37;"""";"""";"""";"""";""""
Car640380-2026-Pass2-Z1-PaRecPR1925492_20260423_033313_000;0.0;2.7;153.0;noise;0.8;"""";"""";"""";"""";""""
Car640380-2026-Pass2-Z1-PaRecPR1925492_20260423_033403_000;0.3;3.5;25.0;Nyclei;0.99;"""";"""";"""";"""";""""
Car640380-2026-Pass2-Z1-PaRecPR1925492_20260423_033403_000;0.1;3.7;153.0;noise;0.48;"""";"""";"""";"""";""""
Car640380-2026-Pass2-Z1-PaRecPR1925492_20260423_033409_000;0.4;3.0;153.0;noise;0.87;"""";"""";"""";"""";""""
Car640380-2026-Pass2-Z1-PaRecPR1925492_20260423_033409_000;0.3;2.7;24.0;Nyclei;0.99;"""";"""";"""";"""";""""
Car640380-2026-Pass2-Z1-PaRecPR1925492_20260423_033414_000;0.4;2.4;153.0;noise;0.92;"""";"""";"""";"""";""""
Car640380-2026-Pass2-Z1-PaRecPR1925492_20260423_033414_000;0.3;1.4;23.0;Nyclei;0.99;"""";"""";"""";"""";""""
Car640380-2026-Pass2-Z1-PaRecPR1925492_20260423_033521_000;0.3;2.1;154.0;noise;0.96;"""";"""";"""";"""";""""
Car640380-2026-Pass2-Z1-PaRecPR1925492_20260423_034158_000;0.2;3.2;153.0;noise;0.91;"""";"""";"""";"""";""""
Car640380-2026-Pass2-Z1-PaRecPR1925492_20260423_034158_000;0.3;2.5;24.0;Nyclei;0.99;"""";"""";"""";"""";""""
Car640380-2026-Pass2-Z1-PaRecPR1925492_20260423_034922_000;0.4;2.1;153.0;noise;0.92;"""";"""";"""";"""";""""
Car640380-2026-Pass2-Z1-PaRecPR1925492_20260423_035155_000;0.4;2.0;153.0;noise;0.95;"""";"""";"""";"""";""""
Car640380-2026-Pass2-Z1-PaRecPR1925492_20260423_035724_000;0.0;2.1;154.0;noise;0.94;"""";"""";"""";"""";""""
Car640380-2026-Pass2-Z1-PaRecPR1925492_20260423_035748_000;0.4;2.1;153.0;noise;0.94;"""";"""";"""";"""";""""
Car640380-2026-Pass2-Z1-PaRecPR1925492_20260423_040103_000;0.3;5.0;153.0;noise;0.78;"""";"""";"""";"""";""""
Car640380-2026-Pass2-Z1-PaRecPR1925492_20260423_040103_000;0.3;3.4;24.0;Nyclei;0.99;"""";"""";"""";"""";""""
Car640380-2026-Pass2-Z1-PaRecPR1925492_20260423_040108_000;0.1;0.4;154.0;noise;0.99;"""";"""";"""";"""";""""
Car640380-2026-Pass2-Z1-PaRecPR1925492_20260423_040417_000;2.7;2.9;14.0;noise;0.63;"""";"""";"""";"""";""""
Car640380-2026-Pass2-Z1-PaRecPR1925492_20260423_040417_000;0.7;0.8;77.0;Tetvir;0.02;Rhifer, Pippip, Yposp, Yerray, Yerbey, Vesmur, Urosp, Tyllil, Thycor, Tetpyg, Tetarg, Testes, Tadten, Sepsep, Rusnit, Roeroe, Rhieur, Rhasp, Ratnor, Plemac, Pleaus, Pleaur, Plasab, Plaint, Plafal, Plaalb, Plaaff, Pippyg, Pipnat, Pipkuh, piaf, Phogri, Phofem, Phanan, Phafal, Nycnoc, Nyclei, Nyclas, Myonat, Myomys, MyoGT, Myoema, Myodau, Myogla, Myocap, Myobec, Myoalc, Mussp, Minsch, Mimasp, Micagr, Metbra, mamm, Leppun, Lepbos, Lepalb, Lamsp., Isopyr, Inssp8, Inssp7, Inssp5, Insp12, Insp11, Insp10, Hypsav, gril, Eupsp, Eptser, Eptnil, Epheph, Decalb, Cyrscu, Cympud, criq, Confus, Tetarg, Barfis, Barbar, Antsp, amph;"""";"""";"""";""""
Car640380-2026-Pass2-Z1-PaRecPR1925492_20260423_040417_000;0.0;2.8;108.0;Rhihip;0.98;"""";"""";"""";"""";""""
Car640380-2026-Pass2-Z1-PaRecPR1925492_20260423_040928_000;0.3;2.0;153.0;noise;0.97;"""";"""";"""";"""";""""
Car640380-2026-Pass2-Z1-PaRecPR1925492_20260423_040934_000;0.3;2.0;154.0;noise;0.97;"""";"""";"""";"""";""""
Car640380-2026-Pass2-Z1-PaRecPR1925492_20260423_041041_000;0.1;1.9;153.0;noise;0.95;"""";"""";"""";"""";""""
Car640380-2026-Pass2-Z1-PaRecPR1925492_20260423_041143_000;0.3;2.1;154.0;noise;0.95;"""";"""";"""";"""";""""
Car640380-2026-Pass2-Z1-PaRecPR1925492_20260423_041408_000;0.0;2.5;153.0;Rhihip;0.97;"""";"""";"""";"""";""""
Car640380-2026-Pass2-Z1-PaRecPR1925492_20260423_041817_000;0.4;2.4;153.0;noise;0.92;"""";"""";"""";"""";""""
Car640380-2026-Pass2-Z1-PaRecPR1925492_20260423_041817_000;0.3;0.5;23.0;Nyclei;0.99;"""";"""";"""";"""";""""
Car640380-2026-Pass2-Z1-PaRecPR1925492_20260423_042115_000;0.4;2.5;154.0;noise;0.92;"""";"""";"""";"""";""""
Car640380-2026-Pass2-Z1-PaRecPR1925492_20260423_042115_000;0.3;1.0;22.0;Nyclei;0.99;"""";"""";"""";"""";""""
Car640380-2026-Pass2-Z1-PaRecPR1925492_20260423_042120_000;0.0;2.5;154.0;noise;0.86;"""";"""";"""";"""";""""
Car640380-2026-Pass2-Z1-PaRecPR1925492_20260423_042120_000;0.3;0.9;22.0;Nyclei;0.99;"""";"""";"""";"""";""""
Car640380-2026-Pass2-Z1-PaRecPR1925492_20260423_042301_000;0.1;2.0;154.0;noise;0.96;"""";"""";"""";"""";""""
Car640380-2026-Pass2-Z1-PaRecPR1925492_20260423_042301_000;0.3;0.5;24.0;Nyclei;0.19;"""";"""";"""";"""";""""
Car640380-2026-Pass2-Z1-PaRecPR1925492_20260423_042306_000;0.4;2.4;153.0;noise;0.86;"""";"""";"""";"""";""""
Car640380-2026-Pass2-Z1-PaRecPR1925492_20260423_042306_000;0.3;0.5;22.0;Nyclei;0.99;"""";"""";"""";"""";""""
Car640380-2026-Pass2-Z1-PaRecPR1925492_20260423_042504_000;0.1;2.0;153.0;noise;0.99;"""";"""";"""";"""";""""
Car640380-2026-Pass2-Z1-PaRecPR1925492_20260423_042704_000;0.3;2.1;154.0;noise;0.92;"""";"""";"""";"""";""""
Car640380-2026-Pass2-Z1-PaRecPR1925492_20260423_043259_000;0.3;2.0;153.0;noise;0.98;"""";"""";"""";"""";""""
Car640380-2026-Pass2-Z1-PaRecPR1925492_20260423_044541_000;0.2;2.1;154.0;noise;0.99;"""";"""";"""";"""";""""
Car640380-2026-Pass2-Z1-PaRecPR1925492_20260423_044618_000;0.3;2.0;153.0;noise;0.94;"""";"""";"""";"""";""""
Car640380-2026-Pass2-Z1-PaRecPR1925492_20260423_045038_000;0.4;2.3;153.0;noise;0.94;"""";"""";"""";"""";""""
Car640380-2026-Pass2-Z1-PaRecPR1925492_20260423_045038_000;0.3;0.5;24.0;Nyclei;0.99;"""";"""";"""";"""";""""
Car640380-2026-Pass2-Z1-PaRecPR1925492_20260423_045043_000;0.0;2.5;154.0;noise;0.9;"""";"""";"""";"""";""""
Car640380-2026-Pass2-Z1-PaRecPR1925492_20260423_045043_000;0.3;2.2;23.0;Nyclei;0.99;"""";"""";"""";"""";""""
Car640380-2026-Pass2-Z1-PaRecPR1925492_20260423_045250_000;0.2;1.9;153.0;noise;0.94;"""";"""";"""";"""";""""
Car640380-2026-Pass2-Z1-PaRecPR1925492_20260423_045450_000;0.3;2.0;154.0;noise;0.98;"""";"""";"""";"""";""""
Car640380-2026-Pass2-Z1-PaRecPR1925492_20260423_045452_000;0.3;2.9;12.0;noise;0.92;"""";"""";"""";"""";""""
Car640380-2026-Pass2-Z1-PaRecPR1925492_20260423_045452_000;0.0;3.6;154.0;Rhihip;0.05;"""";"""";"""";"""";""""
Car640380-2026-Pass2-Z1-PaRecPR1925492_20260423_050246_000;0.1;2.4;153.0;noise;0.96;"""";"""";"""";"""";""""
Car640380-2026-Pass2-Z1-PaRecPR1925492_20260423_050246_000;0.3;0.5;24.0;Nyclei;0.99;"""";"""";"""";"""";""""
Car640380-2026-Pass2-Z1-PaRecPR1925492_20260423_051118_000;0.4;2.0;154.0;noise;0.97;"""";"""";"""";"""";""""
Car640380-2026-Pass2-Z1-PaRecPR1925492_20260423_051903_000;0.4;5.0;153.0;noise;0.87;"""";"""";"""";"""";""""
Car640380-2026-Pass2-Z1-PaRecPR1925492_20260423_051903_000;0.0;5.0;53.0;Pippip;0.99;"""";"""";"""";"""";""""
Car640380-2026-Pass2-Z1-PaRecPR1925492_20260423_051908_000;0.1;1.8;154.0;noise;0.97;"""";"""";"""";"""";""""
Car640380-2026-Pass2-Z1-PaRecPR1925492_20260423_051908_000;0.0;1.7;77.0;Pippip;0.97;"""";"""";"""";"""";""""
Car640380-2026-Pass2-Z1-PaRecPR1925492_20260423_052139_000;0.3;2.0;153.0;noise;0.91;"""";"""";"""";"""";""""
Car640380-2026-Pass2-Z1-PaRecPR1925492_20260423_052729_000;0.2;2.1;154.0;noise;0.98;"""";"""";"""";"""";""""
Car640380-2026-Pass2-Z1-PaRecPR1925492_20260423_052844_000;0.4;2.0;153.0;noise;0.94;"""";"""";"""";"""";""""
Car640380-2026-Pass2-Z1-PaRecPR1925492_20260423_052844_000;0.3;0.5;25.0;Nyclei;0.98;"""";"""";"""";"""";""""
Car640380-2026-Pass2-Z1-PaRecPR1925492_20260423_053201_000;0.4;2.1;154.0;noise;0.95;"""";"""";"""";"""";""""
Car640380-2026-Pass2-Z1-PaRecPR1925492_20260423_053634_000;0.4;3.0;154.0;noise;0.95;"""";"""";"""";"""";""""
Car640380-2026-Pass2-Z1-PaRecPR1925492_20260423_053634_000;0.0;3.0;52.0;Pippip;0.99;"""";"""";"""";"""";""""
Car640380-2026-Pass2-Z1-PaRecPR1925492_20260423_053637_000;0.0;2.8;153.0;noise;0.9;"""";"""";"""";"""";""""
Car640380-2026-Pass2-Z1-PaRecPR1925492_20260423_053637_000;0.0;2.9;52.0;Pippip;0.99;"""";"""";"""";"""";""""
Car640380-2026-Pass2-Z1-PaRecPR1925492_20260423_053801_000;0.3;2.0;154.0;noise;0.92;"""";"""";"""";"""";""""
Car640380-2026-Pass2-Z1-PaRecPR1925492_20260423_053906_000;0.2;2.0;153.0;noise;0.98;"""";"""";"""";"""";""""
Car640380-2026-Pass2-Z1-PaRecPR1925492_20260423_053906_000;0.5;0.6;19.0;Tetvir;0.02;Pippip, Phogri, Yposp, Yerray, Yerbey, Vesmur, Urosp, Tyllil, Thycor, Tetpyg, Tetarg, Testes, Tadten, Sepsep, Rusnit, Roeroe, Rhihip, Rhifer, Rhieur, Rhasp, Ratnor, Plemac, Pleaus, Pleaur, Plasab, Plaint, Plafal, Plaalb, Plaaff, Pippyg, Pipnat, Pipkuh, piaf, Phofem, Phanan, Phafal, Nycnoc, Nyclei, Nyclas, Myonat, Myomys, MyoGT, Myoema, Myodau, Myogla, Myocap, Myobec, Myoalc, Mussp, Minsch, Mimasp, Micagr, Metbra, mamm, Leppun, Lepbos, Lepalb, Lamsp., Isopyr, Inssp8, Inssp7, Inssp5, Insp12, Insp11, Insp10, Hypsav, gril, Eupsp, Eptser, Eptnil, Epheph, Decalb, Cyrscu, Cympud, criq, Confus, Tetarg, Barfis, Barbar, Antsp, amph;"""";"""";"""";""""
Car640380-2026-Pass2-Z1-PaRecPR1925492_20260423_054442_000;0.3;2.4;154.0;noise;0.91;"""";"""";"""";"""";""""
Car640380-2026-Pass2-Z1-PaRecPR1925492_20260423_054548_000;0.3;5.0;154.0;noise;0.76;"""";"""";"""";"""";""""
Car640380-2026-Pass2-Z1-PaRecPR1925492_20260423_054548_000;0.3;4.0;26.0;Nyclei;0.98;"""";"""";"""";"""";""""
Car640380-2026-Pass2-Z1-PaRecPR1925492_20260423_054548_000;0.3;4.9;153.0;Rhifer;0.17;"""";"""";"""";"""";""""
Car640380-2026-Pass2-Z1-PaRecPR1925492_20260423_054553_000;0.0;0.2;154.0;noise;0.99;"""";"""";"""";"""";""""
Car640380-2026-Pass2-Z1-PaRecPR1925492_20260423_054810_000;0.3;2.9;153.0;noise;0.9;"""";"""";"""";"""";""""
Car640380-2026-Pass2-Z1-PaRecPR1925492_20260423_054810_000;0.3;2.3;25.0;Nyclei;0.99;"""";"""";"""";"""";""""
Car640380-2026-Pass2-Z1-PaRecPR1925492_20260423_054815_000;0.3;2.0;154.0;noise;0.94;"""";"""";"""";"""";""""
Car640380-2026-Pass2-Z1-PaRecPR1925492_20260423_054815_000;0.3;0.9;26.0;Nyclei;0.99;"""";"""";"""";"""";""""
Car640380-2026-Pass2-Z1-PaRecPR1925492_20260423_054907_000;0.3;2.9;153.0;noise;0.88;"""";"""";"""";"""";""""
Car640380-2026-Pass2-Z1-PaRecPR1925492_20260423_054907_000;0.3;1.0;24.0;Nyclei;0.99;"""";"""";"""";"""";""""
Car640380-2026-Pass2-Z1-PaRecPR1925492_20260423_055128_000;0.4;2.9;153.0;noise;0.91;"""";"""";"""";"""";""""
Car640380-2026-Pass2-Z1-PaRecPR1925492_20260423_055128_000;0.3;2.4;25.0;Nyclei;0.99;"""";"""";"""";"""";""""
Car640380-2026-Pass2-Z1-PaRecPR1925492_20260423_055132_000;0.4;2.8;154.0;noise;0.85;"""";"""";"""";"""";""""
Car640380-2026-Pass2-Z1-PaRecPR1925492_20260423_055132_000;0.3;0.8;26.0;Nyclei;0.99;"""";"""";"""";"""";""""
Car640380-2026-Pass2-Z1-PaRecPR1925492_20260423_055205_000;0.1;2.0;153.0;noise;0.97;"""";"""";"""";"""";""""
Car640380-2026-Pass2-Z1-PaRecPR1925492_20260423_055246_000;0.4;2.1;154.0;noise;0.93;"""";"""";"""";"""";""""
Car640380-2026-Pass2-Z1-PaRecPR1925492_20260423_055823_000;0.3;2.0;24.0;Nyclei;0.99;"""";"""";"""";"""";""""
Car640380-2026-Pass2-Z1-PaRecPR1925492_20260423_055823_000;0.4;3.9;153.0;noise;0.57;"""";"""";"""";"""";""""
Car640380-2026-Pass2-Z1-PaRecPR1925492_20260423_060245_000;0.2;2.0;153.0;noise;0.97;"""";"""";"""";"""";""""
Car640380-2026-Pass2-Z1-PaRecPR1925492_20260423_060601_000;0.3;2.0;153.0;noise;0.98;"""";"""";"""";"""";""""
Car640380-2026-Pass2-Z1-PaRecPR1925492_20260423_060708_000;0.0;4.0;153.0;noise;0.9;"""";"""";"""";"""";""""
Car640380-2026-Pass2-Z1-PaRecPR1925492_20260423_060708_000;0.3;2.0;24.0;Nyclei;0.98;"""";"""";"""";"""";""""
Car640380-2026-Pass2-Z1-PaRecPR1925492_20260423_060713_000;0.3;2.3;25.0;Nyclei;0.99;"""";"""";"""";"""";""""
Car640380-2026-Pass2-Z1-PaRecPR1925492_20260423_060713_000;0.9;1.9;48.0;Pippip;0.92;"""";"""";"""";"""";""""
Car640380-2026-Pass2-Z1-PaRecPR1925492_20260423_060713_000;0.4;4.0;154.0;noise;0.37;"""";"""";"""";"""";""""
Car640380-2026-Pass2-Z1-PaRecPR1925492_20260423_060821_000;0.3;2.0;153.0;noise;0.9;"""";"""";"""";"""";""""
Car640380-2026-Pass2-Z1-PaRecPR1925492_20260423_060827_000;0.0;2.0;154.0;noise;0.94;"""";"""";"""";"""";""""
Car640380-2026-Pass2-Z1-PaRecPR1925492_20260423_061054_000;0.4;2.4;153.0;noise;0.86;"""";"""";"""";"""";""""
Car640380-2026-Pass2-Z1-PaRecPR1925492_20260423_061054_000;0.3;1.5;24.0;Nyclei;0.99;"""";"""";"""";"""";""""
Car640380-2026-Pass2-Z1-PaRecPR1925492_20260423_061059_000;0.4;2.5;153.0;noise;0.87;"""";"""";"""";"""";""""
Car640380-2026-Pass2-Z1-PaRecPR1925492_20260423_061059_000;0.3;0.7;22.0;Nyclei;0.94;"""";"""";"""";"""";""""
Car640380-2026-Pass2-Z1-PaRecPR1925492_20260423_061342_000;0.4;2.9;154.0;noise;0.93;"""";"""";"""";"""";""""
Car640380-2026-Pass2-Z1-PaRecPR1925492_20260423_061342_000;0.3;1.0;24.0;Nyclei;0.99;"""";"""";"""";"""";""""
Car640380-2026-Pass2-Z1-PaRecPR1925492_20260423_061736_000;0.4;2.0;154.0;noise;0.97;"""";"""";"""";"""";""""
Car640380-2026-Pass2-Z1-PaRecPR1925492_20260423_061931_000;0.3;1.0;34.0;Eptser;0.87;"""";"""";"""";"""";""""
Car640380-2026-Pass2-Z1-PaRecPR1925492_20260423_061931_000;0.4;2.1;154.0;noise;0.91;"""";"""";"""";"""";""""
Car640380-2026-Pass2-Z1-PaRecPR1925492_20260423_062340_000;0.3;2.1;153.0;noise;0.97;"""";"""";"""";"""";""""
Car640380-2026-Pass2-Z1-PaRecPR1925492_20260423_062658_000;0.8;2.1;51.0;Pippip;0.22;"""";"""";"""";"""";""""
Car640380-2026-Pass2-Z1-PaRecPR1925492_20260423_062658_000;0.1;2.0;153.0;noise;0.94;"""";"""";"""";"""";""""
Car640380-2026-Pass2-Z1-PaRecPR1925492_20260423_062829_000;0.4;2.0;154.0;noise;0.97;"""";"""";"""";"""";""""
Car640380-2026-Pass2-Z1-PaRecPR1925492_20260423_062923_000;0.4;2.5;154.0;noise;0.96;"""";"""";"""";"""";""""
Car640380-2026-Pass2-Z1-PaRecPR1925492_20260423_062932_000;0.4;3.7;153.0;noise;0.93;"""";"""";"""";"""";""""
Car640380-2026-Pass2-Z1-PaRecPR1925492_20260423_062932_000;0.1;1.8;8.0;piaf;0.99;"""";"""";"""";"""";""""
Car640380-2026-Pass2-Z1-PaRecPR1925492_20260423_062938_000;0.0;1.8;153.0;noise;0.93;"""";"""";"""";"""";""""
Car640380-2026-Pass2-Z1-PaRecPR1925492_20260423_062938_000;0.0;1.9;8.0;piaf;0.99;"""";"""";"""";"""";""""
Car640380-2026-Pass2-Z1-PaRecPR1925492_20260423_062943_000;0.2;2.6;153.0;noise;0.94;"""";"""";"""";"""";""""
Car640380-2026-Pass2-Z1-PaRecPR1925492_20260423_062948_000;0.0;2.0;153.0;noise;0.93;"""";"""";"""";"""";""""
Car640380-2026-Pass2-Z1-PaRecPR1925492_20260423_062948_000;0.3;1.1;9.0;piaf;0.99;"""";"""";"""";"""";""""
Car640380-2026-Pass2-Z1-PaRecPR1925492_20260423_062953_000;0.0;2.0;154.0;noise;0.83;"""";"""";"""";"""";""""
Car640380-2026-Pass2-Z1-PaRecPR1925492_20260423_063002_000;0.1;2.7;154.0;noise;0.86;"""";"""";"""";"""";""""
Car640380-2026-Pass2-Z1-PaRecPR1925492_20260423_063002_000;0.4;2.5;77.0;piaf;0.82;"""";"""";"""";"""";""""
Car640380-2026-Pass2-Z1-PaRecPR1925492_20260423_063008_000;0.4;2.1;154.0;noise;0.83;"""";"""";"""";"""";""""
Car640380-2026-Pass2-Z1-PaRecPR1925492_20260423_063019_000;0.5;2.5;153.0;noise;0.92;"""";"""";"""";"""";""""
Car640380-2026-Pass2-Z1-PaRecPR1925492_20260423_063019_000;0.0;1.0;9.0;piaf;0.86;"""";"""";"""";"""";""""
Car640380-2026-Pass2-Z1-PaRecPR1925492_20260423_063023_000;0.0;2.9;153.0;noise;0.87;"""";"""";"""";"""";""""
Car640380-2026-Pass2-Z1-PaRecPR1925492_20260423_063023_000;1.2;2.8;9.0;piaf;0.91;"""";"""";"""";"""";""""
Car640380-2026-Pass2-Z1-PaRecPR1925492_20260423_063029_000;0.4;2.5;153.0;noise;0.93;"""";"""";"""";"""";""""
Car640380-2026-Pass2-Z1-PaRecPR1925492_20260423_063029_000;0.3;1.9;70.0;piaf;0.91;"""";"""";"""";"""";""""
Car640380-2026-Pass2-Z1-PaRecPR1925492_20260423_063040_000;0.4;3.3;154.0;noise;0.95;"""";"""";"""";"""";""""
Car640380-2026-Pass2-Z1-PaRecPR1925492_20260423_063040_000;0.2;1.2;10.0;piaf;0.98;"""";"""";"""";"""";""""
Car640380-2026-Pass2-Z1-PaRecPR1925492_20260423_063045_000;0.4;2.6;153.0;noise;0.9;"""";"""";"""";"""";""""
Car640380-2026-Pass2-Z1-PaRecPR1925492_20260423_063052_000;0.0;2.7;153.0;noise;0.85;"""";"""";"""";"""";""""
Car640380-2026-Pass2-Z1-PaRecPR1925492_20260423_063052_000;0.1;0.8;8.0;piaf;0.98;"""";"""";"""";"""";""""
Car640380-2026-Pass2-Z1-PaRecPR1925492_20260423_063056_000;0.4;2.9;153.0;noise;0.96;"""";"""";"""";"""";""""
Car640380-2026-Pass2-Z1-PaRecPR1925492_20260423_063056_000;0.3;1.0;9.0;piaf;0.98;"""";"""";"""";"""";""""
Car640380-2026-Pass2-Z1-PaRecPR1925492_20260423_063101_000;0.4;2.7;153.0;noise;0.88;"""";"""";"""";"""";""""
Car640380-2026-Pass2-Z1-PaRecPR1925492_20260423_063106_000;0.4;2.4;153.0;noise;0.86;"""";"""";"""";"""";""""
Car640380-2026-Pass2-Z1-PaRecPR1925492_20260423_063106_000;0.2;2.2;8.0;piaf;0.97;"""";"""";"""";"""";""""
Car640380-2026-Pass2-Z1-PaRecPR1925492_20260423_063111_000;0.6;3.4;154.0;noise;0.93;"""";"""";"""";"""";""""
Car640380-2026-Pass2-Z1-PaRecPR1925492_20260423_063111_000;0.3;1.5;10.0;piaf;0.99;"""";"""";"""";"""";""""
Car640380-2026-Pass2-Z1-PaRecPR1925492_20260423_063116_000;0.2;3.9;153.0;noise;0.9;"""";"""";"""";"""";""""
Car640380-2026-Pass2-Z1-PaRecPR1925492_20260423_063116_000;0.2;3.3;15.0;piaf;0.99;"""";"""";"""";"""";""""
Car640380-2026-Pass2-Z1-PaRecPR1925492_20260423_063127_000;0.4;2.6;153.0;noise;0.94;"""";"""";"""";"""";""""
Car640380-2026-Pass2-Z1-PaRecPR1925492_20260423_063132_000;0.0;2.1;153.0;noise;0.94;"""";"""";"""";"""";""""
Car640380-2026-Pass2-Z1-PaRecPR1925492_20260423_063132_000;0.3;0.7;9.0;piaf;0.99;"""";"""";"""";"""";""""
Car640380-2026-Pass2-Z1-PaRecPR1925492_20260423_063136_000;0.2;2.5;154.0;noise;0.91;"""";"""";"""";"""";""""
Car640380-2026-Pass2-Z1-PaRecPR1925492_20260423_063136_000;1.2;2.4;43.0;piaf;0.97;"""";"""";"""";"""";""""
Car640380-2026-Pass2-Z1-PaRecPR1925492_20260423_063142_000;0.1;3.4;154.0;noise;0.95;"""";"""";"""";"""";""""
Car640380-2026-Pass2-Z1-PaRecPR1925492_20260423_063142_000;0.1;3.3;8.0;piaf;0.99;"""";"""";"""";"""";""""
Car640380-2026-Pass2-Z1-PaRecPR1925492_20260423_063145_000;0.0;2.5;153.0;noise;0.82;"""";"""";"""";"""";""""
Car640380-2026-Pass2-Z1-PaRecPR1925492_20260423_063145_000;0.3;1.8;9.0;Tetvir;0.21;piaf;"""";"""";"""";""""
Car640380-2026-Pass2-Z1-PaRecPR1925492_20260423_063152_000;0.0;3.7;153.0;noise;0.87;"""";"""";"""";"""";""""
Car640380-2026-Pass2-Z1-PaRecPR1925492_20260423_063152_000;0.7;1.5;16.0;piaf;0.99;"""";"""";"""";"""";""""
Car640380-2026-Pass2-Z1-PaRecPR1925492_20260423_063158_000;0.4;2.0;153.0;noise;0.93;"""";"""";"""";"""";""""
Car640380-2026-Pass2-Z1-PaRecPR1925492_20260423_063158_000;0.2;1.7;8.0;piaf;0.97;"""";"""";"""";"""";""""
Car640380-2026-Pass2-Z1-PaRecPR1925492_20260423_063203_000;0.0;3.5;153.0;noise;0.91;"""";"""";"""";"""";""""
Car640380-2026-Pass2-Z1-PaRecPR1925492_20260423_063203_000;0.4;3.5;9.0;piaf;0.97;"""";"""";"""";"""";""""
Car640380-2026-Pass2-Z1-PaRecPR1925492_20260423_063208_000;0.4;3.8;153.0;noise;0.94;"""";"""";"""";"""";""""
Car640380-2026-Pass2-Z1-PaRecPR1925492_20260423_063208_000;0.2;3.3;8.0;piaf;0.94;"""";"""";"""";"""";""""
Car640380-2026-Pass2-Z1-PaRecPR1925492_20260423_063215_000;0.3;3.3;153.0;noise;0.93;"""";"""";"""";"""";""""
Car640380-2026-Pass2-Z1-PaRecPR1925492_20260423_063215_000;0.3;2.8;77.0;piaf;0.78;"""";"""";"""";"""";""""
Car640380-2026-Pass2-Z1-PaRecPR1925492_20260423_063215_000;0.4;3.3;153.0;Rhifer;0.07;"""";"""";"""";"""";""""
Car640380-2026-Pass2-Z1-PaRecPR1925492_20260423_063227_000;0.4;2.5;154.0;noise;0.84;"""";"""";"""";"""";""""
Car640380-2026-Pass2-Z1-PaRecPR1925492_20260423_063227_000;0.3;0.7;6.0;piaf;0.99;"""";"""";"""";"""";""""
Car640380-2026-Pass2-Z1-PaRecPR1925492_20260423_063238_000;0.1;2.7;153.0;noise;0.92;"""";"""";"""";"""";""""
Car640380-2026-Pass2-Z1-PaRecPR1925492_20260423_063238_000;0.3;1.8;44.0;piaf;0.93;"""";"""";"""";"""";""""
Car640380-2026-Pass2-Z1-PaRecPR1925492_20260423_063243_000;0.0;3.5;154.0;noise;0.91;"""";"""";"""";"""";""""
Car640380-2026-Pass2-Z1-PaRecPR1925492_20260423_063243_000;0.9;2.5;8.0;piaf;0.99;"""";"""";"""";"""";""""
Car640380-2026-Pass2-Z1-PaRecPR1925492_20260423_063254_000;0.4;2.0;153.0;noise;0.94;"""";"""";"""";"""";""""
Car640380-2026-Pass2-Z1-PaRecPR1925492_20260423_063254_000;0.0;0.6;9.0;piaf;0.99;"""";"""";"""";"""";""""
Car640380-2026-Pass2-Z1-PaRecPR1925492_20260423_063258_000;0.1;2.6;153.0;noise;0.88;"""";"""";"""";"""";""""
Car640380-2026-Pass2-Z1-PaRecPR1925492_20260423_063303_000;0.4;3.8;153.0;noise;0.92;"""";"""";"""";"""";""""
Car640380-2026-Pass2-Z1-PaRecPR1925492_20260423_063303_000;0.9;1.0;9.0;piaf;0.16;"""";"""";"""";"""";""""
Car640380-2026-Pass2-Z1-PaRecPR1925492_20260423_063309_000;0.1;2.5;154.0;noise;0.93;"""";"""";"""";"""";""""
Car640380-2026-Pass2-Z1-PaRecPR1925492_20260423_063309_000;0.3;1.4;9.0;piaf;0.99;"""";"""";"""";"""";""""
Car640380-2026-Pass2-Z1-PaRecPR1925492_20260423_063315_000;0.4;2.9;153.0;noise;0.89;"""";"""";"""";"""";""""
Car640380-2026-Pass2-Z1-PaRecPR1925492_20260423_063315_000;0.3;1.2;8.0;piaf;0.97;"""";"""";"""";"""";""""
Car640380-2026-Pass2-Z1-PaRecPR1925492_20260423_063319_000;0.1;2.6;154.0;noise;0.94;"""";"""";"""";"""";""""
Car640380-2026-Pass2-Z1-PaRecPR1925492_20260423_063319_000;0.3;2.6;8.0;piaf;0.99;"""";"""";"""";"""";""""
Car640380-2026-Pass2-Z1-PaRecPR1925492_20260423_063325_000;0.4;1.0;108.0;noise;0.88;"""";"""";"""";"""";""""
Car640380-2026-Pass2-Z1-PaRecPR1925492_20260423_063325_000;1.8;3.1;84.0;piaf;0.84;"""";"""";"""";"""";""""
Car640380-2026-Pass2-Z1-PaRecPR1925492_20260423_063325_000;0.4;3.5;153.0;Rhihip;0.09;"""";"""";"""";"""";""""
Car640380-2026-Pass2-Z1-PaRecPR1925492_20260423_063330_000;0.1;2.6;153.0;noise;0.94;"""";"""";"""";"""";""""
Car640380-2026-Pass2-Z1-PaRecPR1925492_20260423_063336_000;0.2;3.1;24.0;noise;0.83;"""";"""";"""";"""";""""
Car640380-2026-Pass2-Z1-PaRecPR1925492_20260423_063336_000;1.1;1.4;8.0;piaf;0.99;"""";"""";"""";"""";""""
Car640380-2026-Pass2-Z1-PaRecPR1925492_20260423_063336_000;0.4;3.2;154.0;Rhihip;0.04;Tetvir, Pippip, Myoema;"""";"""";"""";""""
Car640380-2026-Pass2-Z1-PaRecPR1925492_20260423_063343_000;0.4;3.7;153.0;noise;0.91;"""";"""";"""";"""";""""
Car640380-2026-Pass2-Z1-PaRecPR1925492_20260423_063347_000;0.1;2.7;153.0;noise;0.96;"""";"""";"""";"""";""""
Car640380-2026-Pass2-Z1-PaRecPR1925492_20260423_063347_000;0.3;2.5;8.0;piaf;0.98;"""";"""";"""";"""";""""
Car640380-2026-Pass2-Z1-PaRecPR1925492_20260423_063353_000;0.4;3.5;153.0;noise;0.84;"""";"""";"""";"""";""""
Car640380-2026-Pass2-Z1-PaRecPR1925492_20260423_063353_000;0.3;3.4;14.0;piaf;0.95;"""";"""";"""";"""";""""
Car640380-2026-Pass2-Z1-PaRecPR1925492_20260423_063358_000;0.4;3.4;153.0;noise;0.79;"""";"""";"""";"""";""""
Car640380-2026-Pass2-Z1-PaRecPR1925492_20260423_063358_000;0.0;2.6;14.0;piaf;0.98;"""";"""";"""";"""";""""
Car640380-2026-Pass2-Z1-PaRecPR1925492_20260423_063404_000;0.0;3.3;153.0;noise;0.82;"""";"""";"""";"""";""""
Car640380-2026-Pass2-Z1-PaRecPR1925492_20260423_063404_000;0.0;1.6;8.0;piaf;0.96;"""";"""";"""";"""";""""
Car640380-2026-Pass2-Z1-PaRecPR1925492_20260423_063411_000;0.4;3.3;153.0;noise;0.97;"""";"""";"""";"""";""""
Car640380-2026-Pass2-Z1-PaRecPR1925492_20260423_063421_000;0.3;3.3;153.0;noise;0.96;"""";"""";"""";"""";""""
Car640380-2026-Pass2-Z1-PaRecPR1925492_20260423_063421_000;1.0;1.2;8.0;piaf;0.99;"""";"""";"""";"""";""""
Car640380-2026-Pass2-Z1-PaRecPR1925492_20260423_063432_000;0.4;2.6;153.0;noise;0.9;"""";"""";"""";"""";""""
Car640380-2026-Pass2-Z1-PaRecPR1925492_20260423_063432_000;0.3;0.7;8.0;piaf;0.99;"""";"""";"""";"""";""""
Car640380-2026-Pass2-Z1-PaRecPR1925492_20260423_063437_000;0.4;5.0;153.0;noise;0.92;"""";"""";"""";"""";""""
Car640380-2026-Pass2-Z1-PaRecPR1925492_20260423_063437_000;0.2;3.4;15.0;piaf;0.99;"""";"""";"""";"""";""""
Car640380-2026-Pass2-Z1-PaRecPR1925492_20260423_063442_000;0.0;0.4;154.0;noise;0.98;"""";"""";"""";"""";""""
Car640380-2026-Pass2-Z1-PaRecPR1925492_20260423_063450_000;0.0;2.5;154.0;noise;0.94;"""";"""";"""";"""";""""
Car640380-2026-Pass2-Z1-PaRecPR1925492_20260423_063450_000;0.2;2.1;8.0;piaf;0.99;"""";"""";"""";"""";""""
Car640380-2026-Pass2-Z1-PaRecPR1925492_20260423_063456_000;0.4;5.0;153.0;noise;0.82;"""";"""";"""";"""";""""
Car640380-2026-Pass2-Z1-PaRecPR1925492_20260423_063456_000;0.0;5.0;52.0;Pippip;0.99;"""";"""";"""";"""";""""
Car640380-2026-Pass2-Z1-PaRecPR1925492_20260423_063501_000;0.0;0.2;153.0;noise;0.98;"""";"""";"""";"""";""""
Car640380-2026-Pass2-Z1-PaRecPR1925492_20260423_063501_000;0.0;0.2;52.0;Pippip;0.94;"""";"""";"""";"""";""""
Car640380-2026-Pass2-Z1-PaRecPR1925492_20260423_063507_000;0.4;2.1;153.0;noise;0.92;"""";"""";"""";"""";""""
Car640380-2026-Pass2-Z1-PaRecPR1925492_20260423_063507_000;0.0;0.3;9.0;piaf;0.96;"""";"""";"""";"""";""""
Car640380-2026-Pass2-Z1-PaRecPR1925492_20260423_063529_000;0.4;2.5;153.0;noise;0.89;"""";"""";"""";"""";""""
Car640380-2026-Pass2-Z1-PaRecPR1925492_20260423_063529_000;0.3;0.7;8.0;piaf;0.99;"""";"""";"""";"""";""""
Car640380-2026-Pass2-Z1-PaRecPR1925492_20260423_063534_000;0.3;2.0;154.0;noise;0.82;"""";"""";"""";"""";""""
Car640380-2026-Pass2-Z1-PaRecPR1925492_20260423_063551_000;0.4;4.0;153.0;noise;0.92;"""";"""";"""";"""";""""
Car640380-2026-Pass2-Z1-PaRecPR1925492_20260423_063600_000;0.4;5.0;153.0;noise;0.95;"""";"""";"""";"""";""""
Car640380-2026-Pass2-Z1-PaRecPR1925492_20260423_063600_000;1.0;4.2;8.0;piaf;0.99;"""";"""";"""";"""";""""
Car640380-2026-Pass2-Z1-PaRecPR1925492_20260423_063600_000;0.0;5.0;93.0;Pippip;0.98;"""";"""";"""";"""";""""
Car640380-2026-Pass2-Z1-PaRecPR1925492_20260423_063605_000;0.0;2.6;153.0;noise;0.96;"""";"""";"""";"""";""""
Car640380-2026-Pass2-Z1-PaRecPR1925492_20260423_063605_000;0.1;2.0;49.0;Pippip;0.98;"""";"""";"""";"""";""""
Car640380-2026-Pass2-Z1-PaRecPR1925492_20260423_063608_000;0.2;2.8;153.0;noise;0.92;"""";"""";"""";"""";""""
Car640380-2026-Pass2-Z1-PaRecPR1925492_20260423_063608_000;0.2;2.3;110.0;piaf;0.63;"""";"""";"""";"""";""""
Car640380-2026-Pass2-Z1-PaRecPR1925492_20260423_063614_000;0.0;2.0;153.0;noise;0.98;"""";"""";"""";"""";""""
Car640380-2026-Pass2-Z1-PaRecPR1925492_20260423_063618_000;0.2;4.7;153.0;noise;0.91;"""";"""";"""";"""";""""
Car640380-2026-Pass2-Z1-PaRecPR1925492_20260423_063618_000;0.3;3.8;8.0;piaf;0.99;"""";"""";"""";"""";""""
Car640380-2026-Pass2-Z1-PaRecPR1925492_20260423_063625_000;0.0;2.0;153.0;noise;0.92;"""";"""";"""";"""";""""
Car640380-2026-Pass2-Z1-PaRecPR1925492_20260423_063625_000;0.2;0.5;15.0;piaf;0.27;"""";"""";"""";"""";""""
Car640380-2026-Pass2-Z1-PaRecPR1925492_20260423_063627_000;0.0;2.9;153.0;noise;0.91;"""";"""";"""";"""";""""
Car640380-2026-Pass2-Z1-PaRecPR1925492_20260423_063630_000;0.0;5.0;153.0;noise;0.95;"""";"""";"""";"""";""""
Car640380-2026-Pass2-Z1-PaRecPR1925492_20260423_063635_000;0.1;5.0;153.0;noise;0.98;"""";"""";"""";"""";""""
Car640380-2026-Pass2-Z1-PaRecPR1925492_20260423_063635_000;4.6;5.0;50.0;Pippip;0.97;"""";"""";"""";"""";""""
Car640380-2026-Pass2-Z1-PaRecPR1925492_20260423_063640_000;0.0;5.0;153.0;noise;0.9;"""";"""";"""";"""";""""
Car640380-2026-Pass2-Z1-PaRecPR1925492_20260423_063640_000;0.0;4.9;54.0;Pippip;0.99;"""";"""";"""";"""";""""
Car640380-2026-Pass2-Z1-PaRecPR1925492_20260423_063645_000;0.0;3.2;154.0;noise;0.93;"""";"""";"""";"""";""""
Car640380-2026-Pass2-Z1-PaRecPR1925492_20260423_063645_000;0.0;2.7;48.0;Pippip;0.98;"""";"""";"""";"""";""""
Car640380-2026-Pass2-Z1-PaRecPR1925492_20260423_063650_000;0.0;3.5;154.0;noise;0.93;"""";"""";"""";"""";""""
Car640380-2026-Pass2-Z1-PaRecPR1925492_20260423_063705_000;0.4;2.5;154.0;noise;0.98;"""";"""";"""";"""";""""
Car640380-2026-Pass2-Z1-PaRecPR1925492_20260423_063711_000;0.4;2.6;154.0;noise;0.91;"""";"""";"""";"""";""""
Car640380-2026-Pass2-Z1-PaRecPR1925492_20260423_063711_000;0.3;2.4;8.0;piaf;0.99;"""";"""";"""";"""";""""
Car640380-2026-Pass2-Z1-PaRecPR1925492_20260423_063711_000;0.4;2.7;154.0;Rhifer;0.1;"""";"""";"""";"""";""""
Car640380-2026-Pass2-Z1-PaRecPR1925492_20260423_063717_000;0.4;1.9;154.0;noise;0.98;"""";"""";"""";"""";""""
Car640380-2026-Pass2-Z1-PaRecPR1925492_20260423_063719_000;0.0;2.1;153.0;noise;0.97;"""";"""";"""";"""";""""
Car640380-2026-Pass2-Z1-PaRecPR1925492_20260423_063719_000;1.6;1.7;48.0;Pippip;0.73;"""";"""";"""";"""";""""
Car640380-2026-Pass2-Z1-PaRecPR1925492_20260423_063721_000;0.0;4.9;153.0;noise;0.91;"""";"""";"""";"""";""""
Car640380-2026-Pass2-Z1-PaRecPR1925492_20260423_063721_000;0.5;5.0;112.0;Pippip;0.95;"""";"""";"""";"""";""""
Car640380-2026-Pass2-Z1-PaRecPR1925492_20260423_063726_000;0.0;5.0;153.0;noise;0.9;"""";"""";"""";"""";""""
Car640380-2026-Pass2-Z1-PaRecPR1925492_20260423_063726_000;2.5;2.6;9.0;piaf;0.97;"""";"""";"""";"""";""""
Car640380-2026-Pass2-Z1-PaRecPR1925492_20260423_063726_000;0.7;3.9;48.0;Pippip;0.97;"""";"""";"""";"""";""""
Car640380-2026-Pass2-Z1-PaRecPR1925492_20260423_063731_000;0.0;4.5;154.0;noise;0.97;"""";"""";"""";"""";""""
Car640380-2026-Pass2-Z1-PaRecPR1925492_20260423_063731_000;0.6;2.6;8.0;piaf;0.99;"""";"""";"""";"""";""""
Car640380-2026-Pass2-Z1-PaRecPR1925492_20260423_063738_000;0.4;3.3;154.0;noise;0.86;"""";"""";"""";"""";""""
Car640380-2026-Pass2-Z1-PaRecPR1925492_20260423_063738_000;0.3;1.5;8.0;piaf;0.99;"""";"""";"""";"""";""""
Car640380-2026-Pass2-Z1-PaRecPR1925492_20260423_063744_000;0.4;2.4;154.0;noise;0.94;"""";"""";"""";"""";""""
Car640380-2026-Pass2-Z1-PaRecPR1925492_20260423_063744_000;0.3;2.3;9.0;piaf;0.98;"""";"""";"""";"""";""""
Car640380-2026-Pass2-Z1-PaRecPR1925492_20260423_063744_000;0.4;2.3;153.0;Rhifer;0.36;"""";"""";"""";"""";""""
Car640380-2026-Pass2-Z1-PaRecPR1925492_20260423_063751_000;0.3;1.8;153.0;noise;0.97;"""";"""";"""";"""";""""
Car640380-2026-Pass2-Z1-PaRecPR1925492_20260423_063806_000;0.3;3.2;153.0;noise;0.82;"""";"""";"""";"""";""""
Car640380-2026-Pass2-Z1-PaRecPR1925492_20260423_063806_000;0.2;0.3;16.0;piaf;0.23;"""";"""";"""";"""";""""
Car640380-2026-Pass2-Z1-PaRecPR1925492_20260423_063813_000;0.4;2.4;154.0;noise;0.96;"""";"""";"""";"""";""""
Car640380-2026-Pass2-Z1-PaRecPR1925492_20260423_063813_000;0.0;2.4;8.0;piaf;0.97;"""";"""";"""";"""";""""
Car640380-2026-Pass2-Z1-PaRecPR1925492_20260423_063824_000;0.4;2.6;153.0;noise;0.87;"""";"""";"""";"""";""""
Car640380-2026-Pass2-Z1-PaRecPR1925492_20260423_063824_000;0.3;2.3;8.0;piaf;0.98;"""";"""";"""";"""";""""
Car640380-2026-Pass2-Z1-PaRecPR1925492_20260423_063829_000;3.9;4.0;7.0;noise;0.8;"""";"""";"""";"""";""""
Car640380-2026-Pass2-Z1-PaRecPR1925492_20260423_063829_000;0.3;3.8;9.0;piaf;0.92;"""";"""";"""";"""";""""
Car640380-2026-Pass2-Z1-PaRecPR1925492_20260423_063829_000;0.4;4.0;154.0;Rhihip;0.53;"""";"""";"""";"""";""""
Car640380-2026-Pass2-Z1-PaRecPR1925492_20260423_063843_000;0.0;2.5;154.0;noise;0.89;"""";"""";"""";"""";""""
Car640380-2026-Pass2-Z1-PaRecPR1925492_20260423_063843_000;0.3;1.5;7.0;piaf;0.99;"""";"""";"""";"""";""""
Car640380-2026-Pass2-Z1-PaRecPR1925492_20260423_063853_000;0.2;2.6;154.0;noise;0.96;"""";"""";"""";"""";""""
Car640380-2026-Pass2-Z1-PaRecPR1925492_20260423_063853_000;0.3;2.0;8.0;piaf;0.96;"""";"""";"""";"""";""""
Car640380-2026-Pass2-Z1-PaRecPR1925492_20260423_063900_000;0.4;4.8;153.0;noise;0.95;"""";"""";"""";"""";""""
Car640380-2026-Pass2-Z1-PaRecPR1925492_20260423_063900_000;3.4;3.5;11.0;piaf;0.99;"""";"""";"""";"""";""""
Car640380-2026-Pass2-Z1-PaRecPR1925492_20260423_063919_000;0.4;2.7;153.0;noise;0.88;"""";"""";"""";"""";""""
Car640380-2026-Pass2-Z1-PaRecPR1925492_20260423_063919_000;2.3;2.4;12.0;piaf;0.15;"""";"""";"""";"""";""""
Car640380-2026-Pass2-Z1-PaRecPR1925492_20260423_063925_000;0.0;2.1;154.0;noise;0.94;"""";"""";"""";"""";""""
Car640380-2026-Pass2-Z1-PaRecPR1925492_20260423_063925_000;0.0;1.4;8.0;piaf;0.95;"""";"""";"""";"""";""""
Car640380-2026-Pass2-Z1-PaRecPR1925492_20260423_063929_000;0.0;3.6;154.0;noise;0.9;"""";"""";"""";"""";""""
Car640380-2026-Pass2-Z1-PaRecPR1925492_20260423_063929_000;0.3;2.5;8.0;piaf;0.99;"""";"""";"""";"""";""""
Car640380-2026-Pass2-Z1-PaRecPR1925492_20260423_063936_000;0.4;2.7;153.0;noise;0.93;"""";"""";"""";"""";""""
Car640380-2026-Pass2-Z1-PaRecPR1925492_20260423_063936_000;0.3;2.4;9.0;piaf;0.93;"""";"""";"""";"""";""""
Car640380-2026-Pass2-Z1-PaRecPR1925492_20260423_063958_000;0.3;2.1;153.0;noise;0.96;"""";"""";"""";"""";""""
Car640380-2026-Pass2-Z1-PaRecPR1925492_20260423_064001_000;0.4;2.0;154.0;noise;0.93;"""";"""";"""";"""";""""
Car640380-2026-Pass2-Z1-PaRecPR1925492_20260423_064001_000;0.1;0.9;7.0;piaf;0.98;"""";"""";"""";"""";""""
Car640380-2026-Pass2-Z1-PaRecPR1925492_20260423_064007_000;0.4;2.5;154.0;noise;0.94;"""";"""";"""";"""";""""
Car640380-2026-Pass2-Z1-PaRecPR1925492_20260423_064007_000;0.3;2.3;8.0;piaf;0.98;"""";"""";"""";"""";""""
Car640380-2026-Pass2-Z1-PaRecPR1925492_20260423_064016_000;0.4;5.0;154.0;noise;0.86;"""";"""";"""";"""";""""
Car640380-2026-Pass2-Z1-PaRecPR1925492_20260423_064016_000;1.1;4.6;8.0;piaf;0.99;"""";"""";"""";"""";""""
Car640380-2026-Pass2-Z1-PaRecPR1925492_20260423_064016_000;0.0;4.7;53.0;Pippip;0.98;"""";"""";"""";"""";""""
Car640380-2026-Pass2-Z1-PaRecPR1925492_20260423_064021_000;0.0;1.5;153.0;noise;0.88;"""";"""";"""";"""";""""
Car640380-2026-Pass2-Z1-PaRecPR1925492_20260423_064110_000;0.3;2.3;153.0;noise;0.91;"""";"""";"""";"""";""""
Car640380-2026-Pass2-Z1-PaRecPR1925492_20260423_064110_000;0.3;2.4;9.0;piaf;0.99;"""";"""";"""";"""";""""
Car640380-2026-Pass2-Z1-PaRecPR1925492_20260423_064121_000;0.2;4.9;153.0;noise;0.96;"""";"""";"""";"""";""""
Car640380-2026-Pass2-Z1-PaRecPR1925492_20260423_064121_000;0.4;4.8;8.0;piaf;0.97;"""";"""";"""";"""";""""
Car640380-2026-Pass2-Z1-PaRecPR1925492_20260423_064121_000;0.0;4.8;95.0;Pippip;0.98;"""";"""";"""";"""";""""
Car640380-2026-Pass2-Z1-PaRecPR1925492_20260423_064126_000;0.1;1.2;154.0;noise;0.97;"""";"""";"""";"""";""""
Car640380-2026-Pass2-Z1-PaRecPR1925492_20260423_064126_000;0.1;1.1;116.0;Pippip;0.92;"""";"""";"""";"""";""""
Car640380-2026-Pass2-Z1-PaRecPR1925492_20260423_064158_000;0.1;2.0;153.0;noise;0.93;"""";"""";"""";"""";""""
Car640380-2026-Pass2-Z1-PaRecPR1925492_20260423_064217_000;0.2;5.0;153.0;noise;0.93;"""";"""";"""";"""";""""
Car640380-2026-Pass2-Z1-PaRecPR1925492_20260423_064217_000;0.0;4.4;55.0;Pippip;0.98;"""";"""";"""";"""";""""
Car640380-2026-Pass2-Z1-PaRecPR1925492_20260423_064222_000;0.0;0.8;154.0;noise;0.96;"""";"""";"""";"""";""""
Car640380-2026-Pass2-Z1-PaRecPR1925492_20260423_064222_000;0.0;1.1;63.0;Pippip;0.97;"""";"""";"""";"""";""""
Car640380-2026-Pass2-Z1-PaRecPR1925492_20260423_064244_000;0.2;3.1;153.0;noise;0.77;"""";"""";"""";"""";""""
Car640380-2026-Pass2-Z1-PaRecPR1925492_20260423_064244_000;0.4;3.0;153.0;Rhihip;0.07;"""";"""";"""";"""";""""
Car640380-2026-Pass2-Z1-PaRecPR1925492_20260423_064253_000;0.0;2.5;153.0;noise;0.88;"""";"""";"""";"""";""""
Car640380-2026-Pass2-Z1-PaRecPR1925492_20260423_064303_000;0.4;2.1;154.0;noise;0.97;"""";"""";"""";"""";""""
Car640380-2026-Pass2-Z1-PaRecPR1925492_20260423_064303_000;0.0;0.6;10.0;piaf;0.97;"""";"""";"""";"""";""""
Car640380-2026-Pass2-Z1-PaRecPR1925492_20260423_064306_000;0.0;2.0;153.0;noise;0.94;"""";"""";"""";"""";""""
Car640380-2026-Pass2-Z1-PaRecPR1925492_20260423_064306_000;0.0;1.3;9.0;piaf;0.92;"""";"""";"""";"""";""""
Car640380-2026-Pass2-Z1-PaRecPR1925492_20260423_064310_000;0.1;3.3;153.0;noise;0.9;"""";"""";"""";"""";""""
Car640380-2026-Pass2-Z1-PaRecPR1925492_20260423_064310_000;0.9;2.3;8.0;piaf;0.91;"""";"""";"""";"""";""""
Car640380-2026-Pass2-Z1-PaRecPR1925492_20260423_064324_000;0.4;2.6;153.0;noise;0.93;"""";"""";"""";"""";""""
Car640380-2026-Pass2-Z1-PaRecPR1925492_20260423_064324_000;0.0;1.7;8.0;piaf;0.99;"""";"""";"""";"""";""""
Car640380-2026-Pass2-Z1-PaRecPR1925492_20260423_064341_000;0.4;4.0;153.0;noise;0.76;"""";"""";"""";"""";""""
Car640380-2026-Pass2-Z1-PaRecPR1925492_20260423_064341_000;0.0;3.9;54.0;Pippip;0.98;"""";"""";"""";"""";""""
Car640380-2026-Pass2-Z1-PaRecPR1925492_20260423_064535_000;0.0;2.4;153.0;noise;0.86;"""";"""";"""";"""";""""
Car640380-2026-Pass2-Z1-PaRecPR1925492_20260423_064541_000;0.1;2.0;153.0;noise;0.89;"""";"""";"""";"""";""""
Car640380-2026-Pass2-Z1-PaRecPR1925492_20260423_064541_000;1.5;1.6;9.0;piaf;0.38;"""";"""";"""";"""";""""
Car640380-2026-Pass2-Z1-PaRecPR1925492_20260423_064544_000;0.1;2.1;154.0;noise;0.98;"""";"""";"""";"""";""""
Car640380-2026-Pass2-Z1-PaRecPR1925492_20260423_064548_000;0.1;2.4;153.0;noise;0.91;"""";"""";"""";"""";""""
Car640380-2026-Pass2-Z1-PaRecPR1925492_20260423_064601_000;0.4;2.0;153.0;noise;0.98;"""";"""";"""";"""";""""
Car640380-2026-Pass2-Z1-PaRecPR1925492_20260423_064631_000;0.1;2.1;153.0;noise;0.88;"""";"""";"""";"""";""""
Car640380-2026-Pass2-Z1-PaRecPR1925492_20260423_064645_000;0.4;3.1;153.0;noise;0.91;"""";"""";"""";"""";""""
Car640380-2026-Pass2-Z1-PaRecPR1925492_20260423_064713_000;0.4;2.6;153.0;noise;0.93;"""";"""";"""";"""";""""
Car640380-2026-Pass2-Z1-PaRecPR1925492_20260423_064717_000;0.4;2.9;154.0;noise;0.93;"""";"""";"""";"""";""""
Car640380-2026-Pass2-Z1-PaRecPR1925492_20260423_064722_000;0.3;2.4;153.0;noise;0.9;"""";"""";"""";"""";""""
Car640380-2026-Pass2-Z1-PaRecPR1925492_20260423_064727_000;0.4;2.2;154.0;noise;0.59;"""";"""";"""";"""";""""
Car640380-2026-Pass2-Z1-PaRecPR1925492_20260423_064732_000;0.3;2.6;153.0;noise;0.93;"""";"""";"""";"""";""""
Car640380-2026-Pass2-Z1-PaRecPR1925492_20260423_064737_000;0.1;2.5;154.0;noise;0.97;"""";"""";"""";"""";""""
Car640380-2026-Pass2-Z1-PaRecPR1925492_20260423_064742_000;0.4;2.8;153.0;noise;0.94;"""";"""";"""";"""";""""
Car640380-2026-Pass2-Z1-PaRecPR1925492_20260423_064747_000;0.4;3.0;153.0;noise;0.87;"""";"""";"""";"""";""""
Car640380-2026-Pass2-Z1-PaRecPR1925492_20260423_064752_000;0.4;3.1;154.0;noise;0.9;"""";"""";"""";"""";""""
Car640380-2026-Pass2-Z1-PaRecPR1925492_20260423_064752_000;2.2;2.4;6.0;piaf;0.99;"""";"""";"""";"""";""""
Car640380-2026-Pass2-Z1-PaRecPR1925492_20260423_064757_000;0.4;2.5;153.0;noise;0.86;"""";"""";"""";"""";""""
Car640380-2026-Pass2-Z1-PaRecPR1925492_20260423_064804_000;0.2;2.1;153.0;noise;0.93;"""";"""";"""";"""";""""
Car640380-2026-Pass2-Z1-PaRecPR1925492_20260423_064804_000;0.2;1.9;134.0;piaf;0.74;"""";"""";"""";"""";""""
Car640380-2026-Pass2-Z1-PaRecPR1925492_20260423_064809_000;0.4;2.1;153.0;noise;0.9;"""";"""";"""";"""";""""
Car640380-2026-Pass2-Z1-PaRecPR1925492_20260423_064809_000;1.6;1.7;11.0;piaf;0.29;"""";"""";"""";"""";""""
Car640380-2026-Pass2-Z1-PaRecPR1925492_20260423_064815_000;0.4;2.5;153.0;noise;0.97;"""";"""";"""";"""";""""
Car640380-2026-Pass2-Z1-PaRecPR1925492_20260423_064821_000;0.4;2.4;153.0;noise;0.98;"""";"""";"""";"""";""""
Car640380-2026-Pass2-Z1-PaRecPR1925492_20260423_064826_000;0.4;2.6;154.0;noise;0.78;"""";"""";"""";"""";""""
Car640380-2026-Pass2-Z1-PaRecPR1925492_20260423_064833_000;0.1;2.1;153.0;noise;0.97;"""";"""";"""";"""";""""
Car640380-2026-Pass2-Z1-PaRecPR1925492_20260423_064835_000;0.0;2.4;153.0;noise;0.96;"""";"""";"""";"""";""""
Car640380-2026-Pass2-Z1-PaRecPR1925492_20260423_064835_000;2.1;2.2;12.0;Tetvir;0.04;Phogri;"""";"""";"""";""""
Car640380-2026-Pass2-Z1-PaRecPR1925492_20260423_064838_000;0.1;2.0;154.0;noise;0.97;"""";"""";"""";"""";""""
Car640380-2026-Pass2-Z1-PaRecPR1925492_20260423_064838_000;0.3;2.0;9.0;piaf;0.99;"""";"""";"""";"""";""""
Car640380-2026-Pass2-Z1-PaRecPR1925492_20260423_064844_000;0.2;2.5;153.0;noise;0.97;"""";"""";"""";"""";""""
Car640380-2026-Pass2-Z1-PaRecPR1925492_20260423_064848_000;0.3;3.0;153.0;noise;0.87;"""";"""";"""";"""";""""
Car640380-2026-Pass2-Z1-PaRecPR1925492_20260423_064854_000;0.4;2.6;153.0;noise;0.94;"""";"""";"""";"""";""""
Car640380-2026-Pass2-Z1-PaRecPR1925492_20260423_064900_000;0.4;2.9;153.0;noise;0.91;"""";"""";"""";"""";""""
Car640380-2026-Pass2-Z1-PaRecPR1925492_20260423_064907_000;0.0;2.1;154.0;noise;0.97;"""";"""";"""";"""";""""
Car640380-2026-Pass2-Z1-PaRecPR1925492_20260423_064912_000;0.0;2.9;154.0;noise;0.96;"""";"""";"""";"""";""""
Car640380-2026-Pass2-Z1-PaRecPR1925492_20260423_064919_000;0.0;3.0;153.0;noise;0.87;"""";"""";"""";"""";""""
Car640380-2026-Pass2-Z1-PaRecPR1925492_20260423_064923_000;0.4;3.0;153.0;noise;0.87;"""";"""";"""";"""";""""
Car640380-2026-Pass2-Z1-PaRecPR1925492_20260423_064923_000;0.2;3.0;9.0;piaf;0.99;"""";"""";"""";"""";""""
Car640380-2026-Pass2-Z1-PaRecPR1925492_20260423_064929_000;0.0;2.4;153.0;noise;0.93;"""";"""";"""";"""";""""
Car640380-2026-Pass2-Z1-PaRecPR1925492_20260423_064935_000;0.4;3.6;153.0;noise;0.89;"""";"""";"""";"""";""""
Car640380-2026-Pass2-Z1-PaRecPR1925492_20260423_064935_000;1.7;2.8;9.0;piaf;0.98;"""";"""";"""";"""";""""
Car640380-2026-Pass2-Z1-PaRecPR1925492_20260423_064941_000;0.4;3.0;154.0;noise;0.93;"""";"""";"""";"""";""""
Car640380-2026-Pass2-Z1-PaRecPR1925492_20260423_064946_000;0.4;3.0;153.0;noise;0.95;"""";"""";"""";"""";""""
Car640380-2026-Pass2-Z1-PaRecPR1925492_20260423_064954_000;0.4;3.0;153.0;noise;0.95;"""";"""";"""";"""";""""
Car640380-2026-Pass2-Z1-PaRecPR1925492_20260423_064959_000;0.4;2.8;154.0;noise;0.95;"""";"""";"""";"""";""""
Car640380-2026-Pass2-Z1-PaRecPR1925492_20260423_065005_000;0.0;3.4;154.0;noise;0.94;"""";"""";"""";"""";""""
Car640380-2026-Pass2-Z1-PaRecPR1925492_20260423_065014_000;0.4;3.4;153.0;noise;0.83;"""";"""";"""";"""";""""
Car640380-2026-Pass2-Z1-PaRecPR1925492_20260423_065014_000;0.2;3.1;51.0;Pippip;0.98;"""";"""";"""";"""";""""
Car640380-2026-Pass2-Z1-PaRecPR1925492_20260423_065019_000;1.0;1.1;133.0;noise;0.7;"""";"""";"""";"""";""""
Car640380-2026-Pass2-Z1-PaRecPR1925492_20260423_065019_000;2.3;2.6;6.0;piaf;0.15;"""";"""";"""";"""";""""
Car640380-2026-Pass2-Z1-PaRecPR1925492_20260423_065019_000;0.0;2.8;50.0;Pippip;0.98;"""";"""";"""";"""";""""
Car640380-2026-Pass2-Z1-PaRecPR1925492_20260423_065019_000;0.4;2.8;154.0;Rhihip;0.18;"""";"""";"""";"""";""""
Car640380-2026-Pass2-Z1-PaRecPR1925492_20260423_065024_000;0.4;3.0;154.0;noise;0.97;"""";"""";"""";"""";""""
Car640380-2026-Pass2-Z1-PaRecPR1925492_20260423_065030_000;0.4;3.5;153.0;noise;0.84;"""";"""";"""";"""";""""
Car640380-2026-Pass2-Z1-PaRecPR1925492_20260423_065030_000;0.3;2.9;77.0;piaf;0.49;"""";"""";"""";"""";""""
Car640380-2026-Pass2-Z1-PaRecPR1925492_20260423_065037_000;0.4;3.4;153.0;noise;0.85;"""";"""";"""";"""";""""
Car640380-2026-Pass2-Z1-PaRecPR1925492_20260423_065037_000;0.4;1.2;18.0;piaf;0.98;"""";"""";"""";"""";""""
Car640380-2026-Pass2-Z1-PaRecPR1925492_20260423_065037_000;0.4;3.2;153.0;Rhifer;0.23;"""";"""";"""";"""";""""
Car640380-2026-Pass2-Z1-PaRecPR1925492_20260423_065042_000;0.4;3.5;153.0;noise;0.93;"""";"""";"""";"""";""""
Car640380-2026-Pass2-Z1-PaRecPR1925492_20260423_065042_000;0.3;1.4;17.0;piaf;0.95;"""";"""";"""";"""";""""
Car640380-2026-Pass2-Z1-PaRecPR1925492_20260423_065048_000;0.0;4.0;153.0;noise;0.93;"""";"""";"""";"""";""""
Car640380-2026-Pass2-Z1-PaRecPR1925492_20260423_065048_000;1.0;1.4;17.0;piaf;0.3;"""";"""";"""";"""";""""
Car640380-2026-Pass2-Z1-PaRecPR1925492_20260423_065054_000;0.4;5.0;153.0;noise;0.75;"""";"""";"""";"""";""""
Car640380-2026-Pass2-Z1-PaRecPR1925492_20260423_065054_000;0.2;4.9;8.0;piaf;0.98;"""";"""";"""";"""";""""
Car640380-2026-Pass2-Z1-PaRecPR1925492_20260423_065059_000;0.0;5.0;153.0;noise;0.89;"""";"""";"""";"""";""""
Car640380-2026-Pass2-Z1-PaRecPR1925492_20260423_065059_000;1.4;4.2;23.0;piaf;0.25;"""";"""";"""";"""";""""
Car640380-2026-Pass2-Z1-PaRecPR1925492_20260423_065104_000;0.0;0.5;153.0;noise;0.98;"""";"""";"""";"""";""""
Car640380-2026-Pass2-Z1-PaRecPR1925492_20260423_065105_000;0.7;4.7;32.0;noise;0.42;"""";"""";"""";"""";""""
Car640380-2026-Pass2-Z1-PaRecPR1925492_20260423_065105_000;0.0;5.0;14.0;piaf;0.96;"""";"""";"""";"""";""""
Car640380-2026-Pass2-Z1-PaRecPR1925492_20260423_065105_000;0.0;5.0;154.0;Rhihip;0.13;"""";"""";"""";"""";""""
Car640380-2026-Pass2-Z1-PaRecPR1925492_20260423_065110_000;0.2;4.3;153.0;noise;0.87;"""";"""";"""";"""";""""
Car640380-2026-Pass2-Z1-PaRecPR1925492_20260423_065110_000;0.2;0.3;11.0;Phogri;0.04;Tetvir, Pipkuh;"""";"""";"""";""""
Car640380-2026-Pass2-Z1-PaRecPR1925492_20260423_065110_000;0.2;3.8;15.0;piaf;0.97;"""";"""";"""";"""";""""
Car640380-2026-Pass2-Z1-PaRecPR1925492_20260423_065115_000;0.1;5.0;153.0;noise;0.91;"""";"""";"""";"""";""""
Car640380-2026-Pass2-Z1-PaRecPR1925492_20260423_065115_000;0.8;0.9;23.0;piaf;0.53;"""";"""";"""";"""";""""
Car640380-2026-Pass2-Z1-PaRecPR1925492_20260423_065120_000;0.0;5.0;153.0;noise;0.83;"""";"""";"""";"""";""""
Car640380-2026-Pass2-Z1-PaRecPR1925492_20260423_065120_000;0.0;4.7;15.0;piaf;0.83;"""";"""";"""";"""";""""
Car640380-2026-Pass2-Z1-PaRecPR1925492_20260423_065125_000;0.0;2.5;153.0;noise;0.97;"""";"""";"""";"""";""""
Car640380-2026-Pass2-Z1-PaRecPR1925492_20260423_065128_000;2.5;2.6;96.0;noise;0.63;"""";"""";"""";"""";""""
Car640380-2026-Pass2-Z1-PaRecPR1925492_20260423_065128_000;0.5;0.6;14.0;Phogri;0.07;"""";"""";"""";"""";""""
Car640380-2026-Pass2-Z1-PaRecPR1925492_20260423_065128_000;0.3;2.3;12.0;piaf;0.19;"""";"""";"""";"""";""""
Car640380-2026-Pass2-Z1-PaRecPR1925492_20260423_065128_000;0.0;4.4;154.0;Rhihip;0.11;"""";"""";"""";"""";""""
Car640380-2026-Pass2-Z1-PaRecPR1925492_20260423_065132_000;0.4;5.0;153.0;noise;0.86;"""";"""";"""";"""";""""
Car640380-2026-Pass2-Z1-PaRecPR1925492_20260423_065132_000;1.0;5.0;14.0;piaf;0.94;"""";"""";"""";"""";""""
Car640380-2026-Pass2-Z1-PaRecPR1925492_20260423_065137_000;0.0;4.8;153.0;noise;0.95;"""";"""";"""";"""";""""
Car640380-2026-Pass2-Z1-PaRecPR1925492_20260423_065137_000;1.4;2.7;22.0;piaf;0.97;"""";"""";"""";"""";""""
Car640380-2026-Pass2-Z1-PaRecPR1925492_20260423_065143_000;0.4;5.0;153.0;noise;0.94;"""";"""";"""";"""";""""
Car640380-2026-Pass2-Z1-PaRecPR1925492_20260423_065143_000;0.1;0.5;21.0;piaf;0.95;"""";"""";"""";"""";""""
Car640380-2026-Pass2-Z1-PaRecPR1925492_20260423_065148_000;0.0;3.5;154.0;noise;0.93;"""";"""";"""";"""";""""
Car640380-2026-Pass2-Z1-PaRecPR1925492_20260423_065148_000;0.0;2.3;19.0;piaf;0.99;"""";"""";"""";"""";""""
Car640380-2026-Pass2-Z1-PaRecPR1925492_20260423_065151_000;0.0;5.0;153.0;noise;0.7;"""";"""";"""";"""";""""
Car640380-2026-Pass2-Z1-PaRecPR1925492_20260423_065151_000;0.6;0.7;11.0;Tadten;0.31;"""";"""";"""";"""";""""
Car640380-2026-Pass2-Z1-PaRecPR1925492_20260423_065156_000;0.0;2.5;154.0;noise;0.94;"""";"""";"""";"""";""""
Car640380-2026-Pass2-Z1-PaRecPR1925492_20260423_065159_000;0.4;4.0;154.0;noise;0.87;"""";"""";"""";"""";""""
Car640380-2026-Pass2-Z1-PaRecPR1925492_20260423_065159_000;0.1;2.1;16.0;piaf;0.98;"""";"""";"""";"""";""""
Car640380-2026-Pass2-Z1-PaRecPR1925492_20260423_065203_000;0.0;4.4;153.0;noise;0.94;"""";"""";"""";"""";""""
Car640380-2026-Pass2-Z1-PaRecPR1925492_20260423_065203_000;1.9;2.0;25.0;piaf;0.52;"""";"""";"""";"""";""""
Car640380-2026-Pass2-Z1-PaRecPR1925492_20260423_065203_000;0.4;4.3;153.0;Rhifer;0.17;"""";"""";"""";"""";""""
Car640380-2026-Pass2-Z1-PaRecPR1925492_20260423_065209_000;0.4;4.5;154.0;noise;0.91;"""";"""";"""";"""";""""
Car640380-2026-Pass2-Z1-PaRecPR1925492_20260423_065209_000;0.4;3.6;9.0;piaf;0.97;"""";"""";"""";"""";""""
Car640380-2026-Pass2-Z1-PaRecPR1925492_20260423_065216_000;0.1;3.7;154.0;noise;0.84;"""";"""";"""";"""";""""
Car640380-2026-Pass2-Z1-PaRecPR1925492_20260423_065216_000;0.2;1.8;20.0;piaf;0.98;"""";"""";"""";"""";""""
Car640380-2026-Pass2-Z1-PaRecPR1925492_20260423_065221_000;0.4;4.7;154.0;noise;0.87;"""";"""";"""";"""";""""
Car640380-2026-Pass2-Z1-PaRecPR1925492_20260423_065221_000;0.3;2.9;22.0;piaf;0.84;"""";"""";"""";"""";""""
Car640380-2026-Pass2-Z1-PaRecPR1925492_20260423_065229_000;0.4;4.9;154.0;noise;0.86;"""";"""";"""";"""";""""
Car640380-2026-Pass2-Z1-PaRecPR1925492_20260423_065229_000;0.0;4.8;11.0;piaf;0.72;"""";"""";"""";"""";""""
Car640380-2026-Pass2-Z1-PaRecPR1925492_20260423_065234_000;0.0;4.4;153.0;noise;0.89;"""";"""";"""";"""";""""
Car640380-2026-Pass2-Z1-PaRecPR1925492_20260423_065234_000;1.9;2.0;24.0;piaf;0.41;"""";"""";"""";"""";""""
Car640380-2026-Pass2-Z1-PaRecPR1925492_20260423_065240_000;0.4;4.3;153.0;noise;0.89;"""";"""";"""";"""";""""
Car640380-2026-Pass2-Z1-PaRecPR1925492_20260423_065240_000;0.2;2.5;15.0;piaf;0.98;"""";"""";"""";"""";""""
Car640380-2026-Pass2-Z1-PaRecPR1925492_20260423_065246_000;0.4;4.9;154.0;noise;0.88;"""";"""";"""";"""";""""
Car640380-2026-Pass2-Z1-PaRecPR1925492_20260423_065246_000;0.1;3.9;15.0;piaf;0.95;"""";"""";"""";"""";""""
Car640380-2026-Pass2-Z1-PaRecPR1925492_20260423_065252_000;0.4;4.9;153.0;noise;0.87;"""";"""";"""";"""";""""
Car640380-2026-Pass2-Z1-PaRecPR1925492_20260423_065252_000;0.1;3.6;20.0;piaf;0.97;"""";"""";"""";"""";""""
Car640380-2026-Pass2-Z1-PaRecPR1925492_20260423_065257_000;0.0;0.6;153.0;noise;0.96;"""";"""";"""";"""";""""
Car640380-2026-Pass2-Z1-PaRecPR1925492_20260423_065258_000;0.1;4.1;153.0;noise;0.96;"""";"""";"""";"""";""""
Car640380-2026-Pass2-Z1-PaRecPR1925492_20260423_065303_000;0.3;0.4;11.0;noise;0.77;"""";"""";"""";"""";""""
Car640380-2026-Pass2-Z1-PaRecPR1925492_20260423_065303_000;0.0;3.4;14.0;piaf;0.27;"""";"""";"""";"""";""""
Car640380-2026-Pass2-Z1-PaRecPR1925492_20260423_065303_000;0.1;3.4;154.0;Rhihip;0.08;"""";"""";"""";"""";""""
Car640380-2026-Pass2-Z1-PaRecPR1925492_20260423_065306_000;0.0;5.0;153.0;noise;0.94;"""";"""";"""";"""";""""
Car640380-2026-Pass2-Z1-PaRecPR1925492_20260423_065306_000;1.9;2.7;14.0;Phanan;0.04;Tetvir, Pippip, Phogri;"""";"""";"""";""""
Car640380-2026-Pass2-Z1-PaRecPR1925492_20260423_065306_000;2.5;2.7;14.0;Tadten;0.04;Tetvir, Pipkuh, piaf;"""";"""";"""";""""
Car640380-2026-Pass2-Z1-PaRecPR1925492_20260423_065311_000;0.0;0.1;154.0;noise;0.95;"""";"""";"""";"""";""""
Car640380-2026-Pass2-Z1-PaRecPR1925492_20260423_065313_000;0.0;4.2;153.0;noise;0.96;"""";"""";"""";"""";""""
Car640380-2026-Pass2-Z1-PaRecPR1925492_20260423_065313_000;1.4;2.0;24.0;piaf;0.17;"""";"""";"""";"""";""""
Car640380-2026-Pass2-Z1-PaRecPR1925492_20260423_065313_000;0.4;0.5;77.0;Rhifer;0.98;"""";"""";"""";"""";""""
Car640380-2026-Pass2-Z1-PaRecPR1925492_20260423_065318_000;0.0;3.6;153.0;noise;0.8;"""";"""";"""";"""";""""
Car640380-2026-Pass2-Z1-PaRecPR1925492_20260423_065318_000;0.1;3.2;19.0;piaf;0.59;"""";"""";"""";"""";""""
Car640380-2026-Pass2-Z1-PaRecPR1925492_20260423_065321_000;0.0;3.9;153.0;noise;0.93;"""";"""";"""";"""";""""
Car640380-2026-Pass2-Z1-PaRecPR1925492_20260423_065321_000;2.2;2.3;9.0;piaf;0.86;"""";"""";"""";"""";""""
Car640380-2026-Pass2-Z1-PaRecPR1925492_20260423_065326_000;0.0;4.1;153.0;noise;0.86;"""";"""";"""";"""";""""
Car640380-2026-Pass2-Z1-PaRecPR1925492_20260423_065326_000;0.1;0.3;14.0;Phogri;0.1;"""";"""";"""";"""";""""
Car640380-2026-Pass2-Z1-PaRecPR1925492_20260423_065326_000;0.0;3.4;14.0;piaf;0.95;"""";"""";"""";"""";""""
Car640380-2026-Pass2-Z1-PaRecPR1925492_20260423_065330_000;0.0;4.5;154.0;noise;0.85;"""";"""";"""";"""";""""
Car640380-2026-Pass2-Z1-PaRecPR1925492_20260423_065330_000;0.0;1.8;15.0;piaf;0.31;"""";"""";"""";"""";""""
Car640380-2026-Pass2-Z1-PaRecPR1925492_20260423_065338_000;0.0;4.2;153.0;noise;0.9;"""";"""";"""";"""";""""
Car640380-2026-Pass2-Z1-PaRecPR1925492_20260423_065338_000;0.3;0.4;8.0;piaf;0.99;"""";"""";"""";"""";""""
Car640380-2026-Pass2-Z1-PaRecPR1925492_20260423_065343_000;0.0;3.5;154.0;noise;0.91;"""";"""";"""";"""";""""
Car640380-2026-Pass2-Z1-PaRecPR1925492_20260423_065343_000;0.1;3.4;14.0;piaf;0.94;"""";"""";"""";"""";""""
Car640380-2026-Pass2-Z1-PaRecPR1925492_20260423_065347_000;0.1;3.9;153.0;noise;0.89;"""";"""";"""";"""";""""
Car640380-2026-Pass2-Z1-PaRecPR1925492_20260423_065347_000;1.8;2.0;24.0;piaf;0.26;"""";"""";"""";"""";""""
Car640380-2026-Pass2-Z1-PaRecPR1925492_20260423_065352_000;0.3;3.5;153.0;noise;0.94;"""";"""";"""";"""";""""
Car640380-2026-Pass2-Z1-PaRecPR1925492_20260423_065352_000;1.3;1.5;24.0;piaf;0.98;"""";"""";"""";"""";""""
Car640380-2026-Pass2-Z1-PaRecPR1925492_20260423_065356_000;0.0;3.8;153.0;noise;0.84;"""";"""";"""";"""";""""
Car640380-2026-Pass2-Z1-PaRecPR1925492_20260423_065400_000;0.0;3.9;153.0;noise;0.92;"""";"""";"""";"""";""""
Car640380-2026-Pass2-Z1-PaRecPR1925492_20260423_065400_000;0.0;0.7;14.0;Phogri;0.06;Eupsp;"""";"""";"""";""""
Car640380-2026-Pass2-Z1-PaRecPR1925492_20260423_065406_000;0.3;4.2;153.0;noise;0.88;"""";"""";"""";"""";""""
Car640380-2026-Pass2-Z1-PaRecPR1925492_20260423_065406_000;0.4;2.1;15.0;piaf;0.99;"""";"""";"""";"""";""""
Car640380-2026-Pass2-Z1-PaRecPR1925492_20260423_065411_000;0.4;5.0;153.0;noise;0.8;"""";"""";"""";"""";""""
Car640380-2026-Pass2-Z1-PaRecPR1925492_20260423_065411_000;0.1;3.8;16.0;piaf;0.94;"""";"""";"""";"""";""""
Car640380-2026-Pass2-Z1-PaRecPR1925492_20260423_065416_000;0.0;0.7;154.0;noise;0.96;"""";"""";"""";"""";""""
Car640380-2026-Pass2-Z1-PaRecPR1925492_20260423_065416_000;0.1;0.5;8.0;piaf;0.99;"""";"""";"""";"""";""""
Car640380-2026-Pass2-Z1-PaRecPR1925492_20260423_065421_000;0.4;3.7;153.0;noise;0.91;"""";"""";"""";"""";""""
Car640380-2026-Pass2-Z1-PaRecPR1925492_20260423_065421_000;0.0;2.7;8.0;piaf;0.98;"""";"""";"""";"""";""""
Car640380-2026-Pass2-Z1-PaRecPR1925492_20260423_065426_000;0.0;3.3;154.0;noise;0.96;"""";"""";"""";"""";""""
Car640380-2026-Pass2-Z1-PaRecPR1925492_20260423_065426_000;0.6;0.7;24.0;piaf;0.36;"""";"""";"""";"""";""""
Car640380-2026-Pass2-Z1-PaRecPR1925492_20260423_065431_000;0.4;3.3;153.0;noise;0.93;"""";"""";"""";"""";""""
Car640380-2026-Pass2-Z1-PaRecPR1925492_20260423_065431_000;0.8;2.2;8.0;piaf;0.99;"""";"""";"""";"""";""""
Car640380-2026-Pass2-Z1-PaRecPR1925492_20260423_065435_000;0.0;3.7;153.0;noise;0.95;"""";"""";"""";"""";""""
Car640380-2026-Pass2-Z1-PaRecPR1925492_20260423_065440_000;0.1;5.0;153.0;noise;0.88;"""";"""";"""";"""";""""
Car640380-2026-Pass2-Z1-PaRecPR1925492_20260423_065440_000;0.0;4.5;16.0;piaf;0.95;"""";"""";"""";"""";""""
Car640380-2026-Pass2-Z1-PaRecPR1925492_20260423_065445_000;0.1;3.0;8.0;noise;0.84;"""";"""";"""";"""";""""
Car640380-2026-Pass2-Z1-PaRecPR1925492_20260423_065445_000;0.6;0.7;24.0;piaf;0.24;"""";"""";"""";"""";""""
Car640380-2026-Pass2-Z1-PaRecPR1925492_20260423_065445_000;0.1;3.1;154.0;Rhihip;0.11;"""";"""";"""";"""";""""
Car640380-2026-Pass2-Z1-PaRecPR1925492_20260423_065449_000;0.1;4.2;153.0;noise;0.94;"""";"""";"""";"""";""""
Car640380-2026-Pass2-Z1-PaRecPR1925492_20260423_065453_000;0.2;4.5;153.0;noise;0.94;"""";"""";"""";"""";""""
Car640380-2026-Pass2-Z1-PaRecPR1925492_20260423_065453_000;0.3;4.2;8.0;piaf;0.98;"""";"""";"""";"""";""""
Car640380-2026-Pass2-Z1-PaRecPR1925492_20260423_065459_000;0.4;5.0;153.0;noise;0.96;"""";"""";"""";"""";""""
Car640380-2026-Pass2-Z1-PaRecPR1925492_20260423_065459_000;0.1;4.1;20.0;piaf;0.99;"""";"""";"""";"""";""""
Car640380-2026-Pass2-Z1-PaRecPR1925492_20260423_065504_000;0.0;0.9;154.0;noise;0.99;"""";"""";"""";"""";""""
Car640380-2026-Pass2-Z1-PaRecPR1925492_20260423_065505_000;0.4;4.5;153.0;noise;0.94;"""";"""";"""";"""";""""
Car640380-2026-Pass2-Z1-PaRecPR1925492_20260423_065505_000;0.0;2.0;18.0;piaf;0.99;"""";"""";"""";"""";""""
Car640380-2026-Pass2-Z1-PaRecPR1925492_20260423_065510_000;0.0;4.3;10.0;piaf;0.98;"""";"""";"""";"""";""""
Car640380-2026-Pass2-Z1-PaRecPR1925492_20260423_065510_000;0.2;4.4;153.0;noise;0.44;"""";"""";"""";"""";""""
Car640380-2026-Pass2-Z1-PaRecPR1925492_20260423_065515_000;0.4;3.3;153.0;noise;0.86;"""";"""";"""";"""";""""
Car640380-2026-Pass2-Z1-PaRecPR1925492_20260423_065515_000;0.8;2.0;23.0;piaf;0.91;"""";"""";"""";"""";""""
Car640380-2026-Pass2-Z1-PaRecPR1925492_20260423_065520_000;0.4;4.1;153.0;noise;0.86;"""";"""";"""";"""";""""
Car640380-2026-Pass2-Z1-PaRecPR1925492_20260423_065520_000;0.9;4.2;14.0;piaf;0.98;"""";"""";"""";"""";""""
Car640380-2026-Pass2-Z1-PaRecPR1925492_20260423_065525_000;0.4;5.0;153.0;noise;0.8;"""";"""";"""";"""";""""
Car640380-2026-Pass2-Z1-PaRecPR1925492_20260423_065525_000;0.3;4.4;14.0;piaf;0.99;"""";"""";"""";"""";""""
Car640380-2026-Pass2-Z1-PaRecPR1925492_20260423_065530_000;0.0;4.7;153.0;noise;0.91;"""";"""";"""";"""";""""
Car640380-2026-Pass2-Z1-PaRecPR1925492_20260423_065530_000;0.2;2.6;9.0;piaf;0.98;"""";"""";"""";"""";""""
Car640380-2026-Pass2-Z1-PaRecPR1925492_20260423_065535_000;0.2;2.8;154.0;noise;0.94;"""";"""";"""";"""";""""
Car640380-2026-Pass2-Z1-PaRecPR1925492_20260423_065535_000;0.4;2.0;8.0;piaf;0.97;"""";"""";"""";"""";""""
Car640380-2026-Pass2-Z1-PaRecPR1925492_20260423_065538_000;0.4;4.8;153.0;noise;0.83;"""";"""";"""";"""";""""
Car640380-2026-Pass2-Z1-PaRecPR1925492_20260423_065538_000;0.3;4.5;14.0;piaf;0.87;"""";"""";"""";"""";""""
Car640380-2026-Pass2-Z1-PaRecPR1925492_20260423_065543_000;0.0;4.8;153.0;noise;0.92;"""";"""";"""";"""";""""
Car640380-2026-Pass2-Z1-PaRecPR1925492_20260423_065547_000;0.0;3.5;153.0;noise;0.9;"""";"""";"""";"""";""""
Car640380-2026-Pass2-Z1-PaRecPR1925492_20260423_065547_000;0.2;3.1;11.0;piaf;0.16;"""";"""";"""";"""";""""
Car640380-2026-Pass2-Z1-PaRecPR1925492_20260423_065552_000;1.1;3.9;76.0;noise;0.74;"""";"""";"""";"""";""""
Car640380-2026-Pass2-Z1-PaRecPR1925492_20260423_065552_000;0.0;2.5;15.0;piaf;0.25;"""";"""";"""";"""";""""
Car640380-2026-Pass2-Z1-PaRecPR1925492_20260423_065552_000;0.1;4.4;153.0;Rhihip;0.14;"""";"""";"""";"""";""""
Car640380-2026-Pass2-Z1-PaRecPR1925492_20260423_065558_000;0.1;3.7;153.0;noise;0.88;"""";"""";"""";"""";""""
Car640380-2026-Pass2-Z1-PaRecPR1925492_20260423_065602_000;0.4;4.5;153.0;noise;0.76;"""";"""";"""";"""";""""
Car640380-2026-Pass2-Z1-PaRecPR1925492_20260423_065602_000;0.0;4.2;20.0;piaf;0.93;"""";"""";"""";"""";""""
Car640380-2026-Pass2-Z1-PaRecPR1925492_20260423_065608_000;0.0;4.4;153.0;noise;0.86;"""";"""";"""";"""";""""
Car640380-2026-Pass2-Z1-PaRecPR1925492_20260423_065608_000;0.0;0.2;15.0;piaf;0.16;"""";"""";"""";"""";""""
Car640380-2026-Pass2-Z1-PaRecPR1925492_20260423_065614_000;0.4;4.4;154.0;noise;0.82;"""";"""";"""";"""";""""
Car640380-2026-Pass2-Z1-PaRecPR1925492_20260423_065614_000;0.1;2.5;9.0;piaf;0.92;"""";"""";"""";"""";""""
Car640380-2026-Pass2-Z1-PaRecPR1925492_20260423_065620_000;0.2;5.0;153.0;noise;0.94;"""";"""";"""";"""";""""
Car640380-2026-Pass2-Z1-PaRecPR1925492_20260423_065620_000;0.3;3.2;23.0;piaf;0.99;"""";"""";"""";"""";""""
Car640380-2026-Pass2-Z1-PaRecPR1925492_20260423_065625_000;0.0;0.3;154.0;noise;0.96;"""";"""";"""";"""";""""
Car640380-2026-Pass2-Z1-PaRecPR1925492_20260423_065630_000;0.4;5.0;153.0;noise;0.92;"""";"""";"""";"""";""""
Car640380-2026-Pass2-Z1-PaRecPR1925492_20260423_065630_000;4.0;4.1;22.0;Nyclei;0.06;"""";"""";"""";"""";""""
Car640380-2026-Pass2-Z1-PaRecPR1925492_20260423_065635_000;0.0;3.2;153.0;noise;0.93;"""";"""";"""";"""";""""
Car640380-2026-Pass2-Z1-PaRecPR1925492_20260423_065635_000;0.4;2.9;24.0;piaf;0.91;"""";"""";"""";"""";""""
Car640380-2026-Pass2-Z1-PaRecPR1925492_20260423_065638_000;0.0;4.4;153.0;noise;0.82;"""";"""";"""";"""";""""
Car640380-2026-Pass2-Z1-PaRecPR1925492_20260423_065643_000;0.3;4.1;153.0;noise;0.91;"""";"""";"""";"""";""""
Car640380-2026-Pass2-Z1-PaRecPR1925492_20260423_065643_000;0.0;3.7;18.0;piaf;0.87;"""";"""";"""";"""";""""
Car640380-2026-Pass2-Z1-PaRecPR1925492_20260423_065647_000;0.4;3.7;154.0;noise;0.94;"""";"""";"""";"""";""""
Car640380-2026-Pass2-Z1-PaRecPR1925492_20260423_065651_000;1.0;5.0;154.0;noise;0.91;"""";"""";"""";"""";""""
Car640380-2026-Pass2-Z1-PaRecPR1925492_20260423_065651_000;0.3;4.5;21.0;piaf;0.93;"""";"""";"""";"""";""""
Car640380-2026-Pass2-Z1-PaRecPR1925492_20260423_065651_000;0.0;4.0;154.0;Rhifer;0.14;Rhihip;"""";"""";"""";""""
Car640380-2026-Pass2-Z1-PaRecPR1925492_20260423_065656_000;0.0;5.0;154.0;noise;0.94;"""";"""";"""";"""";""""
Car640380-2026-Pass2-Z1-PaRecPR1925492_20260423_065656_000;3.0;3.5;21.0;piaf;0.89;"""";"""";"""";"""";""""
Car640380-2026-Pass2-Z1-PaRecPR1925492_20260423_065701_000;0.1;1.1;154.0;noise;0.99;"""";"""";"""";"""";""""
Car640380-2026-Pass2-Z1-PaRecPR1925492_20260423_065704_000;0.0;4.0;153.0;noise;0.91;"""";"""";"""";"""";""""
Car640380-2026-Pass2-Z1-PaRecPR1925492_20260423_065704_000;1.2;1.3;27.0;piaf;0.5;"""";"""";"""";"""";""""
Car640380-2026-Pass2-Z1-PaRecPR1925492_20260423_065708_000;0.0;4.3;154.0;noise;0.78;"""";"""";"""";"""";""""
Car640380-2026-Pass2-Z1-PaRecPR1925492_20260423_065708_000;0.4;2.4;15.0;piaf;0.93;"""";"""";"""";"""";""""
Car640380-2026-Pass2-Z1-PaRecPR1925492_20260423_065713_000;0.0;5.0;153.0;noise;0.92;"""";"""";"""";"""";""""
Car640380-2026-Pass2-Z1-PaRecPR1925492_20260423_065713_000;0.5;0.6;19.0;piaf;0.21;"""";"""";"""";"""";""""
Car640380-2026-Pass2-Z1-PaRecPR1925492_20260423_065718_000;0.2;3.1;153.0;noise;0.98;"""";"""";"""";"""";""""
Car640380-2026-Pass2-Z1-PaRecPR1925492_20260423_065721_000;1.0;3.4;150.0;noise;0.72;"""";"""";"""";"""";""""
Car640380-2026-Pass2-Z1-PaRecPR1925492_20260423_065721_000;0.6;2.4;21.0;piaf;0.98;"""";"""";"""";"""";""""
Car640380-2026-Pass2-Z1-PaRecPR1925492_20260423_065721_000;0.0;4.4;153.0;Rhihip;0.17;"""";"""";"""";"""";""""
Car640380-2026-Pass2-Z1-PaRecPR1925492_20260423_065726_000;0.0;4.2;153.0;noise;0.89;"""";"""";"""";"""";""""
Car640380-2026-Pass2-Z1-PaRecPR1925492_20260423_065731_000;0.2;4.7;153.0;noise;0.9;"""";"""";"""";"""";""""
Car640380-2026-Pass2-Z1-PaRecPR1925492_20260423_065731_000;0.4;2.5;15.0;piaf;0.98;"""";"""";"""";"""";""""
Car640380-2026-Pass2-Z1-PaRecPR1925492_20260423_065736_000;0.0;3.4;153.0;noise;0.98;"""";"""";"""";"""";""""
Car640380-2026-Pass2-Z1-PaRecPR1925492_20260423_065736_000;2.9;3.0;9.0;piaf;0.98;"""";"""";"""";"""";""""
Car640380-2026-Pass2-Z1-PaRecPR1925492_20260423_065740_000;0.1;4.0;153.0;noise;0.89;"""";"""";"""";"""";""""
Car640380-2026-Pass2-Z1-PaRecPR1925492_20260423_065745_000;0.0;4.0;153.0;noise;0.96;"""";"""";"""";"""";""""
Car640380-2026-Pass2-Z1-PaRecPR1925492_20260423_065745_000;0.0;1.7;18.0;piaf;0.98;"""";"""";"""";"""";""""
Car640380-2026-Pass2-Z1-PaRecPR1925492_20260423_065749_000;2.9;3.0;131.0;Myoema;0.08;"""";"""";"""";"""";""""
Car640380-2026-Pass2-Z1-PaRecPR1925492_20260423_065749_000;1.7;3.5;10.0;piaf;0.86;"""";"""";"""";"""";""""
Car640380-2026-Pass2-Z1-PaRecPR1925492_20260423_065749_000;0.4;4.5;153.0;noise;0.41;"""";"""";"""";"""";""""
Car640380-2026-Pass2-Z1-PaRecPR1925492_20260423_065754_000;0.0;3.9;153.0;noise;0.92;"""";"""";"""";"""";""""
Car640380-2026-Pass2-Z1-PaRecPR1925492_20260423_065758_000;0.0;4.2;153.0;noise;0.77;"""";"""";"""";"""";""""
Car640380-2026-Pass2-Z1-PaRecPR1925492_20260423_065758_000;0.0;2.2;18.0;piaf;0.88;"""";"""";"""";"""";""""
Car640380-2026-Pass2-Z1-PaRecPR1925492_20260423_065803_000;0.1;4.0;153.0;noise;0.85;"""";"""";"""";"""";""""
Car640380-2026-Pass2-Z1-PaRecPR1925492_20260423_065803_000;1.1;1.2;21.0;piaf;0.36;"""";"""";"""";"""";""""
Car640380-2026-Pass2-Z1-PaRecPR1925492_20260423_065807_000;0.0;4.4;153.0;noise;0.91;"""";"""";"""";"""";""""
Car640380-2026-Pass2-Z1-PaRecPR1925492_20260423_065807_000;2.3;2.4;16.0;piaf;0.65;"""";"""";"""";"""";""""
Car640380-2026-Pass2-Z1-PaRecPR1925492_20260423_065811_000;0.4;4.2;153.0;noise;0.85;"""";"""";"""";"""";""""
Car640380-2026-Pass2-Z1-PaRecPR1925492_20260423_065811_000;0.1;2.4;11.0;piaf;0.97;"""";"""";"""";"""";""""
Car640380-2026-Pass2-Z1-PaRecPR1925492_20260423_065816_000;0.4;4.0;153.0;noise;0.93;"""";"""";"""";"""";""""
Car640380-2026-Pass2-Z1-PaRecPR1925492_20260423_065816_000;0.4;1.6;24.0;piaf;0.98;"""";"""";"""";"""";""""
Car640380-2026-Pass2-Z1-PaRecPR1925492_20260423_065820_000;0.1;3.7;153.0;noise;0.9;"""";"""";"""";"""";""""
Car640380-2026-Pass2-Z1-PaRecPR1925492_20260423_065820_000;0.4;3.7;16.0;piaf;0.71;"""";"""";"""";"""";""""
Car640380-2026-Pass2-Z1-PaRecPR1925492_20260423_065824_000;0.0;4.3;153.0;noise;0.8;"""";"""";"""";"""";""""
Car640380-2026-Pass2-Z1-PaRecPR1925492_20260423_065824_000;0.0;0.1;15.0;piaf;0.15;"""";"""";"""";"""";""""
Car640380-2026-Pass2-Z1-PaRecPR1925492_20260423_065829_000;0.4;3.7;153.0;noise;0.93;"""";"""";"""";"""";""""
Car640380-2026-Pass2-Z1-PaRecPR1925492_20260423_065829_000;1.4;1.7;17.0;piaf;0.97;"""";"""";"""";"""";""""
Car640380-2026-Pass2-Z1-PaRecPR1925492_20260423_065833_000;0.7;4.3;154.0;noise;0.93;"""";"""";"""";"""";""""
Car640380-2026-Pass2-Z1-PaRecPR1925492_20260423_065833_000;0.3;4.0;22.0;piaf;0.9;"""";"""";"""";"""";""""
Car640380-2026-Pass2-Z1-PaRecPR1925492_20260423_065833_000;0.4;4.5;153.0;Rhifer;0.34;"""";"""";"""";"""";""""
Car640380-2026-Pass2-Z1-PaRecPR1925492_20260423_065839_000;0.3;4.0;153.0;noise;0.93;"""";"""";"""";"""";""""
Car640380-2026-Pass2-Z1-PaRecPR1925492_20260423_065839_000;0.1;1.1;18.0;piaf;0.27;"""";"""";"""";"""";""""
Car640380-2026-Pass2-Z1-PaRecPR1925492_20260423_065843_000;0.0;4.2;153.0;noise;0.94;"""";"""";"""";"""";""""
Car640380-2026-Pass2-Z1-PaRecPR1925492_20260423_065843_000;0.4;4.0;153.0;Rhifer;0.55;"""";"""";"""";"""";""""
Car640380-2026-Pass2-Z1-PaRecPR1925492_20260423_065849_000;0.4;4.1;153.0;noise;0.97;"""";"""";"""";"""";""""
Car640380-2026-Pass2-Z1-PaRecPR1925492_20260423_065849_000;1.5;1.6;27.0;piaf;0.13;"""";"""";"""";"""";""""
Car640380-2026-Pass2-Z1-PaRecPR1925492_20260423_065854_000;0.2;5.0;153.0;noise;0.91;"""";"""";"""";"""";""""
Car640380-2026-Pass2-Z1-PaRecPR1925492_20260423_065854_000;0.3;5.0;15.0;piaf;0.9;"""";"""";"""";"""";""""
Car640380-2026-Pass2-Z1-PaRecPR1925492_20260423_065854_000;0.4;4.4;153.0;Rhifer;0.74;"""";"""";"""";"""";""""
Car640380-2026-Pass2-Z1-PaRecPR1925492_20260423_065859_000;0.0;1.8;153.0;noise;0.87;"""";"""";"""";"""";""""
Car640380-2026-Pass2-Z1-PaRecPR1925492_20260423_065900_000;0.0;3.1;153.0;noise;0.88;"""";"""";"""";"""";""""
Car640380-2026-Pass2-Z1-PaRecPR1925492_20260423_065900_000;0.4;3.2;14.0;piaf;0.99;"""";"""";"""";"""";""""
Car640380-2026-Pass2-Z1-PaRecPR1925492_20260423_065904_000;0.0;5.0;153.0;noise;0.76;"""";"""";"""";"""";""""
Car640380-2026-Pass2-Z1-PaRecPR1925492_20260423_065904_000;0.2;3.6;18.0;piaf;0.78;"""";"""";"""";"""";""""
Car640380-2026-Pass2-Z1-PaRecPR1925492_20260423_065909_000;0.0;2.1;153.0;noise;0.95;"""";"""";"""";"""";""""
Car640380-2026-Pass2-Z1-PaRecPR1925492_20260423_065909_000;0.0;1.8;8.0;piaf;0.98;"""";"""";"""";"""";""""
Car640380-2026-Pass2-Z1-PaRecPR1925492_20260423_065912_000;0.0;5.0;153.0;noise;0.88;"""";"""";"""";"""";""""
Car640380-2026-Pass2-Z1-PaRecPR1925492_20260423_065912_000;1.3;3.4;26.0;piaf;0.82;"""";"""";"""";"""";""""
Car640380-2026-Pass2-Z1-PaRecPR1925492_20260423_065912_000;0.4;5.0;153.0;Rhifer;0.78;"""";"""";"""";"""";""""
Car640380-2026-Pass2-Z1-PaRecPR1925492_20260423_065917_000;0.0;1.0;154.0;noise;0.96;"""";"""";"""";"""";""""
Car640380-2026-Pass2-Z1-PaRecPR1925492_20260423_065920_000;0.0;4.0;153.0;noise;0.95;"""";"""";"""";"""";""""
Car640380-2026-Pass2-Z1-PaRecPR1925492_20260423_065920_000;0.4;3.7;153.0;Rhifer;0.36;"""";"""";"""";"""";""""
Car640380-2026-Pass2-Z1-PaRecPR1925492_20260423_065924_000;0.1;5.0;152.0;noise;0.85;"""";"""";"""";"""";""""
Car640380-2026-Pass2-Z1-PaRecPR1925492_20260423_065924_000;3.5;4.1;11.0;Tadten;0.28;"""";"""";"""";"""";""""
Car640380-2026-Pass2-Z1-PaRecPR1925492_20260423_065929_000;0.0;2.5;153.0;noise;0.96;"""";"""";"""";"""";""""
Car640380-2026-Pass2-Z1-PaRecPR1925492_20260423_065929_000;0.0;0.7;20.0;piaf;0.99;"""";"""";"""";"""";""""
Car640380-2026-Pass2-Z1-PaRecPR1925492_20260423_065933_000;0.1;3.6;153.0;noise;0.91;"""";"""";"""";"""";""""
Car640380-2026-Pass2-Z1-PaRecPR1925492_20260423_065937_000;0.0;5.0;153.0;noise;0.9;"""";"""";"""";"""";""""
Car640380-2026-Pass2-Z1-PaRecPR1925492_20260423_065937_000;0.1;3.7;11.0;piaf;0.98;"""";"""";"""";"""";""""
Car640380-2026-Pass2-Z1-PaRecPR1925492_20260423_065942_000;0.0;3.9;154.0;noise;0.95;"""";"""";"""";"""";""""
Car640380-2026-Pass2-Z1-PaRecPR1925492_20260423_065942_000;0.5;3.3;20.0;piaf;0.99;"""";"""";"""";"""";""""
Car640380-2026-Pass2-Z1-PaRecPR1925492_20260423_065947_000;0.0;4.3;153.0;noise;0.88;"""";"""";"""";"""";""""
Car640380-2026-Pass2-Z1-PaRecPR1925492_20260423_065947_000;0.4;3.9;153.0;Rhifer;0.05;Rhihip;"""";"""";"""";""""
Car640380-2026-Pass2-Z1-PaRecPR1925492_20260423_065952_000;0.4;3.8;154.0;noise;0.92;"""";"""";"""";"""";""""
Car640380-2026-Pass2-Z1-PaRecPR1925492_20260423_065952_000;1.1;1.4;15.0;piaf;0.98;"""";"""";"""";"""";""""
Car640380-2026-Pass2-Z1-PaRecPR1925492_20260423_065957_000;0.4;4.2;153.0;noise;0.89;"""";"""";"""";"""";""""
Car640380-2026-Pass2-Z1-PaRecPR1925492_20260423_065957_000;2.0;2.3;21.0;piaf;0.92;"""";"""";"""";"""";""""
Car640380-2026-Pass2-Z1-PaRecPR1925492_20260423_070003_000;0.4;3.7;154.0;noise;0.89;"""";"""";"""";"""";""""
Car640380-2026-Pass2-Z1-PaRecPR1925492_20260423_070003_000;0.5;3.4;25.0;piaf;0.98;"""";"""";"""";"""";""""
Car640380-2026-Pass2-Z1-PaRecPR1925492_20260423_070009_000;0.4;4.1;153.0;noise;0.87;"""";"""";"""";"""";""""
Car640380-2026-Pass2-Z1-PaRecPR1925492_20260423_070009_000;0.7;2.2;15.0;piaf;0.99;"""";"""";"""";"""";""""
Car640380-2026-Pass2-Z1-PaRecPR1925492_20260423_070013_000;0.3;4.2;154.0;noise;0.85;"""";"""";"""";"""";""""
Car640380-2026-Pass2-Z1-PaRecPR1925492_20260423_070019_000;0.3;3.1;12.0;piaf;0.97;"""";"""";"""";"""";""""
Car640380-2026-Pass2-Z1-PaRecPR1925492_20260423_070019_000;0.4;4.2;153.0;noise;0.53;"""";"""";"""";"""";""""
Car640380-2026-Pass2-Z1-PaRecPR1925492_20260423_070023_000;0.2;3.2;154.0;noise;0.93;"""";"""";"""";"""";""""
Car640380-2026-Pass2-Z1-PaRecPR1925492_20260423_070023_000;0.3;2.6;10.0;piaf;0.99;"""";"""";"""";"""";""""
Car640380-2026-Pass2-Z1-PaRecPR1925492_20260423_070028_000;3.2;3.3;134.0;noise;0.73;"""";"""";"""";"""";""""
Car640380-2026-Pass2-Z1-PaRecPR1925492_20260423_070028_000;0.7;2.8;14.0;piaf;0.99;"""";"""";"""";"""";""""
Car640380-2026-Pass2-Z1-PaRecPR1925492_20260423_070028_000;0.1;4.0;153.0;Rhihip;0.17;"""";"""";"""";"""";""""
Car640380-2026-Pass2-Z1-PaRecPR1925492_20260423_070033_000;0.4;5.0;153.0;noise;0.9;"""";"""";"""";"""";""""
Car640380-2026-Pass2-Z1-PaRecPR1925492_20260423_070033_000;0.4;2.1;24.0;piaf;0.37;"""";"""";"""";"""";""""
Car640380-2026-Pass2-Z1-PaRecPR1925492_20260423_070038_000;0.0;0.5;154.0;noise;0.98;"""";"""";"""";"""";""""
Car640380-2026-Pass2-Z1-PaRecPR1925492_20260423_070039_000;0.4;3.4;154.0;noise;0.86;"""";"""";"""";"""";""""
Car640380-2026-Pass2-Z1-PaRecPR1925492_20260423_070039_000;0.7;3.4;8.0;piaf;0.99;"""";"""";"""";"""";""""
Car640380-2026-Pass2-Z1-PaRecPR1925492_20260423_070042_000;0.4;4.3;153.0;noise;0.93;"""";"""";"""";"""";""""
Car640380-2026-Pass2-Z1-PaRecPR1925492_20260423_070042_000;0.4;2.5;13.0;piaf;0.95;"""";"""";"""";"""";""""
Car640380-2026-Pass2-Z1-PaRecPR1925492_20260423_070051_000;0.0;4.2;154.0;noise;0.91;"""";"""";"""";"""";""""
Car640380-2026-Pass2-Z1-PaRecPR1925492_20260423_070051_000;0.2;3.0;24.0;piaf;0.95;"""";"""";"""";"""";""""
Car640380-2026-Pass2-Z1-PaRecPR1925492_20260423_070057_000;0.2;5.0;153.0;noise;0.94;"""";"""";"""";"""";""""
Car640380-2026-Pass2-Z1-PaRecPR1925492_20260423_070057_000;0.0;1.3;17.0;piaf;0.74;"""";"""";"""";"""";""""
Car640380-2026-Pass2-Z1-PaRecPR1925492_20260423_070102_000;0.0;2.4;153.0;noise;0.94;"""";"""";"""";"""";""""
Car640380-2026-Pass2-Z1-PaRecPR1925492_20260423_070105_000;0.1;4.9;153.0;noise;0.93;"""";"""";"""";"""";""""
Car640380-2026-Pass2-Z1-PaRecPR1925492_20260423_070105_000;0.1;4.7;12.0;piaf;0.97;"""";"""";"""";"""";""""
Car640380-2026-Pass2-Z1-PaRecPR1925492_20260423_070110_000;0.0;5.0;154.0;noise;0.92;"""";"""";"""";"""";""""
Car640380-2026-Pass2-Z1-PaRecPR1925492_20260423_070110_000;0.1;4.0;18.0;piaf;0.97;"""";"""";"""";"""";""""
Car640380-2026-Pass2-Z1-PaRecPR1925492_20260423_070115_000;0.0;5.0;148.0;noise;0.97;"""";"""";"""";"""";""""
Car640380-2026-Pass2-Z1-PaRecPR1925492_20260423_070115_000;0.5;2.3;23.0;piaf;0.91;"""";"""";"""";"""";""""
Car640380-2026-Pass2-Z1-PaRecPR1925492_20260423_070120_000;0.0;0.4;153.0;noise;0.98;"""";"""";"""";"""";""""
Car640380-2026-Pass2-Z1-PaRecPR1925492_20260423_070120_000;0.0;0.2;16.0;Tetvir;0.08;"""";"""";"""";"""";""""
Car640380-2026-Pass2-Z1-PaRecPR1925492_20260423_070125_000;0.2;4.9;153.0;noise;0.92;"""";"""";"""";"""";""""
Car640380-2026-Pass2-Z1-PaRecPR1925492_20260423_070125_000;0.2;0.4;16.0;Phogri;0.09;"""";"""";"""";"""";""""
Car640380-2026-Pass2-Z1-PaRecPR1925492_20260423_070125_000;0.1;3.7;14.0;piaf;0.96;"""";"""";"""";"""";""""
Car640380-2026-Pass2-Z1-PaRecPR1925492_20260423_070130_000;0.3;3.4;153.0;noise;0.85;"""";"""";"""";"""";""""
Car640380-2026-Pass2-Z1-PaRecPR1925492_20260423_070130_000;0.3;0.6;20.0;piaf;0.98;"""";"""";"""";"""";""""
Car640380-2026-Pass2-Z1-PaRecPR1925492_20260423_070134_000;0.4;5.0;153.0;noise;0.74;"""";"""";"""";"""";""""
Car640380-2026-Pass2-Z1-PaRecPR1925492_20260423_070134_000;0.1;4.5;15.0;piaf;0.44;"""";"""";"""";"""";""""
Car640380-2026-Pass2-Z1-PaRecPR1925492_20260423_070139_000;0.0;0.9;153.0;noise;0.96;"""";"""";"""";"""";""""
Car640380-2026-Pass2-Z1-PaRecPR1925492_20260423_070139_000;0.9;1.0;8.0;piaf;0.99;"""";"""";"""";"""";""""
Car640380-2026-Pass2-Z1-PaRecPR1925492_20260423_070144_000;0.1;4.4;153.0;noise;0.9;"""";"""";"""";"""";""""
Car640380-2026-Pass2-Z1-PaRecPR1925492_20260423_070144_000;0.3;4.3;16.0;piaf;0.97;"""";"""";"""";"""";""""
Car640380-2026-Pass2-Z1-PaRecPR1925492_20260423_070149_000;0.3;5.0;153.0;noise;0.84;"""";"""";"""";"""";""""
Car640380-2026-Pass2-Z1-PaRecPR1925492_20260423_070149_000;1.4;1.5;16.0;Phanan;0.08;"""";"""";"""";"""";""""
Car640380-2026-Pass2-Z1-PaRecPR1925492_20260423_070156_000;1.2;4.5;19.0;Phogri;0.05;Epheph;"""";"""";"""";""""
Car640380-2026-Pass2-Z1-PaRecPR1925492_20260423_070156_000;0.0;5.0;153.0;noise;0.94;"""";"""";"""";"""";""""
Car640380-2026-Pass2-Z1-PaRecPR1925492_20260423_070156_000;0.5;4.2;18.0;piaf;0.96;"""";"""";"""";"""";""""
Car640380-2026-Pass2-Z1-PaRecPR1925492_20260423_070201_000;0.0;4.4;153.0;noise;0.96;"""";"""";"""";"""";""""
Car640380-2026-Pass2-Z1-PaRecPR1925492_20260423_070201_000;0.4;4.2;8.0;piaf;0.99;"""";"""";"""";"""";""""
Car640380-2026-Pass2-Z1-PaRecPR1925492_20260423_070207_000;0.3;3.4;153.0;noise;0.88;"""";"""";"""";"""";""""
Car640380-2026-Pass2-Z1-PaRecPR1925492_20260423_070211_000;0.2;5.0;153.0;noise;0.86;"""";"""";"""";"""";""""
Car640380-2026-Pass2-Z1-PaRecPR1925492_20260423_070211_000;0.4;4.4;18.0;piaf;0.87;"""";"""";"""";"""";""""
Car640380-2026-Pass2-Z1-PaRecPR1925492_20260423_070216_000;0.1;1.8;153.0;noise;0.94;"""";"""";"""";"""";""""
Car640380-2026-Pass2-Z1-PaRecPR1925492_20260423_070216_000;0.5;0.6;7.0;piaf;0.99;"""";"""";"""";"""";""""
Car640380-2026-Pass2-Z1-PaRecPR1925492_20260423_070220_000;0.1;4.3;154.0;noise;0.94;"""";"""";"""";"""";""""
Car640380-2026-Pass2-Z1-PaRecPR1925492_20260423_070220_000;0.1;4.1;19.0;piaf;0.95;"""";"""";"""";"""";""""
Car640380-2026-Pass2-Z1-PaRecPR1925492_20260423_070225_000;0.4;4.9;154.0;noise;0.92;"""";"""";"""";"""";""""
Car640380-2026-Pass2-Z1-PaRecPR1925492_20260423_070225_000;0.3;3.8;14.0;piaf;0.98;"""";"""";"""";"""";""""
Car640380-2026-Pass2-Z1-PaRecPR1925492_20260423_070230_000;0.0;0.7;154.0;noise;0.98;"""";"""";"""";"""";""""
Car640380-2026-Pass2-Z1-PaRecPR1925492_20260423_070232_000;0.3;3.3;153.0;noise;0.86;"""";"""";"""";"""";""""
Car640380-2026-Pass2-Z1-PaRecPR1925492_20260423_070232_000;0.0;2.9;11.0;piaf;0.99;"""";"""";"""";"""";""""
Car640380-2026-Pass2-Z1-PaRecPR1925492_20260423_070237_000;0.1;3.0;153.0;noise;0.98;"""";"""";"""";"""";""""
Car640380-2026-Pass2-Z1-PaRecPR1925492_20260423_070242_000;0.4;3.5;153.0;noise;0.86;"""";"""";"""";"""";""""
Car640380-2026-Pass2-Z1-PaRecPR1925492_20260423_070242_000;0.0;3.1;12.0;piaf;0.98;"""";"""";"""";"""";""""
Car640380-2026-Pass2-Z1-PaRecPR1925492_20260423_070246_000;0.4;2.0;154.0;noise;0.8;"""";"""";"""";"""";""""
Car640380-2026-Pass2-Z1-PaRecPR1925492_20260423_070246_000;0.1;1.9;13.0;piaf;0.97;"""";"""";"""";"""";""""
Car640380-2026-Pass2-Z1-PaRecPR1925492_20260423_070250_000;0.1;3.1;153.0;noise;0.93;"""";"""";"""";"""";""""
Car640380-2026-Pass2-Z1-PaRecPR1925492_20260423_070326_000;0.4;2.6;154.0;noise;0.97;"""";"""";"""";"""";""""
Car640380-2026-Pass2-Z1-PaRecPR1925492_20260423_070333_000;0.0;2.5;153.0;noise;0.95;"""";"""";"""";"""";""""
Car640380-2026-Pass2-Z1-PaRecPR1925492_20260423_070339_000;0.0;2.6;153.0;noise;0.84;"""";"""";"""";"""";""""
Car640380-2026-Pass2-Z1-PaRecPR1925492_20260423_070346_000;0.4;2.5;154.0;noise;0.95;"""";"""";"""";"""";""""
Car640380-2026-Pass2-Z1-PaRecPR1925492_20260423_070350_000;0.1;2.0;154.0;noise;0.97;"""";"""";"""";"""";""""
Car640380-2026-Pass2-Z1-PaRecPR1925492_20260423_070353_000;0.4;3.5;153.0;noise;0.86;"""";"""";"""";"""";""""
Car640380-2026-Pass2-Z1-PaRecPR1925492_20260423_070353_000;0.3;2.3;18.0;piaf;0.98;"""";"""";"""";"""";""""
Car640380-2026-Pass2-Z1-PaRecPR1925492_20260423_070358_000;0.4;2.7;153.0;noise;0.88;"""";"""";"""";"""";""""
Car640380-2026-Pass2-Z1-PaRecPR1925492_20260423_070403_000;0.4;2.5;154.0;noise;0.92;"""";"""";"""";"""";""""
Car640380-2026-Pass2-Z1-PaRecPR1925492_20260423_070403_000;0.2;0.8;10.0;piaf;0.99;"""";"""";"""";"""";""""
Car640380-2026-Pass2-Z1-PaRecPR1925492_20260423_070413_000;0.0;2.6;153.0;noise;0.89;"""";"""";"""";"""";""""
Car640380-2026-Pass2-Z1-PaRecPR1925492_20260423_070413_000;0.0;0.3;12.0;piaf;0.14;"""";"""";"""";"""";""""
Car640380-2026-Pass2-Z1-PaRecPR1925492_20260423_070418_000;0.1;2.5;153.0;noise;0.94;"""";"""";"""";"""";""""
Car640380-2026-Pass2-Z1-PaRecPR1925492_20260423_070422_000;0.4;4.0;153.0;noise;0.88;"""";"""";"""";"""";""""
Car640380-2026-Pass2-Z1-PaRecPR1925492_20260423_070422_000;0.3;4.0;11.0;piaf;0.99;"""";"""";"""";"""";""""
Car640380-2026-Pass2-Z1-PaRecPR1925492_20260423_070428_000;0.4;3.6;153.0;noise;0.97;"""";"""";"""";"""";""""
Car640380-2026-Pass2-Z1-PaRecPR1925492_20260423_070434_000;0.0;2.8;153.0;noise;0.96;"""";"""";"""";"""";""""
Car640380-2026-Pass2-Z1-PaRecPR1925492_20260423_070434_000;0.2;0.3;11.0;piaf;0.9;"""";"""";"""";"""";""""
Car640380-2026-Pass2-Z1-PaRecPR1925492_20260423_070438_000;0.4;3.0;153.0;noise;0.89;"""";"""";"""";"""";""""
Car640380-2026-Pass2-Z1-PaRecPR1925492_20260423_070438_000;0.5;1.0;8.0;piaf;0.76;"""";"""";"""";"""";""""
Car640380-2026-Pass2-Z1-PaRecPR1925492_20260423_070442_000;0.4;3.0;154.0;noise;0.93;"""";"""";"""";"""";""""
Car640380-2026-Pass2-Z1-PaRecPR1925492_20260423_070442_000;0.0;2.8;11.0;piaf;0.71;"""";"""";"""";"""";""""
Car640380-2026-Pass2-Z1-PaRecPR1925492_20260423_070447_000;0.4;2.8;154.0;noise;0.95;"""";"""";"""";"""";""""
Car640380-2026-Pass2-Z1-PaRecPR1925492_20260423_070447_000;0.3;2.5;8.0;piaf;0.97;"""";"""";"""";"""";""""
Car640380-2026-Pass2-Z1-PaRecPR1925492_20260423_070451_000;0.0;2.5;153.0;noise;0.91;"""";"""";"""";"""";""""
Car640380-2026-Pass2-Z1-PaRecPR1925492_20260423_070456_000;0.4;2.6;153.0;noise;0.95;"""";"""";"""";"""";""""
Car640380-2026-Pass2-Z1-PaRecPR1925492_20260423_070503_000;0.1;2.5;153.0;noise;0.93;"""";"""";"""";"""";""""
Car640380-2026-Pass2-Z1-PaRecPR1925492_20260423_070507_000;0.4;3.6;153.0;noise;0.91;"""";"""";"""";"""";""""
Car640380-2026-Pass2-Z1-PaRecPR1925492_20260423_070507_000;0.3;2.3;15.0;piaf;0.94;"""";"""";"""";"""";""""
Car640380-2026-Pass2-Z1-PaRecPR1925492_20260423_070513_000;0.0;3.0;13.0;piaf;0.23;"""";"""";"""";"""";""""
Car640380-2026-Pass2-Z1-PaRecPR1925492_20260423_070513_000;0.4;5.0;154.0;noise;0.47;"""";"""";"""";"""";""""
Car640380-2026-Pass2-Z1-PaRecPR1925492_20260423_070520_000;0.1;3.6;153.0;noise;0.96;"""";"""";"""";"""";""""
Car640380-2026-Pass2-Z1-PaRecPR1925492_20260423_070520_000;0.4;3.4;154.0;Rhifer;0.07;"""";"""";"""";"""";""""
Car640380-2026-Pass2-Z1-PaRecPR1925492_20260423_070526_000;0.5;2.9;154.0;noise;0.94;"""";"""";"""";"""";""""
Car640380-2026-Pass2-Z1-PaRecPR1925492_20260423_070526_000;0.4;2.6;8.0;piaf;0.98;"""";"""";"""";"""";""""
Car640380-2026-Pass2-Z1-PaRecPR1925492_20260423_070532_000;0.4;2.5;153.0;noise;0.92;"""";"""";"""";"""";""""
Car640380-2026-Pass2-Z1-PaRecPR1925492_20260423_070534_000;0.0;3.7;153.0;noise;0.86;"""";"""";"""";"""";""""
Car640380-2026-Pass2-Z1-PaRecPR1925492_20260423_070534_000;0.2;1.7;13.0;piaf;0.88;"""";"""";"""";"""";""""
Car640380-2026-Pass2-Z1-PaRecPR1925492_20260423_070539_000;0.2;4.6;153.0;noise;0.92;"""";"""";"""";"""";""""
Car640380-2026-Pass2-Z1-PaRecPR1925492_20260423_070539_000;0.2;2.6;21.0;piaf;0.96;"""";"""";"""";"""";""""
Car640380-2026-Pass2-Z1-PaRecPR1925492_20260423_070547_000;0.4;2.6;153.0;noise;0.89;"""";"""";"""";"""";""""
Car640380-2026-Pass2-Z1-PaRecPR1925492_20260423_070547_000;0.0;2.2;12.0;piaf;0.97;"""";"""";"""";"""";""""
Car640380-2026-Pass2-Z1-PaRecPR1925492_20260423_070552_000;0.3;2.8;153.0;noise;0.9;"""";"""";"""";"""";""""
Car640380-2026-Pass2-Z1-PaRecPR1925492_20260423_070552_000;0.6;0.9;8.0;piaf;0.99;"""";"""";"""";"""";""""
Car640380-2026-Pass2-Z1-PaRecPR1925492_20260423_070557_000;0.1;3.0;153.0;noise;0.96;"""";"""";"""";"""";""""
Car640380-2026-Pass2-Z1-PaRecPR1925492_20260423_070557_000;0.0;3.0;11.0;piaf;0.98;"""";"""";"""";"""";""""
Car640380-2026-Pass2-Z1-PaRecPR1925492_20260423_070602_000;0.0;3.1;153.0;noise;0.95;"""";"""";"""";"""";""""
Car640380-2026-Pass2-Z1-PaRecPR1925492_20260423_070602_000;0.0;0.4;15.0;piaf;0.95;"""";"""";"""";"""";""""
Car640380-2026-Pass2-Z1-PaRecPR1925492_20260423_070609_000;0.4;2.6;153.0;noise;0.94;"""";"""";"""";"""";""""
Car640380-2026-Pass2-Z1-PaRecPR1925492_20260423_070609_000;0.0;0.7;12.0;piaf;0.95;"""";"""";"""";"""";""""
Car640380-2026-Pass2-Z1-PaRecPR1925492_20260423_070615_000;0.0;2.6;153.0;noise;0.9;"""";"""";"""";"""";""""
Car640380-2026-Pass2-Z1-PaRecPR1925492_20260423_070615_000;0.0;0.7;13.0;Tetvir;0.17;"""";"""";"""";"""";""""
Car640380-2026-Pass2-Z1-PaRecPR1925492_20260423_070620_000;0.4;3.1;153.0;noise;0.88;"""";"""";"""";"""";""""
Car640380-2026-Pass2-Z1-PaRecPR1925492_20260423_070626_000;0.4;3.5;153.0;noise;0.97;"""";"""";"""";"""";""""
Car640380-2026-Pass2-Z1-PaRecPR1925492_20260423_070634_000;0.2;3.0;154.0;noise;0.93;"""";"""";"""";"""";""""
Car640380-2026-Pass2-Z1-PaRecPR1925492_20260423_070634_000;0.7;0.8;12.0;Tetvir;0.02;Tadten, Pipkuh, piaf, Phogri, Yposp, Yerray, Yerbey, Vesmur, Urosp, Tyllil, Thycor, Tetpyg, Tetarg, Testes, Sepsep, Rusnit, Roeroe, Rhihip, Rhifer, Rhieur, Rhasp, Ratnor, Plemac, Pleaus, Pleaur, Plasab, Plaint, Plafal, Plaalb, Plaaff, Pippyg, Pippip, Pipnat, Phofem, Phanan, Phafal, Nycnoc, Nyclei, Nyclas, Myonat, Myomys, MyoGT, Myoema, Myodau, Myogla, Myocap, Myobec, Myoalc, Mussp, Minsch, Mimasp, Micagr, Metbra, mamm, Leppun, Lepbos, Lepalb, Lamsp., Isopyr, Inssp8, Inssp7, Inssp5, Insp12, Insp11, Insp10, Hypsav, gril, Eupsp, Eptser, Eptnil, Epheph, Decalb, Cyrscu, Cympud, criq, Confus, Tetarg, Barfis, Barbar, Antsp, amph;"""";"""";"""";""""
Car640380-2026-Pass2-Z1-PaRecPR1925492_20260423_070640_000;0.0;4.9;153.0;noise;0.85;"""";"""";"""";"""";""""
Car640380-2026-Pass2-Z1-PaRecPR1925492_20260423_070640_000;0.0;2.2;11.0;Phogri;0.05;piaf;"""";"""";"""";""""
Car640380-2026-Pass2-Z1-PaRecPR1925492_20260423_070645_000;0.0;0.5;153.0;noise;0.98;"""";"""";"""";"""";""""
Car640380-2026-Pass2-Z1-PaRecPR1925492_20260423_070646_000;0.0;4.2;153.0;noise;0.96;"""";"""";"""";"""";""""
Car640380-2026-Pass2-Z1-PaRecPR1925492_20260423_070646_000;0.0;4.0;10.0;piaf;0.99;"""";"""";"""";"""";""""
Car640380-2026-Pass2-Z1-PaRecPR1925492_20260423_070653_000;0.4;2.8;153.0;noise;0.9;"""";"""";"""";"""";""""
Car640380-2026-Pass2-Z1-PaRecPR1925492_20260423_070657_000;0.0;2.5;153.0;noise;0.89;"""";"""";"""";"""";""""
Car640380-2026-Pass2-Z1-PaRecPR1925492_20260423_070657_000;0.1;2.4;13.0;piaf;0.18;"""";"""";"""";"""";""""
Car640380-2026-Pass2-Z1-PaRecPR1925492_20260423_070700_000;2.1;2.2;129.0;noise;0.85;"""";"""";"""";"""";""""
Car640380-2026-Pass2-Z1-PaRecPR1925492_20260423_070700_000;0.0;2.7;154.0;Rhihip;0.08;"""";"""";"""";"""";""""
Car640380-2026-Pass2-Z1-PaRecPR1925492_20260423_070704_000;0.0;3.6;154.0;noise;0.87;"""";"""";"""";"""";""""
Car640380-2026-Pass2-Z1-PaRecPR1925492_20260423_070704_000;0.9;1.0;12.0;Tetvir;0.06;"""";"""";"""";"""";""""
Car640380-2026-Pass2-Z1-PaRecPR1925492_20260423_070709_000;0.0;2.5;153.0;noise;0.88;"""";"""";"""";"""";""""
Car640380-2026-Pass2-Z1-PaRecPR1925492_20260423_070714_000;0.0;3.4;153.0;noise;0.91;"""";"""";"""";"""";""""
Car640380-2026-Pass2-Z1-PaRecPR1925492_20260423_070714_000;0.4;0.5;21.0;piaf;0.32;"""";"""";"""";"""";""""
Car640380-2026-Pass2-Z1-PaRecPR1925492_20260423_070720_000;0.4;2.8;154.0;noise;0.93;"""";"""";"""";"""";""""
Car640380-2026-Pass2-Z1-PaRecPR1925492_20260423_070720_000;0.5;2.7;8.0;piaf;0.99;"""";"""";"""";"""";""""
Car640380-2026-Pass2-Z1-PaRecPR1925492_20260423_070725_000;0.1;3.6;153.0;noise;0.94;"""";"""";"""";"""";""""
Car640380-2026-Pass2-Z1-PaRecPR1925492_20260423_070725_000;0.2;3.3;11.0;piaf;0.98;"""";"""";"""";"""";""""
Car640380-2026-Pass2-Z1-PaRecPR1925492_20260423_070729_000;0.2;4.0;153.0;noise;0.89;"""";"""";"""";"""";""""
Car640380-2026-Pass2-Z1-PaRecPR1925492_20260423_070729_000;0.9;2.3;16.0;piaf;0.98;"""";"""";"""";"""";""""
Car640380-2026-Pass2-Z1-PaRecPR1925492_20260423_070729_000;0.4;3.8;153.0;Rhifer;0.13;"""";"""";"""";"""";""""
Car640380-2026-Pass2-Z1-PaRecPR1925492_20260423_070734_000;0.4;2.7;153.0;noise;0.93;"""";"""";"""";"""";""""
Car640380-2026-Pass2-Z1-PaRecPR1925492_20260423_070734_000;2.5;2.6;8.0;piaf;0.99;"""";"""";"""";"""";""""
Car640380-2026-Pass2-Z1-PaRecPR1925492_20260423_070738_000;0.3;4.0;153.0;noise;0.9;"""";"""";"""";"""";""""
Car640380-2026-Pass2-Z1-PaRecPR1925492_20260423_070738_000;0.4;1.5;16.0;piaf;0.1;Tetvir;"""";"""";"""";""""
Car640380-2026-Pass2-Z1-PaRecPR1925492_20260423_070744_000;0.3;3.1;153.0;noise;0.93;"""";"""";"""";"""";""""
Car640380-2026-Pass2-Z1-PaRecPR1925492_20260423_070744_000;0.9;1.0;14.0;piaf;0.98;"""";"""";"""";"""";""""
Car640380-2026-Pass2-Z1-PaRecPR1925492_20260423_070749_000;0.4;2.5;153.0;noise;0.89;"""";"""";"""";"""";""""
Car640380-2026-Pass2-Z1-PaRecPR1925492_20260423_070749_000;0.0;2.0;12.0;piaf;0.92;"""";"""";"""";"""";""""
Car640380-2026-Pass2-Z1-PaRecPR1925492_20260423_070752_000;0.4;2.5;154.0;noise;0.82;"""";"""";"""";"""";""""
Car640380-2026-Pass2-Z1-PaRecPR1925492_20260423_070752_000;0.0;2.2;8.0;piaf;0.66;"""";"""";"""";"""";""""
Car640380-2026-Pass2-Z1-PaRecPR1925492_20260423_070757_000;0.2;2.3;15.0;piaf;0.99;"""";"""";"""";"""";""""
Car640380-2026-Pass2-Z1-PaRecPR1925492_20260423_070757_000;0.4;3.8;153.0;noise;0.52;"""";"""";"""";"""";""""
Car640380-2026-Pass2-Z1-PaRecPR1925492_20260423_070803_000;0.3;2.5;153.0;noise;0.81;"""";"""";"""";"""";""""
Car640380-2026-Pass2-Z1-PaRecPR1925492_20260423_070803_000;0.0;2.1;12.0;piaf;0.96;"""";"""";"""";"""";""""
Car640380-2026-Pass2-Z1-PaRecPR1925492_20260423_070808_000;0.4;2.5;154.0;noise;0.96;"""";"""";"""";"""";""""
Car640380-2026-Pass2-Z1-PaRecPR1925492_20260423_070814_000;0.4;2.8;154.0;noise;0.84;"""";"""";"""";"""";""""
Car640380-2026-Pass2-Z1-PaRecPR1925492_20260423_070814_000;0.3;2.5;16.0;piaf;0.99;"""";"""";"""";"""";""""
Car640380-2026-Pass2-Z1-PaRecPR1925492_20260423_070814_000;0.4;2.1;153.0;Rhifer;0.08;"""";"""";"""";"""";""""
Car640380-2026-Pass2-Z1-PaRecPR1925492_20260423_070821_000;0.2;2.6;153.0;noise;0.92;"""";"""";"""";"""";""""
Car640380-2026-Pass2-Z1-PaRecPR1925492_20260423_070824_000;0.4;3.4;154.0;noise;0.74;"""";"""";"""";"""";""""
Car640380-2026-Pass2-Z1-PaRecPR1925492_20260423_070824_000;0.0;3.3;12.0;piaf;0.96;"""";"""";"""";"""";""""
Car640380-2026-Pass2-Z1-PaRecPR1925492_20260423_070830_000;0.3;3.3;153.0;noise;0.9;"""";"""";"""";"""";""""
Car640380-2026-Pass2-Z1-PaRecPR1925492_20260423_070830_000;0.1;1.7;13.0;piaf;0.97;"""";"""";"""";"""";""""
Car640380-2026-Pass2-Z1-PaRecPR1925492_20260423_070835_000;0.2;2.6;153.0;noise;0.94;"""";"""";"""";"""";""""
Car640380-2026-Pass2-Z1-PaRecPR1925492_20260423_070838_000;0.1;2.8;153.0;noise;0.92;"""";"""";"""";"""";""""
Car640380-2026-Pass2-Z1-PaRecPR1925492_20260423_070838_000;0.1;0.2;11.0;piaf;0.85;"""";"""";"""";"""";""""
Car640380-2026-Pass2-Z1-PaRecPR1925492_20260423_070843_000;0.1;3.1;153.0;noise;0.85;"""";"""";"""";"""";""""
Car640380-2026-Pass2-Z1-PaRecPR1925492_20260423_070848_000;0.4;3.6;153.0;noise;0.8;"""";"""";"""";"""";""""
Car640380-2026-Pass2-Z1-PaRecPR1925492_20260423_070848_000;0.0;3.2;9.0;piaf;0.89;"""";"""";"""";"""";""""
Car640380-2026-Pass2-Z1-PaRecPR1925492_20260423_070852_000;0.4;4.0;153.0;noise;0.89;"""";"""";"""";"""";""""
Car640380-2026-Pass2-Z1-PaRecPR1925492_20260423_070901_000;0.4;2.8;154.0;noise;0.85;"""";"""";"""";"""";""""
Car640380-2026-Pass2-Z1-PaRecPR1925492_20260423_070901_000;0.0;1.2;12.0;piaf;0.93;"""";"""";"""";"""";""""
Car640380-2026-Pass2-Z1-PaRecPR1925492_20260423_070909_000;0.4;2.1;153.0;noise;0.93;"""";"""";"""";"""";""""
Car640380-2026-Pass2-Z1-PaRecPR1925492_20260423_070909_000;0.3;1.5;9.0;piaf;0.97;"""";"""";"""";"""";""""
Car640380-2026-Pass2-Z1-PaRecPR1925492_20260423_070915_000;0.4;4.4;153.0;noise;0.87;"""";"""";"""";"""";""""
Car640380-2026-Pass2-Z1-PaRecPR1925492_20260423_070915_000;0.4;2.7;15.0;piaf;0.99;"""";"""";"""";"""";""""
Car640380-2026-Pass2-Z1-PaRecPR1925492_20260423_070923_000;0.0;3.5;154.0;noise;0.98;"""";"""";"""";"""";""""
Car640380-2026-Pass2-Z1-PaRecPR1925492_20260423_070928_000;0.4;5.0;153.0;noise;0.81;"""";"""";"""";"""";""""
Car640380-2026-Pass2-Z1-PaRecPR1925492_20260423_070933_000;0.2;0.7;154.0;noise;0.98;"""";"""";"""";"""";""""
Car640380-2026-Pass2-Z1-PaRecPR1925492_20260423_070937_000;0.0;2.8;153.0;noise;0.9;"""";"""";"""";"""";""""
Car640380-2026-Pass2-Z1-PaRecPR1925492_20260423_070937_000;0.5;0.8;20.0;piaf;0.99;"""";"""";"""";"""";""""
Car640380-2026-Pass2-Z1-PaRecPR1925492_20260423_070944_000;0.0;2.7;153.0;noise;0.93;"""";"""";"""";"""";""""
Car640380-2026-Pass2-Z1-PaRecPR1925492_20260423_070950_000;0.0;2.4;153.0;noise;0.95;"""";"""";"""";"""";""""
Car640380-2026-Pass2-Z1-PaRecPR1925492_20260423_070950_000;0.7;0.8;11.0;piaf;0.14;"""";"""";"""";"""";""""
Car640380-2026-Pass2-Z1-PaRecPR1925492_20260423_070954_000;0.4;3.9;153.0;noise;0.88;"""";"""";"""";"""";""""
Car640380-2026-Pass2-Z1-PaRecPR1925492_20260423_071007_000;0.2;2.8;153.0;noise;0.87;"""";"""";"""";"""";""""
Car640380-2026-Pass2-Z1-PaRecPR1925492_20260423_071007_000;0.2;2.4;15.0;piaf;0.96;"""";"""";"""";"""";""""
Car640380-2026-Pass2-Z1-PaRecPR1925492_20260423_071011_000;0.3;3.9;153.0;noise;0.96;"""";"""";"""";"""";""""
Car640380-2026-Pass2-Z1-PaRecPR1925492_20260423_071011_000;1.0;2.9;10.0;piaf;0.95;"""";"""";"""";"""";""""
Car640380-2026-Pass2-Z1-PaRecPR1925492_20260423_071011_000;0.4;3.7;153.0;Rhifer;0.37;"""";"""";"""";"""";""""
Car640380-2026-Pass2-Z1-PaRecPR1925492_20260423_071017_000;0.3;3.4;153.0;noise;0.92;"""";"""";"""";"""";""""
Car640380-2026-Pass2-Z1-PaRecPR1925492_20260423_071017_000;1.5;1.6;15.0;piaf;0.96;"""";"""";"""";"""";""""
Car640380-2026-Pass2-Z1-PaRecPR1925492_20260423_071023_000;0.2;2.8;153.0;noise;0.92;"""";"""";"""";"""";""""
Car640380-2026-Pass2-Z1-PaRecPR1925492_20260423_071029_000;0.0;2.6;153.0;noise;0.79;"""";"""";"""";"""";""""
Car640380-2026-Pass2-Z1-PaRecPR1925492_20260423_071034_000;0.7;2.5;153.0;noise;0.96;"""";"""";"""";"""";""""
Car640380-2026-Pass2-Z1-PaRecPR1925492_20260423_071034_000;0.4;2.3;153.0;Rhifer;0.1;Rhihip;"""";"""";"""";""""
Car640380-2026-Pass2-Z1-PaRecPR1925492_20260423_071037_000;0.0;3.6;153.0;noise;0.92;"""";"""";"""";"""";""""
Car640380-2026-Pass2-Z1-PaRecPR1925492_20260423_071045_000;0.0;2.9;153.0;noise;0.92;"""";"""";"""";"""";""""
Car640380-2026-Pass2-Z1-PaRecPR1925492_20260423_071045_000;1.0;1.1;12.0;Tadten;0.15;"""";"""";"""";"""";""""
Car640380-2026-Pass2-Z1-PaRecPR1925492_20260423_071049_000;0.2;2.7;153.0;noise;0.94;"""";"""";"""";"""";""""
Car640380-2026-Pass2-Z1-PaRecPR1925492_20260423_071055_000;0.0;3.0;154.0;noise;0.92;"""";"""";"""";"""";""""
Car640380-2026-Pass2-Z1-PaRecPR1925492_20260423_071055_000;0.9;1.8;8.0;piaf;0.99;"""";"""";"""";"""";""""
Car640380-2026-Pass2-Z1-PaRecPR1925492_20260423_071100_000;0.4;2.2;153.0;noise;0.96;"""";"""";"""";"""";""""
Car640380-2026-Pass2-Z1-PaRecPR1925492_20260423_071100_000;0.3;2.3;153.0;piaf;0.91;"""";"""";"""";"""";""""
Car640380-2026-Pass2-Z1-PaRecPR1925492_20260423_071104_000;0.4;3.8;154.0;noise;0.92;"""";"""";"""";"""";""""
Car640380-2026-Pass2-Z1-PaRecPR1925492_20260423_071111_000;0.1;2.1;153.0;noise;0.96;"""";"""";"""";"""";""""
Car640380-2026-Pass2-Z1-PaRecPR1925492_20260423_071111_000;0.1;0.3;8.0;piaf;0.83;"""";"""";"""";"""";""""
Car640380-2026-Pass2-Z1-PaRecPR1925492_20260423_071115_000;0.4;2.5;153.0;noise;0.96;"""";"""";"""";"""";""""
Car640380-2026-Pass2-Z1-PaRecPR1925492_20260423_071115_000;2.2;2.3;8.0;piaf;0.98;"""";"""";"""";"""";""""
Car640380-2026-Pass2-Z1-PaRecPR1925492_20260423_071119_000;0.4;4.0;153.0;noise;0.84;"""";"""";"""";"""";""""
Car640380-2026-Pass2-Z1-PaRecPR1925492_20260423_071119_000;0.2;3.8;13.0;piaf;0.9;"""";"""";"""";"""";""""
Car640380-2026-Pass2-Z1-PaRecPR1925492_20260423_071119_000;0.4;3.5;153.0;Rhifer;0.26;"""";"""";"""";"""";""""
Car640380-2026-Pass2-Z1-PaRecPR1925492_20260423_071126_000;0.4;2.5;153.0;noise;0.97;"""";"""";"""";"""";""""
Car640380-2026-Pass2-Z1-PaRecPR1925492_20260423_071130_000;0.1;4.0;153.0;noise;0.83;"""";"""";"""";"""";""""
Car640380-2026-Pass2-Z1-PaRecPR1925492_20260423_071138_000;0.4;3.0;154.0;noise;0.98;"""";"""";"""";"""";""""
Car640380-2026-Pass2-Z1-PaRecPR1925492_20260423_071138_000;0.9;1.0;15.0;piaf;0.99;"""";"""";"""";"""";""""
Car640380-2026-Pass2-Z1-PaRecPR1925492_20260423_071143_000;0.4;4.8;154.0;noise;0.96;"""";"""";"""";"""";""""
Car640380-2026-Pass2-Z1-PaRecPR1925492_20260423_071149_000;0.4;3.7;154.0;noise;0.91;"""";"""";"""";"""";""""
Car640380-2026-Pass2-Z1-PaRecPR1925492_20260423_071149_000;0.2;2.9;9.0;piaf;0.99;"""";"""";"""";"""";""""
Car640380-2026-Pass2-Z1-PaRecPR1925492_20260423_071153_000;0.0;2.4;154.0;noise;0.96;"""";"""";"""";"""";""""
Car640380-2026-Pass2-Z1-PaRecPR1925492_20260423_071157_000;0.1;2.5;154.0;noise;0.92;"""";"""";"""";"""";""""
Car640380-2026-Pass2-Z1-PaRecPR1925492_20260423_071201_000;0.1;2.5;153.0;noise;0.96;"""";"""";"""";"""";""""
Car640380-2026-Pass2-Z1-PaRecPR1925492_20260423_071201_000;0.0;2.3;8.0;piaf;0.99;"""";"""";"""";"""";""""
Car640380-2026-Pass2-Z1-PaRecPR1925492_20260423_071206_000;0.4;3.1;154.0;noise;0.89;"""";"""";"""";"""";""""
Car640380-2026-Pass2-Z1-PaRecPR1925492_20260423_071206_000;0.6;3.1;8.0;piaf;0.99;"""";"""";"""";"""";""""
Car640380-2026-Pass2-Z1-PaRecPR1925492_20260423_071211_000;0.1;3.4;14.0;piaf;0.71;"""";"""";"""";"""";""""
Car640380-2026-Pass2-Z1-PaRecPR1925492_20260423_071211_000;0.4;3.5;154.0;noise;0.43;"""";"""";"""";"""";""""
Car640380-2026-Pass2-Z1-PaRecPR1925492_20260423_071216_000;0.7;0.8;130.0;noise;0.77;"""";"""";"""";"""";""""
Car640380-2026-Pass2-Z1-PaRecPR1925492_20260423_071216_000;0.3;1.4;8.0;piaf;0.66;"""";"""";"""";"""";""""
Car640380-2026-Pass2-Z1-PaRecPR1925492_20260423_071216_000;0.0;2.5;154.0;Rhihip;0.13;"""";"""";"""";"""";""""
Car640380-2026-Pass2-Z1-PaRecPR1925492_20260423_071223_000;0.4;1.9;153.0;noise;0.95;"""";"""";"""";"""";""""
Car640380-2026-Pass2-Z1-PaRecPR1925492_20260423_071228_000;0.4;3.3;153.0;noise;0.94;"""";"""";"""";"""";""""
Car640380-2026-Pass2-Z1-PaRecPR1925492_20260423_071234_000;0.0;2.1;153.0;noise;0.92;"""";"""";"""";"""";""""
Car640380-2026-Pass2-Z1-PaRecPR1925492_20260423_071240_000;0.3;2.6;154.0;noise;0.88;"""";"""";"""";"""";""""
Car640380-2026-Pass2-Z1-PaRecPR1925492_20260423_071246_000;0.4;2.8;153.0;noise;0.97;"""";"""";"""";"""";""""
Car640380-2026-Pass2-Z1-PaRecPR1925492_20260423_071251_000;0.4;2.5;153.0;noise;0.94;"""";"""";"""";"""";""""
Car640380-2026-Pass2-Z1-PaRecPR1925492_20260423_071256_000;0.2;2.8;153.0;noise;0.92;"""";"""";"""";"""";""""
Car640380-2026-Pass2-Z1-PaRecPR1925492_20260423_071302_000;0.4;2.0;154.0;noise;0.95;"""";"""";"""";"""";""""
Car640380-2026-Pass2-Z1-PaRecPR1925492_20260423_071307_000;0.2;2.5;153.0;noise;0.92;"""";"""";"""";"""";""""
Car640380-2026-Pass2-Z1-PaRecPR1925492_20260423_071321_000;0.3;2.7;153.0;noise;0.9;"""";"""";"""";"""";""""
Car640380-2026-Pass2-Z1-PaRecPR1925492_20260423_071326_000;0.4;2.1;153.0;noise;0.97;"""";"""";"""";"""";""""
Car640380-2026-Pass2-Z1-PaRecPR1925492_20260423_071332_000;0.0;2.5;153.0;noise;0.74;"""";"""";"""";"""";""""
Car640380-2026-Pass2-Z1-PaRecPR1925492_20260423_071332_000;0.3;2.4;6.0;piaf;0.97;"""";"""";"""";"""";""""
Car640380-2026-Pass2-Z1-PaRecPR1925492_20260423_071337_000;0.4;2.6;153.0;noise;0.9;"""";"""";"""";"""";""""
Car640380-2026-Pass2-Z1-PaRecPR1925492_20260423_071342_000;0.0;3.0;154.0;noise;0.94;"""";"""";"""";"""";""""
Car640380-2026-Pass2-Z1-PaRecPR1925492_20260423_071342_000;0.8;2.8;8.0;piaf;0.96;"""";"""";"""";"""";""""
Car640380-2026-Pass2-Z1-PaRecPR1925492_20260423_071346_000;0.1;3.8;153.0;noise;0.85;"""";"""";"""";"""";""""
Car640380-2026-Pass2-Z1-PaRecPR1925492_20260423_071353_000;0.4;3.3;154.0;noise;0.81;"""";"""";"""";"""";""""
Car640380-2026-Pass2-Z1-PaRecPR1925492_20260423_071353_000;0.1;2.3;10.0;piaf;0.78;"""";"""";"""";"""";""""
Car640380-2026-Pass2-Z1-PaRecPR1925492_20260423_071357_000;0.3;3.1;153.0;noise;0.98;"""";"""";"""";"""";""""
Car640380-2026-Pass2-Z1-PaRecPR1925492_20260423_071403_000;0.4;3.2;153.0;noise;0.87;"""";"""";"""";"""";""""
Car640380-2026-Pass2-Z1-PaRecPR1925492_20260423_071403_000;0.0;3.1;8.0;piaf;0.99;"""";"""";"""";"""";""""
Car640380-2026-Pass2-Z1-PaRecPR1925492_20260423_071417_000;0.4;2.0;154.0;noise;0.95;"""";"""";"""";"""";""""
Car640380-2026-Pass2-Z1-PaRecPR1925492_20260423_071417_000;0.0;1.8;8.0;piaf;0.99;"""";"""";"""";"""";""""
Car640380-2026-Pass2-Z1-PaRecPR1925492_20260423_071421_000;2.5;3.9;103.0;Myoema;0.28;"""";"""";"""";"""";""""
Car640380-2026-Pass2-Z1-PaRecPR1925492_20260423_071421_000;1.1;1.2;6.0;piaf;0.24;"""";"""";"""";"""";""""
Car640380-2026-Pass2-Z1-PaRecPR1925492_20260423_071421_000;0.4;4.0;153.0;noise;0.58;"""";"""";"""";"""";""""
Car640380-2026-Pass2-Z1-PaRecPR1925492_20260423_071427_000;0.8;3.4;19.0;noise;0.76;"""";"""";"""";"""";""""
Car640380-2026-Pass2-Z1-PaRecPR1925492_20260423_071427_000;0.0;3.8;11.0;piaf;0.98;"""";"""";"""";"""";""""
Car640380-2026-Pass2-Z1-PaRecPR1925492_20260423_071427_000;0.4;3.7;153.0;Rhihip;0.43;"""";"""";"""";"""";""""
Car640380-2026-Pass2-Z1-PaRecPR1925492_20260423_071431_000;0.0;4.0;153.0;noise;0.92;"""";"""";"""";"""";""""
Car640380-2026-Pass2-Z1-PaRecPR1925492_20260423_071431_000;0.1;3.8;8.0;piaf;0.74;"""";"""";"""";"""";""""
Car640380-2026-Pass2-Z1-PaRecPR1925492_20260423_071436_000;0.4;2.7;153.0;noise;0.75;"""";"""";"""";"""";""""
Car640380-2026-Pass2-Z1-PaRecPR1925492_20260423_071439_000;0.4;2.7;153.0;noise;0.91;"""";"""";"""";"""";""""
Car640380-2026-Pass2-Z1-PaRecPR1925492_20260423_071439_000;0.2;2.5;8.0;piaf;0.99;"""";"""";"""";"""";""""
Car640380-2026-Pass2-Z1-PaRecPR1925492_20260423_071443_000;0.2;3.3;154.0;noise;0.92;"""";"""";"""";"""";""""
Car640380-2026-Pass2-Z1-PaRecPR1925492_20260423_071451_000;0.4;2.5;154.0;noise;0.93;"""";"""";"""";"""";""""
Car640380-2026-Pass2-Z1-PaRecPR1925492_20260423_071451_000;0.1;1.8;9.0;piaf;0.99;"""";"""";"""";"""";""""
Car640380-2026-Pass2-Z1-PaRecPR1925492_20260423_071451_000;0.4;2.5;153.0;Rhifer;0.11;"""";"""";"""";"""";""""
Car640380-2026-Pass2-Z1-PaRecPR1925492_20260423_071455_000;0.4;4.3;153.0;noise;0.89;"""";"""";"""";"""";""""
Car640380-2026-Pass2-Z1-PaRecPR1925492_20260423_071501_000;0.4;3.5;154.0;noise;0.86;"""";"""";"""";"""";""""
Car640380-2026-Pass2-Z1-PaRecPR1925492_20260423_071501_000;0.0;2.9;9.0;piaf;0.99;"""";"""";"""";"""";""""
Car640380-2026-Pass2-Z1-PaRecPR1925492_20260423_071505_000;0.1;2.5;154.0;noise;0.93;"""";"""";"""";"""";""""
Car640380-2026-Pass2-Z1-PaRecPR1925492_20260423_071512_000;0.4;2.0;153.0;noise;0.88;"""";"""";"""";"""";""""
Car640380-2026-Pass2-Z1-PaRecPR1925492_20260423_071512_000;0.0;1.9;8.0;piaf;0.97;"""";"""";"""";"""";""""
Car640380-2026-Pass2-Z1-PaRecPR1925492_20260423_071527_000;0.1;3.9;153.0;noise;0.91;"""";"""";"""";"""";""""
Car640380-2026-Pass2-Z1-PaRecPR1925492_20260423_071527_000;0.3;1.4;12.0;piaf;0.16;"""";"""";"""";"""";""""
Car640380-2026-Pass2-Z1-PaRecPR1925492_20260423_071538_000;0.4;2.0;154.0;noise;0.95;"""";"""";"""";"""";""""
Car640380-2026-Pass2-Z1-PaRecPR1925492_20260423_071541_000;0.4;3.3;154.0;noise;0.95;"""";"""";"""";"""";""""
Car640380-2026-Pass2-Z1-PaRecPR1925492_20260423_071544_000;0.0;3.5;153.0;noise;0.91;"""";"""";"""";"""";""""
Car640380-2026-Pass2-Z1-PaRecPR1925492_20260423_071544_000;0.0;0.1;34.0;piaf;0.05;"""";"""";"""";"""";""""
Car640380-2026-Pass2-Z1-PaRecPR1925492_20260423_071548_000;0.0;3.2;154.0;noise;0.9;"""";"""";"""";"""";""""
Car640380-2026-Pass2-Z1-PaRecPR1925492_20260423_071548_000;0.1;2.1;18.0;piaf;0.99;"""";"""";"""";"""";""""
Car640380-2026-Pass2-Z1-PaRecPR1925492_20260423_071554_000;0.4;5.0;153.0;noise;0.88;"""";"""";"""";"""";""""
Car640380-2026-Pass2-Z1-PaRecPR1925492_20260423_071554_000;0.4;0.5;77.0;Rhifer;0.03;Tetvir, Pippip, Phogri;"""";"""";"""";""""
Car640380-2026-Pass2-Z1-PaRecPR1925492_20260423_071559_000;0.0;0.9;154.0;noise;0.98;"""";"""";"""";"""";""""
Car640380-2026-Pass2-Z1-PaRecPR1925492_20260423_071600_000;0.0;2.4;153.0;noise;0.92;"""";"""";"""";"""";""""
Car640380-2026-Pass2-Z1-PaRecPR1925492_20260423_071600_000;1.2;2.2;7.0;piaf;0.99;"""";"""";"""";"""";""""
Car640380-2026-Pass2-Z1-PaRecPR1925492_20260423_071602_000;0.0;2.0;154.0;noise;0.98;"""";"""";"""";"""";""""
Car640380-2026-Pass2-Z1-PaRecPR1925492_20260423_071611_000;0.1;3.9;153.0;noise;0.94;"""";"""";"""";"""";""""
Car640380-2026-Pass2-Z1-PaRecPR1925492_20260423_071611_000;1.3;3.3;7.0;piaf;0.98;"""";"""";"""";"""";""""
Car640380-2026-Pass2-Z1-PaRecPR1925492_20260423_071622_000;0.4;2.0;154.0;noise;0.95;"""";"""";"""";"""";""""
Car640380-2026-Pass2-Z1-PaRecPR1925492_20260423_071628_000;0.4;2.1;153.0;noise;0.86;"""";"""";"""";"""";""""
Car640380-2026-Pass2-Z1-PaRecPR1925492_20260423_071628_000;0.0;2.1;8.0;piaf;0.89;"""";"""";"""";"""";""""
Car640380-2026-Pass2-Z1-PaRecPR1925492_20260423_071633_000;0.4;3.1;153.0;noise;0.91;"""";"""";"""";"""";""""
Car640380-2026-Pass2-Z1-PaRecPR1925492_20260423_071641_000;0.3;2.0;154.0;noise;0.94;"""";"""";"""";"""";""""
Car640380-2026-Pass2-Z1-PaRecPR1925492_20260423_071644_000;0.4;2.4;153.0;noise;0.95;"""";"""";"""";"""";""""
Car640380-2026-Pass2-Z1-PaRecPR1925492_20260423_071650_000;0.4;2.0;153.0;noise;0.91;"""";"""";"""";"""";""""
Car640380-2026-Pass2-Z1-PaRecPR1925492_20260423_071650_000;0.1;2.0;9.0;piaf;0.91;"""";"""";"""";"""";""""
Car640380-2026-Pass2-Z1-PaRecPR1925492_20260423_071653_000;0.3;3.0;153.0;noise;0.87;"""";"""";"""";"""";""""
Car640380-2026-Pass2-Z1-PaRecPR1925492_20260423_071653_000;0.1;2.4;15.0;piaf;0.99;"""";"""";"""";"""";""""
Car640380-2026-Pass2-Z1-PaRecPR1925492_20260423_071700_000;0.4;2.5;153.0;noise;0.94;"""";"""";"""";"""";""""
Car640380-2026-Pass2-Z1-PaRecPR1925492_20260423_071703_000;0.0;3.4;153.0;noise;0.88;"""";"""";"""";"""";""""
Car640380-2026-Pass2-Z1-PaRecPR1925492_20260423_071703_000;0.6;0.7;39.0;piaf;0.03;Tetvir, Pippip;"""";"""";"""";""""
Car640380-2026-Pass2-Z1-PaRecPR1925492_20260423_071708_000;0.4;2.4;154.0;noise;0.75;"""";"""";"""";"""";""""
Car640380-2026-Pass2-Z1-PaRecPR1925492_20260423_071708_000;0.0;1.0;15.0;piaf;0.99;"""";"""";"""";"""";""""
Car640380-2026-Pass2-Z1-PaRecPR1925492_20260423_071717_000;0.1;2.9;24.0;noise;0.86;"""";"""";"""";"""";""""
Car640380-2026-Pass2-Z1-PaRecPR1925492_20260423_071717_000;0.0;4.1;8.0;piaf;0.99;"""";"""";"""";"""";""""
Car640380-2026-Pass2-Z1-PaRecPR1925492_20260423_071717_000;0.0;5.0;153.0;Rhihip;0.09;"""";"""";"""";"""";""""
Car640380-2026-Pass2-Z1-PaRecPR1925492_20260423_071722_000;0.0;0.5;154.0;noise;0.99;"""";"""";"""";"""";""""
Car640380-2026-Pass2-Z1-PaRecPR1925492_20260423_071723_000;3.8;3.9;15.0;noise;0.68;"""";"""";"""";"""";""""
Car640380-2026-Pass2-Z1-PaRecPR1925492_20260423_071723_000;0.0;4.6;8.0;piaf;0.97;"""";"""";"""";"""";""""
Car640380-2026-Pass2-Z1-PaRecPR1925492_20260423_071723_000;0.0;5.0;154.0;Rhihip;0.03;Tetvir, Rusnit, Pippip;"""";"""";"""";""""
Car640380-2026-Pass2-Z1-PaRecPR1925492_20260423_071728_000;0.0;2.9;154.0;noise;0.88;"""";"""";"""";"""";""""
Car640380-2026-Pass2-Z1-PaRecPR1925492_20260423_071728_000;0.5;2.8;6.0;piaf;0.8;"""";"""";"""";"""";""""
Car640380-2026-Pass2-Z1-PaRecPR1925492_20260423_071734_000;3.7;3.8;117.0;Myoema;0.08;"""";"""";"""";"""";""""
Car640380-2026-Pass2-Z1-PaRecPR1925492_20260423_071734_000;0.4;5.0;153.0;noise;0.88;"""";"""";"""";"""";""""
Car640380-2026-Pass2-Z1-PaRecPR1925492_20260423_071734_000;0.1;4.5;7.0;piaf;0.99;"""";"""";"""";"""";""""
Car640380-2026-Pass2-Z1-PaRecPR1925492_20260423_071744_000;0.4;5.0;154.0;noise;0.91;"""";"""";"""";"""";""""
Car640380-2026-Pass2-Z1-PaRecPR1925492_20260423_071744_000;1.6;4.0;7.0;piaf;0.99;"""";"""";"""";"""";""""
Car640380-2026-Pass2-Z1-PaRecPR1925492_20260423_071749_000;0.0;0.9;153.0;noise;0.94;"""";"""";"""";"""";""""
Car640380-2026-Pass2-Z1-PaRecPR1925492_20260423_071754_000;0.1;4.7;153.0;noise;0.88;"""";"""";"""";"""";""""
Car640380-2026-Pass2-Z1-PaRecPR1925492_20260423_071754_000;0.2;4.0;6.0;piaf;0.99;"""";"""";"""";"""";""""
Car640380-2026-Pass2-Z1-PaRecPR1925492_20260423_071803_000;0.4;5.0;153.0;noise;0.74;"""";"""";"""";"""";""""
Car640380-2026-Pass2-Z1-PaRecPR1925492_20260423_071803_000;0.5;4.2;8.0;piaf;0.99;"""";"""";"""";"""";""""
Car640380-2026-Pass2-Z1-PaRecPR1925492_20260423_071808_000;0.0;1.1;153.0;noise;0.9;"""";"""";"""";"""";""""
Car640380-2026-Pass2-Z1-PaRecPR1925492_20260423_071812_000;0.4;4.9;153.0;noise;0.9;"""";"""";"""";"""";""""
Car640380-2026-Pass2-Z1-PaRecPR1925492_20260423_071812_000;0.0;3.4;8.0;piaf;0.99;"""";"""";"""";"""";""""
Car640380-2026-Pass2-Z1-PaRecPR1925492_20260423_071817_000;0.1;1.2;154.0;noise;0.98;"""";"""";"""";"""";""""
Car640380-2026-Pass2-Z1-PaRecPR1925492_20260423_071821_000;0.4;5.0;153.0;noise;0.83;"""";"""";"""";"""";""""
Car640380-2026-Pass2-Z1-PaRecPR1925492_20260423_071821_000;0.2;4.7;8.0;piaf;0.99;"""";"""";"""";"""";""""
Car640380-2026-Pass2-Z1-PaRecPR1925492_20260423_071826_000;0.0;4.4;153.0;noise;0.82;"""";"""";"""";"""";""""
Car640380-2026-Pass2-Z1-PaRecPR1925492_20260423_071826_000;0.0;3.7;8.0;piaf;0.99;"""";"""";"""";"""";""""
Car640380-2026-Pass2-Z1-PaRecPR1925492_20260423_071840_000;0.0;5.0;153.0;noise;0.9;"""";"""";"""";"""";""""
Car640380-2026-Pass2-Z1-PaRecPR1925492_20260423_071840_000;0.1;4.7;7.0;piaf;0.98;"""";"""";"""";"""";""""
Car640380-2026-Pass2-Z1-PaRecPR1925492_20260423_071845_000;0.0;0.8;153.0;noise;0.98;"""";"""";"""";"""";""""
Car640380-2026-Pass2-Z1-PaRecPR1925492_20260423_071852_000;0.4;4.8;153.0;noise;0.84;"""";"""";"""";"""";""""
Car640380-2026-Pass2-Z1-PaRecPR1925492_20260423_071906_000;0.0;5.0;153.0;noise;0.83;"""";"""";"""";"""";""""
Car640380-2026-Pass2-Z1-PaRecPR1925492_20260423_071906_000;0.5;3.3;8.0;piaf;0.99;"""";"""";"""";"""";""""
Car640380-2026-Pass2-Z1-PaRecPR1925492_20260423_071911_000;0.0;1.4;154.0;noise;0.9;"""";"""";"""";"""";""""
Car640380-2026-Pass2-Z1-PaRecPR1925492_20260423_071917_000;0.2;4.7;153.0;noise;0.92;"""";"""";"""";"""";""""
Car640380-2026-Pass2-Z1-PaRecPR1925492_20260423_071928_000;0.4;5.0;154.0;noise;0.83;"""";"""";"""";"""";""""
Car640380-2026-Pass2-Z1-PaRecPR1925492_20260423_071928_000;0.0;3.7;8.0;piaf;0.99;"""";"""";"""";"""";""""
Car640380-2026-Pass2-Z1-PaRecPR1925492_20260423_071933_000;0.0;0.6;153.0;noise;0.98;"""";"""";"""";"""";""""
Car640380-2026-Pass2-Z1-PaRecPR1925492_20260423_071938_000;0.0;5.0;153.0;noise;0.87;"""";"""";"""";"""";""""
Car640380-2026-Pass2-Z1-PaRecPR1925492_20260423_071938_000;0.0;3.9;8.0;piaf;0.99;"""";"""";"""";"""";""""
Car640380-2026-Pass2-Z1-PaRecPR1925492_20260423_071943_000;0.2;1.5;153.0;noise;0.96;"""";"""";"""";"""";""""
Car640380-2026-Pass2-Z1-PaRecPR1925492_20260423_071943_000;0.5;1.0;8.0;piaf;0.99;"""";"""";"""";"""";""""
Car640380-2026-Pass2-Z1-PaRecPR1925492_20260423_071949_000;0.0;4.6;153.0;noise;0.92;"""";"""";"""";"""";""""
Car640380-2026-Pass2-Z1-PaRecPR1925492_20260423_071949_000;0.0;5.0;8.0;piaf;0.97;"""";"""";"""";"""";""""
Car640380-2026-Pass2-Z1-PaRecPR1925492_20260423_071954_000;0.0;1.9;153.0;noise;0.96;"""";"""";"""";"""";""""
Car640380-2026-Pass2-Z1-PaRecPR1925492_20260423_071959_000;0.2;5.0;154.0;noise;0.84;"""";"""";"""";"""";""""
Car640380-2026-Pass2-Z1-PaRecPR1925492_20260423_071959_000;0.0;4.5;8.0;piaf;0.99;"""";"""";"""";"""";""""
Car640380-2026-Pass2-Z1-PaRecPR1925492_20260423_072004_000;0.0;1.5;154.0;noise;0.94;"""";"""";"""";"""";""""
Car640380-2026-Pass2-Z1-PaRecPR1925492_20260423_072004_000;0.7;1.3;9.0;piaf;0.99;"""";"""";"""";"""";""""
Car640380-2026-Pass2-Z1-PaRecPR1925492_20260423_072011_000;0.0;5.0;153.0;noise;0.97;"""";"""";"""";"""";""""
Car640380-2026-Pass2-Z1-PaRecPR1925492_20260423_072011_000;0.7;4.9;8.0;piaf;0.99;"""";"""";"""";"""";""""
Car640380-2026-Pass2-Z1-PaRecPR1925492_20260423_072016_000;0.0;0.6;154.0;noise;0.95;"""";"""";"""";"""";""""
Car640380-2026-Pass2-Z1-PaRecPR1925492_20260423_072027_000;0.0;2.0;154.0;noise;0.91;"""";"""";"""";"""";""""
Car640380-2026-Pass2-Z1-PaRecPR1925492_20260423_072027_000;0.4;0.5;15.0;piaf;0.89;"""";"""";"""";"""";""""
Car640380-2026-Pass2-Z1-PaRecPR1925492_20260423_072031_000;0.1;2.2;154.0;noise;0.95;"""";"""";"""";"""";""""
Car640380-2026-Pass2-Z1-PaRecPR1925492_20260423_072034_000;0.0;4.9;154.0;noise;0.92;"""";"""";"""";"""";""""
Car640380-2026-Pass2-Z1-PaRecPR1925492_20260423_072034_000;0.3;1.3;20.0;piaf;0.99;"""";"""";"""";"""";""""
Car640380-2026-Pass2-Z1-PaRecPR1925492_20260423_072039_000;0.0;5.0;153.0;noise;0.88;"""";"""";"""";"""";""""
Car640380-2026-Pass2-Z1-PaRecPR1925492_20260423_072039_000;0.3;4.3;17.0;piaf;0.98;"""";"""";"""";"""";""""
Car640380-2026-Pass2-Z1-PaRecPR1925492_20260423_072044_000;0.0;2.6;154.0;noise;0.92;"""";"""";"""";"""";""""
Car640380-2026-Pass2-Z1-PaRecPR1925492_20260423_072051_000;0.4;5.0;153.0;noise;0.87;"""";"""";"""";"""";""""
Car640380-2026-Pass2-Z1-PaRecPR1925492_20260423_072051_000;0.3;4.5;17.0;piaf;0.98;"""";"""";"""";"""";""""
Car640380-2026-Pass2-Z1-PaRecPR1925492_20260423_072056_000;0.0;1.1;153.0;noise;0.99;"""";"""";"""";"""";""""
Car640380-2026-Pass2-Z1-PaRecPR1925492_20260423_072101_000;0.1;3.7;153.0;noise;0.93;"""";"""";"""";"""";""""
Car640380-2026-Pass2-Z1-PaRecPR1925492_20260423_072101_000;0.3;1.8;18.0;piaf;0.99;"""";"""";"""";"""";""""
Car640380-2026-Pass2-Z1-PaRecPR1925492_20260423_072108_000;0.4;3.2;153.0;noise;0.89;"""";"""";"""";"""";""""
Car640380-2026-Pass2-Z1-PaRecPR1925492_20260423_072108_000;0.3;0.5;18.0;piaf;0.98;"""";"""";"""";"""";""""
Car640380-2026-Pass2-Z1-PaRecPR1925492_20260423_072115_000;0.0;2.0;153.0;noise;0.91;"""";"""";"""";"""";""""
Car640380-2026-Pass2-Z1-PaRecPR1925492_20260423_072123_000;3.1;3.2;126.0;noise;0.7;"""";"""";"""";"""";""""
Car640380-2026-Pass2-Z1-PaRecPR1925492_20260423_072123_000;1.0;3.8;8.0;piaf;0.94;"""";"""";"""";"""";""""
Car640380-2026-Pass2-Z1-PaRecPR1925492_20260423_072123_000;0.4;3.7;154.0;Rhihip;0.27;"""";"""";"""";"""";""""
Car640380-2026-Pass2-Z1-PaRecPR1925492_20260423_072136_000;0.4;2.0;153.0;noise;0.97;"""";"""";"""";"""";""""
Car640380-2026-Pass2-Z1-PaRecPR1925492_20260423_072345_000;1.1;3.7;71.0;noise;0.82;"""";"""";"""";"""";""""
Car640380-2026-Pass2-Z1-PaRecPR1925492_20260423_072345_000;0.1;3.8;7.0;piaf;0.96;"""";"""";"""";"""";""""
Car640380-2026-Pass2-Z1-PaRecPR1925492_20260423_072345_000;0.0;5.0;153.0;Rhihip;0.11;"""";"""";"""";"""";""""
Car640380-2026-Pass2-Z1-PaRecPR1925492_20260423_072350_000;0.0;0.1;65.0;noise;0.88;"""";"""";"""";"""";""""
Car640380-2026-Pass2-Z1-PaRecPR1925492_20260423_072401_000;0.4;3.8;153.0;noise;0.92;"""";"""";"""";"""";""""
Car640380-2026-Pass2-Z1-PaRecPR1925492_20260423_072408_000;0.3;2.0;153.0;noise;0.98;"""";"""";"""";"""";""""
Car640380-2026-Pass2-Z1-PaRecPR1925492_20260423_072413_000;0.0;5.0;153.0;noise;0.87;"""";"""";"""";"""";""""
Car640380-2026-Pass2-Z1-PaRecPR1925492_20260423_072413_000;0.3;3.8;8.0;piaf;0.99;"""";"""";"""";"""";""""
Car640380-2026-Pass2-Z1-PaRecPR1925492_20260423_072418_000;0.0;0.3;153.0;noise;0.98;"""";"""";"""";"""";""""
Car640380-2026-Pass2-Z1-PaRecPR1925492_20260423_072423_000;0.4;2.0;153.0;noise;0.94;"""";"""";"""";"""";""""
Car640380-2026-Pass2-Z1-PaRecPR1925492_20260423_072423_000;0.2;0.8;8.0;piaf;0.99;"""";"""";"""";"""";""""
Car640380-2026-Pass2-Z1-PaRecPR1925492_20260423_072425_000;0.3;4.5;153.0;noise;0.95;"""";"""";"""";"""";""""
Car640380-2026-Pass2-Z1-PaRecPR1925492_20260423_072425_000;0.0;4.6;153.0;Rhifer;0.14;"""";"""";"""";"""";""""
Car640380-2026-Pass2-Z1-PaRecPR1925492_20260423_072435_000;0.1;2.5;153.0;noise;0.85;"""";"""";"""";"""";""""
Car640380-2026-Pass2-Z1-PaRecPR1925492_20260423_072445_000;0.3;3.4;153.0;noise;0.94;"""";"""";"""";"""";""""
Car640380-2026-Pass2-Z1-PaRecPR1925492_20260423_072455_000;0.2;3.4;153.0;noise;0.88;"""";"""";"""";"""";""""
Car640380-2026-Pass2-Z1-PaRecPR1925492_20260423_072455_000;0.3;2.3;7.0;piaf;0.91;"""";"""";"""";"""";""""
Car640380-2026-Pass2-Z1-PaRecPR1925492_20260423_072503_000;0.4;5.0;154.0;noise;0.89;"""";"""";"""";"""";""""
Car640380-2026-Pass2-Z1-PaRecPR1925492_20260423_072503_000;0.3;4.3;7.0;piaf;0.99;"""";"""";"""";"""";""""
Car640380-2026-Pass2-Z1-PaRecPR1925492_20260423_072508_000;0.0;1.1;153.0;noise;0.98;"""";"""";"""";"""";""""
Car640380-2026-Pass2-Z1-PaRecPR1925492_20260423_072519_000;0.0;2.0;154.0;noise;0.93;"""";"""";"""";"""";""""
Car640380-2026-Pass2-Z1-PaRecPR1925492_20260423_072519_000;0.5;1.7;8.0;piaf;0.99;"""";"""";"""";"""";""""
Car640380-2026-Pass2-Z1-PaRecPR1925492_20260423_072528_000;0.3;3.5;153.0;noise;0.84;"""";"""";"""";"""";""""
Car640380-2026-Pass2-Z1-PaRecPR1925492_20260423_072528_000;0.3;3.2;8.0;piaf;0.99;"""";"""";"""";"""";""""
Car640380-2026-Pass2-Z1-PaRecPR1925492_20260423_072538_000;0.4;2.5;153.0;noise;0.91;"""";"""";"""";"""";""""
Car640380-2026-Pass2-Z1-PaRecPR1925492_20260423_072538_000;0.3;0.8;8.0;piaf;0.99;"""";"""";"""";"""";""""
Car640380-2026-Pass2-Z1-PaRecPR1925492_20260423_072549_000;0.1;2.5;153.0;noise;0.96;"""";"""";"""";"""";""""
Car640380-2026-Pass2-Z1-PaRecPR1925492_20260423_072549_000;0.3;2.4;8.0;piaf;0.94;"""";"""";"""";"""";""""
Car640380-2026-Pass2-Z1-PaRecPR1925492_20260423_072607_000;0.3;4.4;153.0;noise;0.97;"""";"""";"""";"""";""""
Car640380-2026-Pass2-Z1-PaRecPR1925492_20260423_072607_000;0.3;2.8;8.0;piaf;0.99;"""";"""";"""";"""";""""
Car640380-2026-Pass2-Z1-PaRecPR1925492_20260423_072617_000;0.3;4.3;153.0;noise;0.89;"""";"""";"""";"""";""""
Car640380-2026-Pass2-Z1-PaRecPR1925492_20260423_072627_000;0.8;1.8;47.0;noise;0.7;"""";"""";"""";"""";""""
Car640380-2026-Pass2-Z1-PaRecPR1925492_20260423_072627_000;0.3;1.7;8.0;piaf;0.99;"""";"""";"""";"""";""""
Car640380-2026-Pass2-Z1-PaRecPR1925492_20260423_072627_000;0.2;3.3;153.0;Rhihip;0.13;"""";"""";"""";"""";""""
Car640380-2026-Pass2-Z1-PaRecPR1925492_20260423_072638_000;0.3;2.5;154.0;noise;0.96;"""";"""";"""";"""";""""
Car640380-2026-Pass2-Z1-PaRecPR1925492_20260423_072647_000;0.0;4.3;153.0;noise;0.89;"""";"""";"""";"""";""""
Car640380-2026-Pass2-Z1-PaRecPR1925492_20260423_072647_000;0.3;2.6;8.0;piaf;0.99;"""";"""";"""";"""";""""
Car640380-2026-Pass2-Z1-PaRecPR1925492_20260423_072659_000;0.3;3.2;153.0;noise;0.91;"""";"""";"""";"""";""""
Car640380-2026-Pass2-Z1-PaRecPR1925492_20260423_072659_000;0.4;3.0;153.0;Rhifer;0.4;"""";"""";"""";"""";""""
Car640380-2026-Pass2-Z1-PaRecPR1925492_20260423_072711_000;1.2;1.3;128.0;noise;0.73;"""";"""";"""";"""";""""
Car640380-2026-Pass2-Z1-PaRecPR1925492_20260423_072711_000;0.2;3.5;8.0;piaf;0.91;"""";"""";"""";"""";""""
Car640380-2026-Pass2-Z1-PaRecPR1925492_20260423_072711_000;0.2;4.5;154.0;Rhihip;0.05;"""";"""";"""";"""";""""
Car640380-2026-Pass2-Z1-PaRecPR1925492_20260423_072723_000;0.4;4.5;153.0;noise;0.91;"""";"""";"""";"""";""""
Car640380-2026-Pass2-Z1-PaRecPR1925492_20260423_072730_000;0.4;2.1;153.0;noise;0.93;"""";"""";"""";"""";""""
Car640380-2026-Pass2-Z1-PaRecPR1925492_20260423_072730_000;0.1;0.7;10.0;piaf;0.99;"""";"""";"""";"""";""""
Car640380-2026-Pass2-Z1-PaRecPR1925492_20260423_072733_000;0.4;3.4;154.0;noise;0.86;"""";"""";"""";"""";""""
Car640380-2026-Pass2-Z1-PaRecPR1925492_20260423_072733_000;0.3;1.5;6.0;piaf;0.99;"""";"""";"""";"""";""""
Car640380-2026-Pass2-Z1-PaRecPR1925492_20260423_072738_000;0.4;2.6;154.0;noise;0.95;"""";"""";"""";"""";""""
Car640380-2026-Pass2-Z1-PaRecPR1925492_20260423_072738_000;0.4;1.1;15.0;piaf;0.98;"""";"""";"""";"""";""""
Car640380-2026-Pass2-Z1-PaRecPR1925492_20260423_072745_000;0.0;2.5;142.0;noise;0.83;"""";"""";"""";"""";""""
Car640380-2026-Pass2-Z1-PaRecPR1925492_20260423_072750_000;0.1;2.6;154.0;noise;0.91;"""";"""";"""";"""";""""
Car640380-2026-Pass2-Z1-PaRecPR1925492_20260423_072750_000;0.3;2.0;8.0;piaf;0.99;"""";"""";"""";"""";""""
Car640380-2026-Pass2-Z1-PaRecPR1925492_20260423_072756_000;0.4;5.0;153.0;noise;0.9;"""";"""";"""";"""";""""
Car640380-2026-Pass2-Z1-PaRecPR1925492_20260423_072756_000;0.1;4.8;9.0;piaf;0.99;"""";"""";"""";"""";""""
Car640380-2026-Pass2-Z1-PaRecPR1925492_20260423_072801_000;0.0;2.8;153.0;noise;0.96;"""";"""";"""";"""";""""
Car640380-2026-Pass2-Z1-PaRecPR1925492_20260423_072805_000;0.0;2.4;154.0;noise;0.95;"""";"""";"""";"""";""""
Car640380-2026-Pass2-Z1-PaRecPR1925492_20260423_072811_000;0.1;2.0;151.0;noise;0.85;"""";"""";"""";"""";""""
Car640380-2026-Pass2-Z1-PaRecPR1925492_20260423_072813_000;0.0;3.7;154.0;noise;0.95;"""";"""";"""";"""";""""
Car640380-2026-Pass2-Z1-PaRecPR1925492_20260423_072813_000;0.6;1.4;17.0;piaf;0.87;"""";"""";"""";"""";""""
Car640380-2026-Pass2-Z1-PaRecPR1925492_20260423_072820_000;0.3;3.3;154.0;noise;0.85;"""";"""";"""";"""";""""
Car640380-2026-Pass2-Z1-PaRecPR1925492_20260423_072820_000;0.0;3.2;13.0;piaf;0.99;"""";"""";"""";"""";""""
Car640380-2026-Pass2-Z1-PaRecPR1925492_20260423_072829_000;0.4;3.4;154.0;noise;0.9;"""";"""";"""";"""";""""
Car640380-2026-Pass2-Z1-PaRecPR1925492_20260423_072829_000;0.3;3.0;12.0;piaf;0.95;"""";"""";"""";"""";""""
Car640380-2026-Pass2-Z1-PaRecPR1925492_20260423_072835_000;0.4;2.3;96.0;noise;0.83;"""";"""";"""";"""";""""
Car640380-2026-Pass2-Z1-PaRecPR1925492_20260423_072835_000;0.3;1.9;98.0;piaf;0.18;"""";"""";"""";"""";""""
Car640380-2026-Pass2-Z1-PaRecPR1925492_20260423_072835_000;0.4;2.5;154.0;Rusnit;0.05;"""";"""";"""";"""";""""
Car640380-2026-Pass2-Z1-PaRecPR1925492_20260423_072839_000;0.0;3.1;153.0;noise;0.97;"""";"""";"""";"""";""""
Car640380-2026-Pass2-Z1-PaRecPR1925492_20260423_072844_000;0.0;2.1;153.0;noise;0.85;"""";"""";"""";"""";""""
Car640380-2026-Pass2-Z1-PaRecPR1925492_20260423_072846_000;0.0;3.0;153.0;noise;0.9;"""";"""";"""";"""";""""
Car640380-2026-Pass2-Z1-PaRecPR1925492_20260423_072846_000;0.3;1.3;17.0;piaf;0.98;"""";"""";"""";"""";""""
Car640380-2026-Pass2-Z1-PaRecPR1925492_20260423_072857_000;0.4;1.9;153.0;noise;0.96;"""";"""";"""";"""";""""
Car640380-2026-Pass2-Z1-PaRecPR1925492_20260423_072908_000;0.0;4.4;154.0;noise;0.92;"""";"""";"""";"""";""""
Car640380-2026-Pass2-Z1-PaRecPR1925492_20260423_072920_000;0.2;4.6;154.0;noise;0.85;"""";"""";"""";"""";""""
Car640380-2026-Pass2-Z1-PaRecPR1925492_20260423_072920_000;0.1;4.6;8.0;piaf;0.99;"""";"""";"""";"""";""""
Car640380-2026-Pass2-Z1-PaRecPR1925492_20260423_072932_000;0.3;2.4;153.0;noise;0.91;"""";"""";"""";"""";""""
Car640380-2026-Pass2-Z1-PaRecPR1925492_20260423_072932_000;0.0;2.5;45.0;piaf;0.64;"""";"""";"""";"""";""""
Car640380-2026-Pass2-Z1-PaRecPR1925492_20260423_072932_000;0.4;2.5;153.0;Rhifer;0.06;"""";"""";"""";"""";""""
Car640380-2026-Pass2-Z1-PaRecPR1925492_20260423_072935_000;0.4;2.1;154.0;noise;0.97;"""";"""";"""";"""";""""
Car640380-2026-Pass2-Z1-PaRecPR1925492_20260423_072941_000;0.0;3.1;153.0;noise;0.84;"""";"""";"""";"""";""""
Car640380-2026-Pass2-Z1-PaRecPR1925492_20260423_072941_000;0.0;2.8;14.0;piaf;0.79;"""";"""";"""";"""";""""
Car640380-2026-Pass2-Z1-PaRecPR1925492_20260423_073001_000;0.4;4.4;154.0;noise;0.95;"""";"""";"""";"""";""""
Car640380-2026-Pass2-Z1-PaRecPR1925492_20260423_073013_000;0.4;2.6;10.0;piaf;0.99;"""";"""";"""";"""";""""
Car640380-2026-Pass2-Z1-PaRecPR1925492_20260423_073013_000;0.4;3.8;154.0;noise;0.52;"""";"""";"""";"""";""""
Car640380-2026-Pass2-Z1-PaRecPR1925492_20260423_073027_000;0.4;2.7;153.0;noise;0.97;"""";"""";"""";"""";""""
Car640380-2026-Pass2-Z1-PaRecPR1925492_20260423_073027_000;0.2;2.8;9.0;piaf;0.98;"""";"""";"""";"""";""""
Car640380-2026-Pass2-Z1-PaRecPR1925492_20260423_073033_000;0.0;2.0;153.0;noise;0.95;"""";"""";"""";"""";""""
Car640380-2026-Pass2-Z1-PaRecPR1925492_20260423_073040_000;0.4;3.2;153.0;noise;0.88;"""";"""";"""";"""";""""
Car640380-2026-Pass2-Z1-PaRecPR1925492_20260423_073040_000;0.3;2.3;8.0;piaf;0.99;"""";"""";"""";"""";""""
Car640380-2026-Pass2-Z1-PaRecPR1925492_20260423_073045_000;0.4;3.4;153.0;noise;0.89;"""";"""";"""";"""";""""
Car640380-2026-Pass2-Z1-PaRecPR1925492_20260423_073053_000;0.3;3.4;154.0;noise;0.91;"""";"""";"""";"""";""""
Car640380-2026-Pass2-Z1-PaRecPR1925492_20260423_073053_000;0.0;2.3;8.0;piaf;0.99;"""";"""";"""";"""";""""
Car640380-2026-Pass2-Z1-PaRecPR1925492_20260423_073056_000;0.0;2.7;154.0;noise;0.87;"""";"""";"""";"""";""""
Car640380-2026-Pass2-Z1-PaRecPR1925492_20260423_073106_000;0.1;3.0;153.0;noise;0.93;"""";"""";"""";"""";""""
Car640380-2026-Pass2-Z1-PaRecPR1925492_20260423_073106_000;0.0;2.4;8.0;piaf;0.96;"""";"""";"""";"""";""""
Car640380-2026-Pass2-Z1-PaRecPR1925492_20260423_073112_000;0.0;2.7;153.0;noise;0.9;"""";"""";"""";"""";""""
Car640380-2026-Pass2-Z1-PaRecPR1925492_20260423_073112_000;0.0;0.8;16.0;piaf;0.98;"""";"""";"""";"""";""""
Car640380-2026-Pass2-Z1-PaRecPR1925492_20260423_073115_000;0.4;5.0;153.0;noise;0.77;"""";"""";"""";"""";""""
Car640380-2026-Pass2-Z1-PaRecPR1925492_20260423_073115_000;0.0;4.2;10.0;piaf;0.98;"""";"""";"""";"""";""""
Car640380-2026-Pass2-Z1-PaRecPR1925492_20260423_073115_000;0.4;4.9;153.0;Rhifer;0.92;"""";"""";"""";"""";""""
Car640380-2026-Pass2-Z1-PaRecPR1925492_20260423_073120_000;0.0;0.3;154.0;noise;0.92;"""";"""";"""";"""";""""
Car640380-2026-Pass2-Z1-PaRecPR1925492_20260423_073120_000;0.1;0.3;7.0;piaf;0.97;"""";"""";"""";"""";""""
Car640380-2026-Pass2-Z1-PaRecPR1925492_20260423_073121_000;0.4;3.5;153.0;noise;0.89;"""";"""";"""";"""";""""
Car640380-2026-Pass2-Z1-PaRecPR1925492_20260423_073121_000;0.8;1.6;65.0;piaf;0.94;"""";"""";"""";"""";""""
Car640380-2026-Pass2-Z1-PaRecPR1925492_20260423_073129_000;0.0;3.1;154.0;noise;0.93;"""";"""";"""";"""";""""
Car640380-2026-Pass2-Z1-PaRecPR1925492_20260423_073129_000;0.0;2.8;8.0;piaf;0.99;"""";"""";"""";"""";""""
Car640380-2026-Pass2-Z1-PaRecPR1925492_20260423_073134_000;0.7;2.5;154.0;noise;0.96;"""";"""";"""";"""";""""
Car640380-2026-Pass2-Z1-PaRecPR1925492_20260423_073134_000;0.4;2.6;154.0;Rhifer;0.36;"""";"""";"""";"""";""""
Car640380-2026-Pass2-Z1-PaRecPR1925492_20260423_073140_000;0.3;0.9;8.0;piaf;0.89;"""";"""";"""";"""";""""
Car640380-2026-Pass2-Z1-PaRecPR1925492_20260423_073140_000;0.0;3.0;153.0;noise;0.54;"""";"""";"""";"""";""""
Car640380-2026-Pass2-Z1-PaRecPR1925492_20260423_073146_000;0.4;3.9;153.0;noise;0.88;"""";"""";"""";"""";""""
Car640380-2026-Pass2-Z1-PaRecPR1925492_20260423_073146_000;3.7;3.8;7.0;piaf;0.96;"""";"""";"""";"""";""""
Car640380-2026-Pass2-Z1-PaRecPR1925492_20260423_073153_000;0.4;2.1;153.0;noise;0.93;"""";"""";"""";"""";""""
Car640380-2026-Pass2-Z1-PaRecPR1925492_20260423_073153_000;0.3;1.8;7.0;piaf;0.98;"""";"""";"""";"""";""""
Car640380-2026-Pass2-Z1-PaRecPR1925492_20260423_073155_000;0.0;3.7;153.0;noise;0.89;"""";"""";"""";"""";""""
Car640380-2026-Pass2-Z1-PaRecPR1925492_20260423_073155_000;0.1;3.0;14.0;piaf;0.99;"""";"""";"""";"""";""""
Car640380-2026-Pass2-Z1-PaRecPR1925492_20260423_073200_000;0.1;3.8;153.0;noise;0.96;"""";"""";"""";"""";""""
Car640380-2026-Pass2-Z1-PaRecPR1925492_20260423_073200_000;0.3;1.9;17.0;piaf;0.96;"""";"""";"""";"""";""""
Car640380-2026-Pass2-Z1-PaRecPR1925492_20260423_073206_000;0.4;3.9;154.0;noise;0.78;"""";"""";"""";"""";""""
Car640380-2026-Pass2-Z1-PaRecPR1925492_20260423_073206_000;0.3;2.8;16.0;piaf;0.98;"""";"""";"""";"""";""""
Car640380-2026-Pass2-Z1-PaRecPR1925492_20260423_073213_000;0.1;2.6;153.0;noise;0.95;"""";"""";"""";"""";""""
Car640380-2026-Pass2-Z1-PaRecPR1925492_20260423_073213_000;1.9;2.2;8.0;piaf;0.9;"""";"""";"""";"""";""""
Car640380-2026-Pass2-Z1-PaRecPR1925492_20260423_073217_000;0.4;4.2;153.0;noise;0.96;"""";"""";"""";"""";""""
Car640380-2026-Pass2-Z1-PaRecPR1925492_20260423_073217_000;0.0;3.0;8.0;piaf;0.99;"""";"""";"""";"""";""""
Car640380-2026-Pass2-Z1-PaRecPR1925492_20260423_073221_000;0.0;2.1;153.0;noise;0.95;"""";"""";"""";"""";""""
Car640380-2026-Pass2-Z1-PaRecPR1925492_20260423_073224_000;0.0;3.8;153.0;noise;0.87;"""";"""";"""";"""";""""
Car640380-2026-Pass2-Z1-PaRecPR1925492_20260423_073224_000;3.2;3.8;8.0;piaf;0.99;"""";"""";"""";"""";""""
Car640380-2026-Pass2-Z1-PaRecPR1925492_20260423_073230_000;0.0;3.1;153.0;noise;0.95;"""";"""";"""";"""";""""
Car640380-2026-Pass2-Z1-PaRecPR1925492_20260423_073230_000;0.0;1.9;7.0;piaf;0.97;"""";"""";"""";"""";""""
Car640380-2026-Pass2-Z1-PaRecPR1925492_20260423_073230_000;0.0;0.1;16.0;Roeroe;0.04;Tetvir, Phogri;"""";"""";"""";""""
Car640380-2026-Pass2-Z1-PaRecPR1925492_20260423_073234_000;0.2;2.3;153.0;noise;0.92;"""";"""";"""";"""";""""
Car640380-2026-Pass2-Z1-PaRecPR1925492_20260423_073234_000;0.3;0.5;15.0;piaf;0.98;"""";"""";"""";"""";""""
Car640380-2026-Pass2-Z1-PaRecPR1925492_20260423_073237_000;0.1;2.7;153.0;noise;0.86;"""";"""";"""";"""";""""
Car640380-2026-Pass2-Z1-PaRecPR1925492_20260423_073242_000;0.3;4.8;153.0;noise;0.92;"""";"""";"""";"""";""""
Car640380-2026-Pass2-Z1-PaRecPR1925492_20260423_073242_000;0.1;4.2;8.0;piaf;0.99;"""";"""";"""";"""";""""
Car640380-2026-Pass2-Z1-PaRecPR1925492_20260423_073249_000;0.0;2.0;153.0;noise;0.92;"""";"""";"""";"""";""""
Car640380-2026-Pass2-Z1-PaRecPR1925492_20260423_073249_000;0.3;2.0;16.0;Phanan;0.05;"""";"""";"""";"""";""""
Car640380-2026-Pass2-Z1-PaRecPR1925492_20260423_073253_000;0.0;3.3;153.0;noise;0.92;"""";"""";"""";"""";""""
Car640380-2026-Pass2-Z1-PaRecPR1925492_20260423_073257_000;0.4;5.0;153.0;noise;0.95;"""";"""";"""";"""";""""
Car640380-2026-Pass2-Z1-PaRecPR1925492_20260423_073257_000;0.4;3.6;14.0;piaf;0.98;"""";"""";"""";"""";""""
Car640380-2026-Pass2-Z1-PaRecPR1925492_20260423_073302_000;0.0;1.0;153.0;noise;0.98;"""";"""";"""";"""";""""
Car640380-2026-Pass2-Z1-PaRecPR1925492_20260423_073309_000;0.0;5.0;153.0;noise;0.9;"""";"""";"""";"""";""""
Car640380-2026-Pass2-Z1-PaRecPR1925492_20260423_073309_000;0.0;4.7;11.0;piaf;0.85;"""";"""";"""";"""";""""
Car640380-2026-Pass2-Z1-PaRecPR1925492_20260423_073314_000;0.0;0.6;153.0;noise;0.98;"""";"""";"""";"""";""""
Car640380-2026-Pass2-Z1-PaRecPR1925492_20260423_073314_000;0.4;0.5;14.0;Tetvir;0.03;Phogri, Pipkuh;"""";"""";"""";""""
Car640380-2026-Pass2-Z1-PaRecPR1925492_20260423_073317_000;0.1;3.1;152.0;noise;0.93;"""";"""";"""";"""";""""
Car640380-2026-Pass2-Z1-PaRecPR1925492_20260423_073317_000;1.4;1.7;16.0;piaf;0.08;Tetvir;"""";"""";"""";""""
Car640380-2026-Pass2-Z1-PaRecPR1925492_20260423_073324_000;0.4;2.0;153.0;noise;0.92;"""";"""";"""";"""";""""
Car640380-2026-Pass2-Z1-PaRecPR1925492_20260423_073324_000;0.2;2.1;7.0;piaf;0.99;"""";"""";"""";"""";""""
Car640380-2026-Pass2-Z1-PaRecPR1925492_20260423_073328_000;0.2;4.4;154.0;noise;0.93;"""";"""";"""";"""";""""
Car640380-2026-Pass2-Z1-PaRecPR1925492_20260423_073328_000;2.3;2.5;14.0;piaf;0.99;"""";"""";"""";"""";""""
Car640380-2026-Pass2-Z1-PaRecPR1925492_20260423_073336_000;0.1;4.0;153.0;noise;0.91;"""";"""";"""";"""";""""
Car640380-2026-Pass2-Z1-PaRecPR1925492_20260423_073336_000;0.0;2.6;16.0;piaf;0.07;"""";"""";"""";"""";""""
Car640380-2026-Pass2-Z1-PaRecPR1925492_20260423_073349_000;0.4;2.1;154.0;noise;0.93;"""";"""";"""";"""";""""
Car640380-2026-Pass2-Z1-PaRecPR1925492_20260423_073349_000;0.3;1.4;8.0;piaf;0.99;"""";"""";"""";"""";""""
Car640380-2026-Pass2-Z1-PaRecPR1925492_20260423_073351_000;0.2;2.1;153.0;noise;0.97;"""";"""";"""";"""";""""
Car640380-2026-Pass2-Z1-PaRecPR1925492_20260423_073351_000;0.3;0.9;7.0;piaf;0.99;"""";"""";"""";"""";""""
Car640380-2026-Pass2-Z1-PaRecPR1925492_20260423_073354_000;3.6;4.3;91.0;noise;0.64;"""";"""";"""";"""";""""
Car640380-2026-Pass2-Z1-PaRecPR1925492_20260423_073354_000;0.3;4.3;8.0;piaf;0.98;"""";"""";"""";"""";""""
Car640380-2026-Pass2-Z1-PaRecPR1925492_20260423_073354_000;0.4;4.3;153.0;Rhihip;0.09;"""";"""";"""";"""";""""
Car640380-2026-Pass2-Z1-PaRecPR1925492_20260423_073358_000;0.3;3.8;153.0;noise;0.96;"""";"""";"""";"""";""""
Car640380-2026-Pass2-Z1-PaRecPR1925492_20260423_073358_000;0.1;0.2;22.0;piaf;0.93;"""";"""";"""";"""";""""
Car640380-2026-Pass2-Z1-PaRecPR1925492_20260423_073411_000;0.4;2.6;153.0;noise;0.75;"""";"""";"""";"""";""""
Car640380-2026-Pass2-Z1-PaRecPR1925492_20260423_073417_000;0.3;3.0;154.0;noise;0.82;"""";"""";"""";"""";""""
Car640380-2026-Pass2-Z1-PaRecPR1925492_20260423_073417_000;0.6;0.9;16.0;piaf;0.26;"""";"""";"""";"""";""""
Car640380-2026-Pass2-Z1-PaRecPR1925492_20260423_073421_000;0.4;3.3;153.0;noise;0.82;"""";"""";"""";"""";""""
Car640380-2026-Pass2-Z1-PaRecPR1925492_20260423_073421_000;0.4;3.2;9.0;piaf;0.94;"""";"""";"""";"""";""""
Car640380-2026-Pass2-Z1-PaRecPR1925492_20260423_073429_000;0.3;2.4;153.0;noise;0.98;"""";"""";"""";"""";""""
Car640380-2026-Pass2-Z1-PaRecPR1925492_20260423_073435_000;0.4;4.0;153.0;noise;0.92;"""";"""";"""";"""";""""
Car640380-2026-Pass2-Z1-PaRecPR1925492_20260423_073435_000;1.3;1.4;19.0;Tetvir;0.03;Pippip, Phogri;"""";"""";"""";""""
Car640380-2026-Pass2-Z1-PaRecPR1925492_20260423_073441_000;0.0;2.8;21.0;noise;0.88;"""";"""";"""";"""";""""
Car640380-2026-Pass2-Z1-PaRecPR1925492_20260423_073441_000;0.1;2.8;18.0;Tetvir;0.02;Pippip, Phogri, Phanan, Yposp, Yerray, Yerbey, Vesmur, Urosp, Tyllil, Thycor, Tetpyg, Tetarg, Testes, Tadten, Sepsep, Rusnit, Roeroe, Rhihip, Rhifer, Rhieur, Rhasp, Ratnor, Plemac, Pleaus, Pleaur, Plasab, Plaint, Plafal, Plaalb, Plaaff, Pippyg, Pipnat, Pipkuh, piaf, Phofem, Phafal, Nycnoc, Nyclei, Nyclas, Myonat, Myomys, MyoGT, Myoema, Myodau, Myogla, Myocap, Myobec, Myoalc, Mussp, Minsch, Mimasp, Micagr, Metbra, mamm, Leppun, Lepbos, Lepalb, Lamsp., Isopyr, Inssp8, Inssp7, Inssp5, Insp12, Insp11, Insp10, Hypsav, gril, Eupsp, Eptser, Eptnil, Epheph, Decalb, Cyrscu, Cympud, criq, Confus, Tetarg, Barfis, Barbar, Antsp, amph;"""";"""";"""";""""
Car640380-2026-Pass2-Z1-PaRecPR1925492_20260423_073444_000;0.0;2.9;153.0;noise;0.89;"""";"""";"""";"""";""""
Car640380-2026-Pass2-Z1-PaRecPR1925492_20260423_073444_000;0.0;2.4;8.0;piaf;0.98;"""";"""";"""";"""";""""
Car640380-2026-Pass2-Z1-PaRecPR1925492_20260423_073451_000;0.4;2.6;154.0;noise;0.93;"""";"""";"""";"""";""""
Car640380-2026-Pass2-Z1-PaRecPR1925492_20260423_073451_000;0.1;0.7;17.0;piaf;0.97;"""";"""";"""";"""";""""
Car640380-2026-Pass2-Z1-PaRecPR1925492_20260423_073455_000;0.4;3.0;153.0;noise;0.96;"""";"""";"""";"""";""""
Car640380-2026-Pass2-Z1-PaRecPR1925492_20260423_073500_000;0.2;3.7;153.0;noise;0.88;"""";"""";"""";"""";""""
Car640380-2026-Pass2-Z1-PaRecPR1925492_20260423_073500_000;0.1;3.6;9.0;piaf;0.88;"""";"""";"""";"""";""""
Car640380-2026-Pass2-Z1-PaRecPR1925492_20260423_073504_000;1.1;3.4;149.0;noise;0.75;"""";"""";"""";"""";""""
Car640380-2026-Pass2-Z1-PaRecPR1925492_20260423_073504_000;0.4;3.9;8.0;piaf;0.99;"""";"""";"""";"""";""""
Car640380-2026-Pass2-Z1-PaRecPR1925492_20260423_073504_000;0.4;4.1;154.0;Rhihip;0.08;"""";"""";"""";"""";""""
Car640380-2026-Pass2-Z1-PaRecPR1925492_20260423_073512_000;0.0;2.6;153.0;noise;0.89;"""";"""";"""";"""";""""
Car640380-2026-Pass2-Z1-PaRecPR1925492_20260423_073515_000;0.0;4.9;154.0;noise;0.86;"""";"""";"""";"""";""""
Car640380-2026-Pass2-Z1-PaRecPR1925492_20260423_073515_000;0.0;3.6;15.0;piaf;0.87;"""";"""";"""";"""";""""
Car640380-2026-Pass2-Z1-PaRecPR1925492_20260423_073515_000;0.1;0.2;16.0;Urosp;0.03;Tetvir, Eupsp, Epheph;"""";"""";"""";""""
Car640380-2026-Pass2-Z1-PaRecPR1925492_20260423_073521_000;0.4;4.0;153.0;noise;0.86;"""";"""";"""";"""";""""
Car640380-2026-Pass2-Z1-PaRecPR1925492_20260423_073521_000;0.0;3.9;9.0;piaf;0.99;"""";"""";"""";"""";""""
Car640380-2026-Pass2-Z1-PaRecPR1925492_20260423_073527_000;0.3;5.0;153.0;noise;0.79;"""";"""";"""";"""";""""
Car640380-2026-Pass2-Z1-PaRecPR1925492_20260423_073527_000;0.0;4.5;9.0;piaf;0.97;"""";"""";"""";"""";""""
Car640380-2026-Pass2-Z1-PaRecPR1925492_20260423_073532_000;0.0;1.4;153.0;noise;0.96;"""";"""";"""";"""";""""
Car640380-2026-Pass2-Z1-PaRecPR1925492_20260423_073532_000;0.1;1.4;13.0;piaf;0.99;"""";"""";"""";"""";""""
Car640380-2026-Pass2-Z1-PaRecPR1925492_20260423_073534_000;0.0;5.0;153.0;noise;0.93;"""";"""";"""";"""";""""
Car640380-2026-Pass2-Z1-PaRecPR1925492_20260423_073534_000;0.3;4.2;9.0;piaf;0.99;"""";"""";"""";"""";""""
Car640380-2026-Pass2-Z1-PaRecPR1925492_20260423_073539_000;0.5;1.0;15.0;Epheph;0.07;"""";"""";"""";"""";""""
Car640380-2026-Pass2-Z1-PaRecPR1925492_20260423_073539_000;0.0;1.0;15.0;noise;0.91;"""";"""";"""";"""";""""
Car640380-2026-Pass2-Z1-PaRecPR1925492_20260423_073540_000;0.0;3.0;153.0;noise;0.91;"""";"""";"""";"""";""""
Car640380-2026-Pass2-Z1-PaRecPR1925492_20260423_073540_000;0.1;1.6;14.0;piaf;0.96;"""";"""";"""";"""";""""
Car640380-2026-Pass2-Z1-PaRecPR1925492_20260423_073540_000;0.4;2.8;154.0;Rhifer;0.06;"""";"""";"""";"""";""""
Car640380-2026-Pass2-Z1-PaRecPR1925492_20260423_073544_000;0.2;5.0;153.0;noise;0.89;"""";"""";"""";"""";""""
Car640380-2026-Pass2-Z1-PaRecPR1925492_20260423_073544_000;0.4;5.0;21.0;piaf;0.99;"""";"""";"""";"""";""""
Car640380-2026-Pass2-Z1-PaRecPR1925492_20260423_073549_000;0.0;2.0;153.0;noise;0.93;"""";"""";"""";"""";""""
Car640380-2026-Pass2-Z1-PaRecPR1925492_20260423_073549_000;0.0;1.3;9.0;piaf;0.99;"""";"""";"""";"""";""""
Car640380-2026-Pass2-Z1-PaRecPR1925492_20260423_073552_000;0.2;5.0;153.0;noise;0.88;"""";"""";"""";"""";""""
Car640380-2026-Pass2-Z1-PaRecPR1925492_20260423_073552_000;2.1;2.2;13.0;Phogri;0.08;Eupsp;"""";"""";"""";""""
Car640380-2026-Pass2-Z1-PaRecPR1925492_20260423_073557_000;0.1;0.4;154.0;noise;0.98;"""";"""";"""";"""";""""
Car640380-2026-Pass2-Z1-PaRecPR1925492_20260423_073601_000;0.4;3.2;154.0;noise;0.86;"""";"""";"""";"""";""""
Car640380-2026-Pass2-Z1-PaRecPR1925492_20260423_073601_000;0.0;3.1;16.0;piaf;0.99;"""";"""";"""";"""";""""
Car640380-2026-Pass2-Z1-PaRecPR1925492_20260423_073606_000;0.0;4.0;153.0;noise;0.84;"""";"""";"""";"""";""""
Car640380-2026-Pass2-Z1-PaRecPR1925492_20260423_073613_000;0.4;2.5;153.0;noise;0.78;"""";"""";"""";"""";""""
Car640380-2026-Pass2-Z1-PaRecPR1925492_20260423_073613_000;0.1;2.1;10.0;piaf;0.99;"""";"""";"""";"""";""""
Car640380-2026-Pass2-Z1-PaRecPR1925492_20260423_073616_000;0.4;2.5;154.0;noise;0.91;"""";"""";"""";"""";""""
Car640380-2026-Pass2-Z1-PaRecPR1925492_20260423_073616_000;0.3;2.0;14.0;piaf;0.99;"""";"""";"""";"""";""""
Car640380-2026-Pass2-Z1-PaRecPR1925492_20260423_073619_000;0.4;2.9;153.0;noise;0.97;"""";"""";"""";"""";""""
Car640380-2026-Pass2-Z1-PaRecPR1925492_20260423_073624_000;0.4;5.0;153.0;noise;0.79;"""";"""";"""";"""";""""
Car640380-2026-Pass2-Z1-PaRecPR1925492_20260423_073624_000;0.3;3.7;16.0;piaf;0.99;"""";"""";"""";"""";""""
Car640380-2026-Pass2-Z1-PaRecPR1925492_20260423_073629_000;0.0;2.5;154.0;noise;0.89;"""";"""";"""";"""";""""
Car640380-2026-Pass2-Z1-PaRecPR1925492_20260423_073629_000;0.3;2.5;16.0;piaf;0.98;"""";"""";"""";"""";""""
Car640380-2026-Pass2-Z1-PaRecPR1925492_20260423_073635_000;0.4;2.4;153.0;noise;0.85;"""";"""";"""";"""";""""
Car640380-2026-Pass2-Z1-PaRecPR1925492_20260423_073635_000;0.3;1.1;8.0;piaf;0.96;"""";"""";"""";"""";""""
Car640380-2026-Pass2-Z1-PaRecPR1925492_20260423_073641_000;0.3;4.6;153.0;noise;0.85;"""";"""";"""";"""";""""
Car640380-2026-Pass2-Z1-PaRecPR1925492_20260423_073641_000;0.6;5.0;8.0;piaf;0.99;"""";"""";"""";"""";""""
Car640380-2026-Pass2-Z1-PaRecPR1925492_20260423_073648_000;0.4;5.0;153.0;noise;0.86;"""";"""";"""";"""";""""
Car640380-2026-Pass2-Z1-PaRecPR1925492_20260423_073648_000;0.3;5.0;8.0;piaf;0.94;"""";"""";"""";"""";""""
Car640380-2026-Pass2-Z1-PaRecPR1925492_20260423_073653_000;0.0;5.0;153.0;noise;0.93;"""";"""";"""";"""";""""
Car640380-2026-Pass2-Z1-PaRecPR1925492_20260423_073653_000;0.0;2.4;9.0;piaf;0.99;"""";"""";"""";"""";""""
Car640380-2026-Pass2-Z1-PaRecPR1925492_20260423_073658_000;0.0;0.5;154.0;noise;0.98;"""";"""";"""";"""";""""
Car640380-2026-Pass2-Z1-PaRecPR1925492_20260423_073702_000;0.4;2.6;154.0;noise;0.91;"""";"""";"""";"""";""""
Car640380-2026-Pass2-Z1-PaRecPR1925492_20260423_073702_000;0.0;2.2;9.0;piaf;0.99;"""";"""";"""";"""";""""
Car640380-2026-Pass2-Z1-PaRecPR1925492_20260423_073707_000;0.4;3.4;153.0;noise;0.84;"""";"""";"""";"""";""""
Car640380-2026-Pass2-Z1-PaRecPR1925492_20260423_073707_000;0.7;3.3;10.0;piaf;0.99;"""";"""";"""";"""";""""
Car640380-2026-Pass2-Z1-PaRecPR1925492_20260423_073713_000;0.4;2.9;154.0;noise;0.91;"""";"""";"""";"""";""""
Car640380-2026-Pass2-Z1-PaRecPR1925492_20260423_073713_000;0.0;2.4;9.0;piaf;0.99;"""";"""";"""";"""";""""
Car640380-2026-Pass2-Z1-PaRecPR1925492_20260423_073718_000;0.5;2.6;154.0;noise;0.94;"""";"""";"""";"""";""""
Car640380-2026-Pass2-Z1-PaRecPR1925492_20260423_073718_000;0.4;2.4;9.0;piaf;0.99;"""";"""";"""";"""";""""
Car640380-2026-Pass2-Z1-PaRecPR1925492_20260423_073725_000;0.4;4.1;154.0;noise;0.84;"""";"""";"""";"""";""""
Car640380-2026-Pass2-Z1-PaRecPR1925492_20260423_073725_000;0.0;2.3;19.0;piaf;0.91;"""";"""";"""";"""";""""
Car640380-2026-Pass2-Z1-PaRecPR1925492_20260423_073743_000;0.3;3.2;153.0;noise;0.9;"""";"""";"""";"""";""""
Car640380-2026-Pass2-Z1-PaRecPR1925492_20260423_073743_000;0.4;0.5;22.0;piaf;0.5;"""";"""";"""";"""";""""
Car640380-2026-Pass2-Z1-PaRecPR1925492_20260423_073748_000;0.0;2.0;153.0;noise;0.92;"""";"""";"""";"""";""""
Car640380-2026-Pass2-Z1-PaRecPR1925492_20260423_073748_000;0.0;1.3;17.0;Phanan;0.05;"""";"""";"""";"""";""""
Car640380-2026-Pass2-Z1-PaRecPR1925492_20260423_073748_000;0.2;1.0;18.0;piaf;0.15;"""";"""";"""";"""";""""
Car640380-2026-Pass2-Z1-PaRecPR1925492_20260423_073806_000;0.0;3.1;153.0;noise;0.86;"""";"""";"""";"""";""""
Car640380-2026-Pass2-Z1-PaRecPR1925492_20260423_073806_000;0.1;0.2;16.0;Phanan;0.05;"""";"""";"""";"""";""""
Car640380-2026-Pass2-Z1-PaRecPR1925492_20260423_073818_000;0.2;2.0;153.0;noise;0.83;"""";"""";"""";"""";""""
Car640380-2026-Pass2-Z1-PaRecPR1925492_20260423_073818_000;0.0;0.5;18.0;piaf;0.29;"""";"""";"""";"""";""""
Car640380-2026-Pass2-Z1-PaRecPR1925492_20260423_073824_000;0.4;3.8;153.0;noise;0.95;"""";"""";"""";"""";""""
Car640380-2026-Pass2-Z1-PaRecPR1925492_20260423_073824_000;0.9;1.8;19.0;piaf;0.99;"""";"""";"""";"""";""""
Car640380-2026-Pass2-Z1-PaRecPR1925492_20260423_073831_000;0.4;3.5;153.0;noise;0.89;"""";"""";"""";"""";""""
Car640380-2026-Pass2-Z1-PaRecPR1925492_20260423_073831_000;0.0;3.4;14.0;piaf;0.99;"""";"""";"""";"""";""""
Car640380-2026-Pass2-Z1-PaRecPR1925492_20260423_073941_000;0.4;4.5;153.0;noise;0.94;"""";"""";"""";"""";""""
Car640380-2026-Pass2-Z1-PaRecPR1925492_20260423_073954_000;0.0;2.1;154.0;noise;0.92;"""";"""";"""";"""";""""
Car640380-2026-Pass2-Z1-PaRecPR1925492_20260423_073954_000;2.0;2.1;18.0;piaf;0.98;"""";"""";"""";"""";""""
Car640380-2026-Pass2-Z1-PaRecPR1925492_20260423_073957_000;0.0;2.1;153.0;noise;0.89;"""";"""";"""";"""";""""
Car640380-2026-Pass2-Z1-PaRecPR1925492_20260423_073957_000;0.1;0.4;21.0;piaf;0.9;"""";"""";"""";"""";""""
Car640380-2026-Pass2-Z1-PaRecPR1925492_20260423_074006_000;0.4;2.4;154.0;noise;0.85;"""";"""";"""";"""";""""
Car640380-2026-Pass2-Z1-PaRecPR1925492_20260423_074006_000;0.0;2.1;9.0;piaf;0.99;"""";"""";"""";"""";""""
Car640380-2026-Pass2-Z1-PaRecPR1925492_20260423_074017_000;0.4;2.0;153.0;noise;0.98;"""";"""";"""";"""";""""
Car640380-2026-Pass2-Z1-PaRecPR1925492_20260423_074031_000;0.4;2.6;154.0;noise;0.96;"""";"""";"""";"""";""""
Car640380-2026-Pass2-Z1-PaRecPR1925492_20260423_074031_000;0.5;0.6;18.0;piaf;0.98;"""";"""";"""";"""";""""
Car640380-2026-Pass2-Z1-PaRecPR1925492_20260423_074040_000;0.2;2.6;153.0;noise;0.92;"""";"""";"""";"""";""""
Car640380-2026-Pass2-Z1-PaRecPR1925492_20260423_074045_000;0.4;2.5;154.0;noise;0.93;"""";"""";"""";"""";""""
Car640380-2026-Pass2-Z1-PaRecPR1925492_20260423_074045_000;0.6;0.7;15.0;piaf;0.91;"""";"""";"""";"""";""""
Car640380-2026-Pass2-Z1-PaRecPR1925492_20260423_074050_000;0.9;1.0;15.0;Eupsp;0.11;"""";"""";"""";"""";""""
Car640380-2026-Pass2-Z1-PaRecPR1925492_20260423_074050_000;0.4;4.0;153.0;noise;0.92;"""";"""";"""";"""";""""
Car640380-2026-Pass2-Z1-PaRecPR1925492_20260423_074050_000;0.9;1.0;14.0;piaf;0.05;"""";"""";"""";"""";""""
Car640380-2026-Pass2-Z1-PaRecPR1925492_20260423_074058_000;0.2;2.5;154.0;noise;0.97;"""";"""";"""";"""";""""
Car640380-2026-Pass2-Z1-PaRecPR1925492_20260423_074103_000;0.4;3.0;154.0;noise;0.94;"""";"""";"""";"""";""""
Car640380-2026-Pass2-Z1-PaRecPR1925492_20260423_074108_000;0.1;4.2;154.0;noise;0.91;"""";"""";"""";"""";""""
Car640380-2026-Pass2-Z1-PaRecPR1925492_20260423_074108_000;0.3;0.6;22.0;piaf;0.95;"""";"""";"""";"""";""""
Car640380-2026-Pass2-Z1-PaRecPR1925492_20260423_074113_000;0.3;2.0;15.0;piaf;0.35;"""";"""";"""";"""";""""
Car640380-2026-Pass2-Z1-PaRecPR1925492_20260423_074113_000;0.4;3.9;153.0;noise;0.48;"""";"""";"""";"""";""""
Car640380-2026-Pass2-Z1-PaRecPR1925492_20260423_074117_000;0.0;2.4;153.0;noise;0.81;"""";"""";"""";"""";""""
Car640380-2026-Pass2-Z1-PaRecPR1925492_20260423_074117_000;0.6;2.3;16.0;piaf;0.99;"""";"""";"""";"""";""""
Car640380-2026-Pass2-Z1-PaRecPR1925492_20260423_074120_000;0.1;2.5;153.0;noise;0.92;"""";"""";"""";"""";""""
Car640380-2026-Pass2-Z1-PaRecPR1925492_20260423_074127_000;0.3;2.5;154.0;noise;0.94;"""";"""";"""";"""";""""
Car640380-2026-Pass2-Z1-PaRecPR1925492_20260423_074133_000;0.4;2.7;154.0;noise;0.93;"""";"""";"""";"""";""""
Car640380-2026-Pass2-Z1-PaRecPR1925492_20260423_074138_000;0.2;2.6;153.0;noise;0.93;"""";"""";"""";"""";""""
Car640380-2026-Pass2-Z1-PaRecPR1925492_20260423_074138_000;0.4;2.5;153.0;Rhifer;0.68;"""";"""";"""";"""";""""
Car640380-2026-Pass2-Z1-PaRecPR1925492_20260423_074138_000;0.9;1.0;11.0;Tadten;0.05;"""";"""";"""";"""";""""
Car640380-2026-Pass2-Z1-PaRecPR1925492_20260423_074149_000;0.4;2.5;153.0;noise;0.97;"""";"""";"""";"""";""""
Car640380-2026-Pass2-Z1-PaRecPR1925492_20260423_074149_000;0.2;2.3;9.0;piaf;0.99;"""";"""";"""";"""";""""
Car640380-2026-Pass2-Z1-PaRecPR1925492_20260423_074155_000;0.4;2.7;154.0;noise;0.93;"""";"""";"""";"""";""""
Car640380-2026-Pass2-Z1-PaRecPR1925492_20260423_074155_000;0.1;2.7;77.0;piaf;0.71;"""";"""";"""";"""";""""
Car640380-2026-Pass2-Z1-PaRecPR1925492_20260423_074158_000;0.4;2.4;153.0;noise;0.88;"""";"""";"""";"""";""""
Car640380-2026-Pass2-Z1-PaRecPR1925492_20260423_074158_000;0.3;1.9;15.0;piaf;0.99;"""";"""";"""";"""";""""
Car640380-2026-Pass2-Z1-PaRecPR1925492_20260423_074301_000;0.1;2.5;153.0;noise;0.94;"""";"""";"""";"""";""""
Car640380-2026-Pass2-Z1-PaRecPR1925492_20260423_074313_000;0.1;2.5;153.0;noise;0.92;"""";"""";"""";"""";""""
Car640380-2026-Pass2-Z1-PaRecPR1925492_20260423_074313_000;0.0;0.2;16.0;piaf;0.52;"""";"""";"""";"""";""""
Car640380-2026-Pass2-Z1-PaRecPR1925492_20260423_074320_000;0.0;2.0;153.0;noise;0.94;"""";"""";"""";"""";""""
Car640380-2026-Pass2-Z1-PaRecPR1925492_20260423_074334_000;0.3;2.8;154.0;noise;0.89;"""";"""";"""";"""";""""
Car640380-2026-Pass2-Z1-PaRecPR1925492_20260423_074334_000;0.5;0.8;15.0;piaf;0.98;"""";"""";"""";"""";""""
Car640380-2026-Pass2-Z1-PaRecPR1925492_20260423_074344_000;0.3;2.0;153.0;noise;0.95;"""";"""";"""";"""";""""
Car640380-2026-Pass2-Z1-PaRecPR1925492_20260423_074344_000;0.1;0.9;18.0;piaf;0.9;"""";"""";"""";"""";""""
Car640380-2026-Pass2-Z1-PaRecPR1925492_20260423_074413_000;0.4;2.1;153.0;noise;0.95;"""";"""";"""";"""";""""
Car640380-2026-Pass2-Z1-PaRecPR1925492_20260423_074426_000;0.1;2.5;153.0;noise;0.89;"""";"""";"""";"""";""""
Car640380-2026-Pass2-Z1-PaRecPR1925492_20260423_074426_000;1.5;1.8;7.0;piaf;0.99;"""";"""";"""";"""";""""
Car640380-2026-Pass2-Z1-PaRecPR1925492_20260423_074431_000;0.0;3.5;153.0;noise;0.87;"""";"""";"""";"""";""""
Car640380-2026-Pass2-Z1-PaRecPR1925492_20260423_074438_000;0.1;3.1;154.0;noise;0.95;"""";"""";"""";"""";""""
Car640380-2026-Pass2-Z1-PaRecPR1925492_20260423_074444_000;0.4;3.0;153.0;noise;0.91;"""";"""";"""";"""";""""
Car640380-2026-Pass2-Z1-PaRecPR1925492_20260423_074444_000;0.4;0.5;24.0;piaf;0.46;"""";"""";"""";"""";""""
Car640380-2026-Pass2-Z1-PaRecPR1925492_20260423_074448_000;0.4;4.9;153.0;noise;0.89;"""";"""";"""";"""";""""
Car640380-2026-Pass2-Z1-PaRecPR1925492_20260423_074448_000;0.2;3.5;15.0;piaf;0.99;"""";"""";"""";"""";""""
Car640380-2026-Pass2-Z1-PaRecPR1925492_20260423_074453_000;0.1;0.4;153.0;noise;0.98;"""";"""";"""";"""";""""
Car640380-2026-Pass2-Z1-PaRecPR1925492_20260423_074455_000;0.4;3.4;153.0;noise;0.94;"""";"""";"""";"""";""""
Car640380-2026-Pass2-Z1-PaRecPR1925492_20260423_074504_000;0.4;3.1;153.0;noise;0.92;"""";"""";"""";"""";""""
Car640380-2026-Pass2-Z1-PaRecPR1925492_20260423_074504_000;0.4;1.1;18.0;piaf;0.99;"""";"""";"""";"""";""""
Car640380-2026-Pass2-Z1-PaRecPR1925492_20260423_074518_000;0.4;2.5;153.0;noise;0.98;"""";"""";"""";"""";""""
Car640380-2026-Pass2-Z1-PaRecPR1925492_20260423_074523_000;0.4;3.6;153.0;noise;0.91;"""";"""";"""";"""";""""
Car640380-2026-Pass2-Z1-PaRecPR1925492_20260423_074523_000;0.2;1.0;9.0;piaf;0.99;"""";"""";"""";"""";""""
Car640380-2026-Pass2-Z1-PaRecPR1925492_20260423_074531_000;0.4;3.4;153.0;noise;0.97;"""";"""";"""";"""";""""
Car640380-2026-Pass2-Z1-PaRecPR1925492_20260423_074531_000;0.2;1.5;8.0;piaf;0.99;"""";"""";"""";"""";""""
Car640380-2026-Pass2-Z1-PaRecPR1925492_20260423_074537_000;0.4;3.2;154.0;noise;0.94;"""";"""";"""";"""";""""
Car640380-2026-Pass2-Z1-PaRecPR1925492_20260423_074537_000;1.1;2.4;9.0;piaf;0.99;"""";"""";"""";"""";""""
Car640380-2026-Pass2-Z1-PaRecPR1925492_20260423_074542_000;0.4;2.5;153.0;noise;0.79;"""";"""";"""";"""";""""
Car640380-2026-Pass2-Z1-PaRecPR1925492_20260423_074542_000;1.0;2.0;42.0;piaf;0.95;"""";"""";"""";"""";""""
Car640380-2026-Pass2-Z1-PaRecPR1925492_20260423_074547_000;0.4;2.0;153.0;noise;0.96;"""";"""";"""";"""";""""
Car640380-2026-Pass2-Z1-PaRecPR1925492_20260423_074550_000;0.4;3.7;153.0;noise;0.9;"""";"""";"""";"""";""""
Car640380-2026-Pass2-Z1-PaRecPR1925492_20260423_074550_000;0.3;3.7;12.0;piaf;0.97;"""";"""";"""";"""";""""
Car640380-2026-Pass2-Z1-PaRecPR1925492_20260423_074559_000;0.4;4.2;153.0;noise;0.84;"""";"""";"""";"""";""""
Car640380-2026-Pass2-Z1-PaRecPR1925492_20260423_074604_000;0.4;2.5;153.0;noise;0.97;"""";"""";"""";"""";""""
Car640380-2026-Pass2-Z1-PaRecPR1925492_20260423_074609_000;0.4;5.0;154.0;noise;0.88;"""";"""";"""";"""";""""
Car640380-2026-Pass2-Z1-PaRecPR1925492_20260423_074609_000;0.0;4.2;11.0;piaf;0.99;"""";"""";"""";"""";""""
Car640380-2026-Pass2-Z1-PaRecPR1925492_20260423_074609_000;4.0;4.1;11.0;Eupsp;0.07;Urosp;"""";"""";"""";""""
Car640380-2026-Pass2-Z1-PaRecPR1925492_20260423_074614_000;0.0;3.7;154.0;noise;0.87;"""";"""";"""";"""";""""
Car640380-2026-Pass2-Z1-PaRecPR1925492_20260423_074614_000;0.1;3.8;9.0;piaf;0.9;"""";"""";"""";"""";""""
Car640380-2026-Pass2-Z1-PaRecPR1925492_20260423_074618_000;0.0;2.6;153.0;noise;0.95;"""";"""";"""";"""";""""
Car640380-2026-Pass2-Z1-PaRecPR1925492_20260423_074621_000;0.4;2.8;153.0;noise;0.92;"""";"""";"""";"""";""""
Car640380-2026-Pass2-Z1-PaRecPR1925492_20260423_074624_000;0.0;2.4;154.0;noise;0.96;"""";"""";"""";"""";""""
Car640380-2026-Pass2-Z1-PaRecPR1925492_20260423_074624_000;0.1;2.3;9.0;piaf;0.99;"""";"""";"""";"""";""""
Car640380-2026-Pass2-Z1-PaRecPR1925492_20260423_074632_000;0.2;2.3;153.0;noise;0.85;"""";"""";"""";"""";""""
Car640380-2026-Pass2-Z1-PaRecPR1925492_20260423_074632_000;0.3;2.0;22.0;piaf;0.95;"""";"""";"""";"""";""""
Car640380-2026-Pass2-Z1-PaRecPR1925492_20260423_074644_000;0.4;2.5;154.0;noise;0.96;"""";"""";"""";"""";""""
Car640380-2026-Pass2-Z1-PaRecPR1925492_20260423_074652_000;0.3;2.5;153.0;noise;0.85;"""";"""";"""";"""";""""
Car640380-2026-Pass2-Z1-PaRecPR1925492_20260423_074652_000;0.3;0.7;14.0;piaf;0.98;"""";"""";"""";"""";""""
Car640380-2026-Pass2-Z1-PaRecPR1925492_20260423_074657_000;0.3;0.5;16.0;piaf;0.99;"""";"""";"""";"""";""""
Car640380-2026-Pass2-Z1-PaRecPR1925492_20260423_074657_000;0.1;2.5;153.0;noise;0.39;"""";"""";"""";"""";""""
Car640380-2026-Pass2-Z1-PaRecPR1925492_20260423_074721_000;0.5;2.6;153.0;noise;0.92;"""";"""";"""";"""";""""
Car640380-2026-Pass2-Z1-PaRecPR1925492_20260423_074721_000;0.3;1.5;7.0;piaf;0.97;"""";"""";"""";"""";""""
Car640380-2026-Pass2-Z1-PaRecPR1925492_20260423_074724_000;0.1;2.0;153.0;noise;0.96;"""";"""";"""";"""";""""
Car640380-2026-Pass2-Z1-PaRecPR1925492_20260423_074746_000;0.3;2.7;154.0;noise;0.9;"""";"""";"""";"""";""""
Car640380-2026-Pass2-Z1-PaRecPR1925492_20260423_074746_000;0.3;0.8;16.0;piaf;0.99;"""";"""";"""";"""";""""
Car640380-2026-Pass2-Z1-PaRecPR1925492_20260423_074751_000;0.4;2.1;154.0;noise;0.96;"""";"""";"""";"""";""""

